<annotation><folder>images</folder><filename>Cisto515.jpg</filename><path>images/Cisto515.jpg</path><source><database>darwin</database></source><size><width>640</width><height>480</height><depth>3</depth></size><segmented>0</segmented><object><name>N&#227;o Cisto</name><pose>Unspecified</pose><truncated>0</truncated><difficult>0</difficult><bndbox><xmin>171</xmin><ymin>20</ymin><xmax>222</xmax><ymax>62</ymax></bndbox></object><object><name>Cisto Vi&#225;vel</name><pose>Unspecified</pose><truncated>0</truncated><difficult>0</difficult><bndbox><xmin>209</xmin><ymin>173</ymin><xmax>277</xmax><ymax>250</ymax></bndbox></object></annotation>