<annotation><folder>images</folder><filename>Cisto847.jpg</filename><path>images/Cisto847.jpg</path><source><database>darwin</database></source><size><width>640</width><height>480</height><depth>3</depth></size><segmented>0</segmented><object><name>N&#227;o Cisto</name><pose>Unspecified</pose><truncated>0</truncated><difficult>0</difficult><bndbox><xmin>13</xmin><ymin>79</ymin><xmax>175</xmax><ymax>179</ymax></bndbox></object><object><name>Cisto Vi&#225;vel</name><pose>Unspecified</pose><truncated>0</truncated><difficult>0</difficult><bndbox><xmin>366</xmin><ymin>76</ymin><xmax>437</xmax><ymax>136</ymax></bndbox></object></annotation>