<annotation><folder>images</folder><filename>Cisto887.jpg</filename><path>images/Cisto887.jpg</path><source><database>darwin</database></source><size><width>640</width><height>480</height><depth>3</depth></size><segmented>0</segmented><object><name>Cisto Invi&#225;vel</name><pose>Unspecified</pose><truncated>0</truncated><difficult>0</difficult><bndbox><xmin>208</xmin><ymin>109</ymin><xmax>260</xmax><ymax>146</ymax></bndbox></object><object><name>N&#227;o Cisto</name><pose>Unspecified</pose><truncated>0</truncated><difficult>0</difficult><bndbox><xmin>87</xmin><ymin>374</ymin><xmax>167</xmax><ymax>455</ymax></bndbox></object></annotation>