<annotation><folder>images</folder><filename>Cisto680.jpg</filename><path>images/Cisto680.jpg</path><source><database>darwin</database></source><size><width>640</width><height>480</height><depth>3</depth></size><segmented>0</segmented><object><name>Cisto Invi&#225;vel</name><pose>Unspecified</pose><truncated>0</truncated><difficult>0</difficult><bndbox><xmin>364</xmin><ymin>196</ymin><xmax>411</xmax><ymax>238</ymax></bndbox></object><object><name>Cisto Invi&#225;vel</name><pose>Unspecified</pose><truncated>0</truncated><difficult>0</difficult><bndbox><xmin>424</xmin><ymin>133</ymin><xmax>464</xmax><ymax>177</ymax></bndbox></object><object><name>Cisto Invi&#225;vel</name><pose>Unspecified</pose><truncated>0</truncated><difficult>0</difficult><bndbox><xmin>494</xmin><ymin>51</ymin><xmax>539</xmax><ymax>82</ymax></bndbox></object><object><name>Cisto Invi&#225;vel</name><pose>Unspecified</pose><truncated>0</truncated><difficult>0</difficult><bndbox><xmin>207</xmin><ymin>144</ymin><xmax>243</xmax><ymax>184</ymax></bndbox></object><object><name>N&#227;o Cisto</name><pose>Unspecified</pose><truncated>0</truncated><difficult>0</difficult><bndbox><xmin>522</xmin><ymin>86</ymin><xmax>599</xmax><ymax>123</ymax></bndbox></object></annotation>