<annotation><folder>images</folder><filename>Cisto526.jpg</filename><path>images/Cisto526.jpg</path><source><database>darwin</database></source><size><width>640</width><height>480</height><depth>3</depth></size><segmented>0</segmented><object><name>Cisto Vi&#225;vel</name><pose>Unspecified</pose><truncated>0</truncated><difficult>0</difficult><bndbox><xmin>399</xmin><ymin>320</ymin><xmax>444</xmax><ymax>367</ymax></bndbox></object><object><name>N&#227;o Cisto</name><pose>Unspecified</pose><truncated>0</truncated><difficult>0</difficult><bndbox><xmin>45</xmin><ymin>419</ymin><xmax>127</xmax><ymax>472</ymax></bndbox></object></annotation>