<annotation><folder>images</folder><filename>Cisto889.jpg</filename><path>images/Cisto889.jpg</path><source><database>darwin</database></source><size><width>640</width><height>480</height><depth>3</depth></size><segmented>0</segmented><object><name>N&#227;o Cisto</name><pose>Unspecified</pose><truncated>0</truncated><difficult>0</difficult><bndbox><xmin>452</xmin><ymin>189</ymin><xmax>529</xmax><ymax>279</ymax></bndbox></object><object><name>Cisto Vi&#225;vel</name><pose>Unspecified</pose><truncated>0</truncated><difficult>0</difficult><bndbox><xmin>112</xmin><ymin>149</ymin><xmax>144</xmax><ymax>177</ymax></bndbox></object></annotation>