<annotation><folder>images</folder><filename>Cisto901.jpg</filename><path>images/Cisto901.jpg</path><source><database>darwin</database></source><size><width>640</width><height>480</height><depth>3</depth></size><segmented>0</segmented><object><name>Cisto Invi&#225;vel</name><pose>Unspecified</pose><truncated>0</truncated><difficult>0</difficult><bndbox><xmin>76</xmin><ymin>58</ymin><xmax>139</xmax><ymax>107</ymax></bndbox></object><object><name>N&#227;o Cisto</name><pose>Unspecified</pose><truncated>0</truncated><difficult>0</difficult><bndbox><xmin>361</xmin><ymin>314</ymin><xmax>417</xmax><ymax>406</ymax></bndbox></object></annotation>