<annotation><folder>images</folder><filename>Cisto827.jpg</filename><path>images/Cisto827.jpg</path><source><database>darwin</database></source><size><width>640</width><height>480</height><depth>3</depth></size><segmented>0</segmented><object><name>N&#227;o Cisto</name><pose>Unspecified</pose><truncated>0</truncated><difficult>0</difficult><bndbox><xmin>397</xmin><ymin>215</ymin><xmax>489</xmax><ymax>281</ymax></bndbox></object><object><name>Cisto Invi&#225;vel</name><pose>Unspecified</pose><truncated>0</truncated><difficult>0</difficult><bndbox><xmin>150</xmin><ymin>161</ymin><xmax>193</xmax><ymax>200</ymax></bndbox></object></annotation>