<annotation><folder>images</folder><filename>Cisto1057.jpg</filename><path>images/Cisto1057.jpg</path><source><database>darwin</database></source><size><width>640</width><height>480</height><depth>3</depth></size><segmented>0</segmented><object><name>Cisto Invi&#225;vel</name><pose>Unspecified</pose><truncated>0</truncated><difficult>0</difficult><bndbox><xmin>503</xmin><ymin>244</ymin><xmax>550</xmax><ymax>279</ymax></bndbox></object><object><name>Cisto Vi&#225;vel</name><pose>Unspecified</pose><truncated>0</truncated><difficult>0</difficult><bndbox><xmin>304</xmin><ymin>20</ymin><xmax>341</xmax><ymax>51</ymax></bndbox></object></annotation>