<annotation><folder>images</folder><filename>Cisto1059.jpg</filename><path>images/Cisto1059.jpg</path><source><database>darwin</database></source><size><width>640</width><height>480</height><depth>3</depth></size><segmented>0</segmented><object><name>Cisto Invi&#225;vel</name><pose>Unspecified</pose><truncated>0</truncated><difficult>0</difficult><bndbox><xmin>495</xmin><ymin>259</ymin><xmax>546</xmax><ymax>299</ymax></bndbox></object><object><name>Cisto Invi&#225;vel</name><pose>Unspecified</pose><truncated>0</truncated><difficult>0</difficult><bndbox><xmin>587</xmin><ymin>258</ymin><xmax>623</xmax><ymax>296</ymax></bndbox></object></annotation>