<annotation><folder>images</folder><filename>Cisto873.jpg</filename><path>images/Cisto873.jpg</path><source><database>darwin</database></source><size><width>640</width><height>480</height><depth>3</depth></size><segmented>0</segmented><object><name>N&#227;o Cisto</name><pose>Unspecified</pose><truncated>0</truncated><difficult>0</difficult><bndbox><xmin>311</xmin><ymin>51</ymin><xmax>400</xmax><ymax>140</ymax></bndbox></object><object><name>Cisto Vi&#225;vel</name><pose>Unspecified</pose><truncated>0</truncated><difficult>0</difficult><bndbox><xmin>195</xmin><ymin>215</ymin><xmax>233</xmax><ymax>251</ymax></bndbox></object></annotation>