<annotation><folder>images</folder><filename>Cisto877.jpg</filename><path>images/Cisto877.jpg</path><source><database>darwin</database></source><size><width>640</width><height>480</height><depth>3</depth></size><segmented>0</segmented><object><name>N&#227;o Cisto</name><pose>Unspecified</pose><truncated>0</truncated><difficult>0</difficult><bndbox><xmin>60</xmin><ymin>384</ymin><xmax>135</xmax><ymax>429</ymax></bndbox></object><object><name>Cisto Invi&#225;vel</name><pose>Unspecified</pose><truncated>0</truncated><difficult>0</difficult><bndbox><xmin>301</xmin><ymin>146</ymin><xmax>351</xmax><ymax>186</ymax></bndbox></object></annotation>