<annotation><folder>images</folder><filename>Cisto916.jpg</filename><path>images/Cisto916.jpg</path><source><database>darwin</database></source><size><width>640</width><height>480</height><depth>3</depth></size><segmented>0</segmented><object><name>N&#227;o Cisto</name><pose>Unspecified</pose><truncated>0</truncated><difficult>0</difficult><bndbox><xmin>180</xmin><ymin>19</ymin><xmax>294</xmax><ymax>90</ymax></bndbox></object><object><name>Cisto Vi&#225;vel</name><pose>Unspecified</pose><truncated>0</truncated><difficult>0</difficult><bndbox><xmin>114</xmin><ymin>262</ymin><xmax>167</xmax><ymax>302</ymax></bndbox></object></annotation>