<annotation><folder>images</folder><filename>Cisto994.jpg</filename><path>images/Cisto994.jpg</path><source><database>darwin</database></source><size><width>640</width><height>480</height><depth>3</depth></size><segmented>0</segmented><object><name>N&#227;o Cisto</name><pose>Unspecified</pose><truncated>0</truncated><difficult>0</difficult><bndbox><xmin>348</xmin><ymin>198</ymin><xmax>432</xmax><ymax>259</ymax></bndbox></object><object><name>Cisto Invi&#225;vel</name><pose>Unspecified</pose><truncated>0</truncated><difficult>0</difficult><bndbox><xmin>142</xmin><ymin>264</ymin><xmax>179</xmax><ymax>305</ymax></bndbox></object><object><name>Cisto Vi&#225;vel</name><pose>Unspecified</pose><truncated>0</truncated><difficult>0</difficult><bndbox><xmin>176</xmin><ymin>253</ymin><xmax>212</xmax><ymax>284</ymax></bndbox></object></annotation>