<annotation><folder>images</folder><filename>Cisto780.jpg</filename><path>images/Cisto780.jpg</path><source><database>darwin</database></source><size><width>640</width><height>480</height><depth>3</depth></size><segmented>0</segmented><object><name>Cisto Vi&#225;vel</name><pose>Unspecified</pose><truncated>0</truncated><difficult>0</difficult><bndbox><xmin>32</xmin><ymin>167</ymin><xmax>85</xmax><ymax>216</ymax></bndbox></object><object><name>N&#227;o Cisto</name><pose>Unspecified</pose><truncated>0</truncated><difficult>0</difficult><bndbox><xmin>562</xmin><ymin>232</ymin><xmax>624</xmax><ymax>306</ymax></bndbox></object></annotation>