<annotation><folder>images</folder><filename>Cisto770.jpg</filename><path>images/Cisto770.jpg</path><source><database>darwin</database></source><size><width>640</width><height>480</height><depth>3</depth></size><segmented>0</segmented><object><name>N&#227;o Cisto</name><pose>Unspecified</pose><truncated>0</truncated><difficult>0</difficult><bndbox><xmin>114</xmin><ymin>14</ymin><xmax>161</xmax><ymax>54</ymax></bndbox></object><object><name>Cisto Vi&#225;vel</name><pose>Unspecified</pose><truncated>0</truncated><difficult>0</difficult><bndbox><xmin>381</xmin><ymin>140</ymin><xmax>429</xmax><ymax>176</ymax></bndbox></object></annotation>