<annotation><folder>images</folder><filename>Cisto524.jpg</filename><path>images/Cisto524.jpg</path><source><database>darwin</database></source><size><width>640</width><height>480</height><depth>3</depth></size><segmented>0</segmented><object><name>Cisto Invi&#225;vel</name><pose>Unspecified</pose><truncated>0</truncated><difficult>0</difficult><bndbox><xmin>289</xmin><ymin>269</ymin><xmax>345</xmax><ymax>329</ymax></bndbox></object><object><name>N&#227;o Cisto</name><pose>Unspecified</pose><truncated>0</truncated><difficult>0</difficult><bndbox><xmin>470</xmin><ymin>355</ymin><xmax>513</xmax><ymax>399</ymax></bndbox></object></annotation>