<annotation><folder>images</folder><filename>Cisto323.jpg</filename><path>images/Cisto323.jpg</path><source><database>darwin</database></source><size><width>640</width><height>480</height><depth>3</depth></size><segmented>0</segmented><object><name>Cisto Vi&#225;vel</name><pose>Unspecified</pose><truncated>0</truncated><difficult>0</difficult><bndbox><xmin>167</xmin><ymin>152</ymin><xmax>194</xmax><ymax>181</ymax></bndbox></object><object><name>Cisto Vi&#225;vel</name><pose>Unspecified</pose><truncated>0</truncated><difficult>0</difficult><bndbox><xmin>180</xmin><ymin>174</ymin><xmax>223</xmax><ymax>221</ymax></bndbox></object><object><name>Cisto Vi&#225;vel</name><pose>Unspecified</pose><truncated>0</truncated><difficult>0</difficult><bndbox><xmin>171</xmin><ymin>251</ymin><xmax>216</xmax><ymax>299</ymax></bndbox></object><object><name>Cisto Vi&#225;vel</name><pose>Unspecified</pose><truncated>0</truncated><difficult>0</difficult><bndbox><xmin>107</xmin><ymin>288</ymin><xmax>152</xmax><ymax>348</ymax></bndbox></object><object><name>Cisto Vi&#225;vel</name><pose>Unspecified</pose><truncated>0</truncated><difficult>0</difficult><bndbox><xmin>130</xmin><ymin>362</ymin><xmax>161</xmax><ymax>412</ymax></bndbox></object><object><name>Cisto Vi&#225;vel</name><pose>Unspecified</pose><truncated>0</truncated><difficult>0</difficult><bndbox><xmin>103</xmin><ymin>232</ymin><xmax>141</xmax><ymax>272</ymax></bndbox></object><object><name>Cisto Vi&#225;vel</name><pose>Unspecified</pose><truncated>0</truncated><difficult>0</difficult><bndbox><xmin>206</xmin><ymin>306</ymin><xmax>256</xmax><ymax>362</ymax></bndbox></object><object><name>Cisto Vi&#225;vel</name><pose>Unspecified</pose><truncated>0</truncated><difficult>0</difficult><bndbox><xmin>44</xmin><ymin>355</ymin><xmax>103</xmax><ymax>393</ymax></bndbox></object><object><name>Cisto Vi&#225;vel</name><pose>Unspecified</pose><truncated>0</truncated><difficult>0</difficult><bndbox><xmin>48</xmin><ymin>62</ymin><xmax>84</xmax><ymax>111</ymax></bndbox></object><object><name>Cisto Invi&#225;vel</name><pose>Unspecified</pose><truncated>0</truncated><difficult>0</difficult><bndbox><xmin>239</xmin><ymin>272</ymin><xmax>280</xmax><ymax>317</ymax></bndbox></object><object><name>Cisto Invi&#225;vel</name><pose>Unspecified</pose><truncated>0</truncated><difficult>0</difficult><bndbox><xmin>186</xmin><ymin>225</ymin><xmax>217</xmax><ymax>257</ymax></bndbox></object><object><name>Cisto Invi&#225;vel</name><pose>Unspecified</pose><truncated>0</truncated><difficult>0</difficult><bndbox><xmin>136</xmin><ymin>268</ymin><xmax>175</xmax><ymax>325</ymax></bndbox></object><object><name>Cisto Invi&#225;vel</name><pose>Unspecified</pose><truncated>0</truncated><difficult>0</difficult><bndbox><xmin>4</xmin><ymin>325</ymin><xmax>63</xmax><ymax>380</ymax></bndbox></object><object><name>Cisto Invi&#225;vel</name><pose>Unspecified</pose><truncated>0</truncated><difficult>0</difficult><bndbox><xmin>390</xmin><ymin>178</ymin><xmax>458</xmax><ymax>253</ymax></bndbox></object><object><name>N&#227;o Cisto</name><pose>Unspecified</pose><truncated>0</truncated><difficult>0</difficult><bndbox><xmin>66</xmin><ymin>15</ymin><xmax>128</xmax><ymax>64</ymax></bndbox></object><object><name>N&#227;o Cisto</name><pose>Unspecified</pose><truncated>0</truncated><difficult>0</difficult><bndbox><xmin>135</xmin><ymin>33</ymin><xmax>184</xmax><ymax>76</ymax></bndbox></object><object><name>N&#227;o Cisto</name><pose>Unspecified</pose><truncated>0</truncated><difficult>0</difficult><bndbox><xmin>246</xmin><ymin>19</ymin><xmax>284</xmax><ymax>63</ymax></bndbox></object><object><name>N&#227;o Cisto</name><pose>Unspecified</pose><truncated>0</truncated><difficult>0</difficult><bndbox><xmin>177</xmin><ymin>52</ymin><xmax>201</xmax><ymax>82</ymax></bndbox></object><object><name>N&#227;o Cisto</name><pose>Unspecified</pose><truncated>0</truncated><difficult>0</difficult><bndbox><xmin>219</xmin><ymin>88</ymin><xmax>326</xmax><ymax>132</ymax></bndbox></object><object><name>N&#227;o Cisto</name><pose>Unspecified</pose><truncated>0</truncated><difficult>0</difficult><bndbox><xmin>222</xmin><ymin>145</ymin><xmax>332</xmax><ymax>187</ymax></bndbox></object><object><name>N&#227;o Cisto</name><pose>Unspecified</pose><truncated>0</truncated><difficult>0</difficult><bndbox><xmin>14</xmin><ymin>38</ymin><xmax>67</xmax><ymax>66</ymax></bndbox></object><object><name>N&#227;o Cisto</name><pose>Unspecified</pose><truncated>0</truncated><difficult>0</difficult><bndbox><xmin>12</xmin><ymin>105</ymin><xmax>45</xmax><ymax>139</ymax></bndbox></object><object><name>N&#227;o Cisto</name><pose>Unspecified</pose><truncated>0</truncated><difficult>0</difficult><bndbox><xmin>9</xmin><ymin>136</ymin><xmax>98</xmax><ymax>210</ymax></bndbox></object><object><name>N&#227;o Cisto</name><pose>Unspecified</pose><truncated>0</truncated><difficult>0</difficult><bndbox><xmin>54</xmin><ymin>208</ymin><xmax>95</xmax><ymax>237</ymax></bndbox></object><object><name>N&#227;o Cisto</name><pose>Unspecified</pose><truncated>0</truncated><difficult>0</difficult><bndbox><xmin>43</xmin><ymin>422</ymin><xmax>150</xmax><ymax>478</ymax></bndbox></object><object><name>N&#227;o Cisto</name><pose>Unspecified</pose><truncated>0</truncated><difficult>0</difficult><bndbox><xmin>190</xmin><ymin>356</ymin><xmax>223</xmax><ymax>375</ymax></bndbox></object><object><name>N&#227;o Cisto</name><pose>Unspecified</pose><truncated>0</truncated><difficult>0</difficult><bndbox><xmin>161</xmin><ymin>340</ymin><xmax>185</xmax><ymax>370</ymax></bndbox></object><object><name>N&#227;o Cisto</name><pose>Unspecified</pose><truncated>0</truncated><difficult>0</difficult><bndbox><xmin>227</xmin><ymin>364</ymin><xmax>268</xmax><ymax>396</ymax></bndbox></object><object><name>Cisto Vi&#225;vel</name><pose>Unspecified</pose><truncated>0</truncated><difficult>0</difficult><bndbox><xmin>536</xmin><ymin>167</ymin><xmax>574</xmax><ymax>208</ymax></bndbox></object><object><name>Cisto Vi&#225;vel</name><pose>Unspecified</pose><truncated>0</truncated><difficult>0</difficult><bndbox><xmin>518</xmin><ymin>187</ymin><xmax>553</xmax><ymax>223</ymax></bndbox></object><object><name>N&#227;o Cisto</name><pose>Unspecified</pose><truncated>0</truncated><difficult>0</difficult><bndbox><xmin>452</xmin><ymin>365</ymin><xmax>502</xmax><ymax>426</ymax></bndbox></object><object><name>N&#227;o Cisto</name><pose>Unspecified</pose><truncated>0</truncated><difficult>0</difficult><bndbox><xmin>525</xmin><ymin>325</ymin><xmax>583</xmax><ymax>379</ymax></bndbox></object><object><name>N&#227;o Cisto</name><pose>Unspecified</pose><truncated>0</truncated><difficult>0</difficult><bndbox><xmin>467</xmin><ymin>228</ymin><xmax>515</xmax><ymax>265</ymax></bndbox></object></annotation>