<annotation><folder>images</folder><filename>Cisto991.jpg</filename><path>images/Cisto991.jpg</path><source><database>darwin</database></source><size><width>640</width><height>480</height><depth>3</depth></size><segmented>0</segmented><object><name>Cisto Invi&#225;vel</name><pose>Unspecified</pose><truncated>0</truncated><difficult>0</difficult><bndbox><xmin>119</xmin><ymin>215</ymin><xmax>174</xmax><ymax>265</ymax></bndbox></object><object><name>Cisto Invi&#225;vel</name><pose>Unspecified</pose><truncated>0</truncated><difficult>0</difficult><bndbox><xmin>405</xmin><ymin>359</ymin><xmax>450</xmax><ymax>396</ymax></bndbox></object><object><name>Cisto Invi&#225;vel</name><pose>Unspecified</pose><truncated>0</truncated><difficult>0</difficult><bndbox><xmin>485</xmin><ymin>343</ymin><xmax>520</xmax><ymax>375</ymax></bndbox></object><object><name>Cisto Invi&#225;vel</name><pose>Unspecified</pose><truncated>0</truncated><difficult>0</difficult><bndbox><xmin>566</xmin><ymin>191</ymin><xmax>607</xmax><ymax>225</ymax></bndbox></object><object><name>Cisto Vi&#225;vel</name><pose>Unspecified</pose><truncated>0</truncated><difficult>0</difficult><bndbox><xmin>231</xmin><ymin>129</ymin><xmax>266</xmax><ymax>153</ymax></bndbox></object></annotation>