<annotation><folder>images</folder><filename>Cisto706.jpg</filename><path>images/Cisto706.jpg</path><source><database>darwin</database></source><size><width>640</width><height>480</height><depth>3</depth></size><segmented>0</segmented><object><name>N&#227;o Cisto</name><pose>Unspecified</pose><truncated>0</truncated><difficult>0</difficult><bndbox><xmin>38</xmin><ymin>367</ymin><xmax>101</xmax><ymax>426</ymax></bndbox></object><object><name>Cisto Vi&#225;vel</name><pose>Unspecified</pose><truncated>0</truncated><difficult>0</difficult><bndbox><xmin>273</xmin><ymin>176</ymin><xmax>314</xmax><ymax>241</ymax></bndbox></object></annotation>