<annotation><folder>images</folder><filename>Cisto972.jpg</filename><path>images/Cisto972.jpg</path><source><database>darwin</database></source><size><width>640</width><height>480</height><depth>3</depth></size><segmented>0</segmented><object><name>Cisto Vi&#225;vel</name><pose>Unspecified</pose><truncated>0</truncated><difficult>0</difficult><bndbox><xmin>288</xmin><ymin>300</ymin><xmax>341</xmax><ymax>353</ymax></bndbox></object><object><name>N&#227;o Cisto</name><pose>Unspecified</pose><truncated>0</truncated><difficult>0</difficult><bndbox><xmin>135</xmin><ymin>220</ymin><xmax>237</xmax><ymax>297</ymax></bndbox></object></annotation>