<annotation><folder>images</folder><filename>Cisto1080.jpg</filename><path>images/Cisto1080.jpg</path><source><database>darwin</database></source><size><width>640</width><height>480</height><depth>3</depth></size><segmented>0</segmented><object><name>Cisto Invi&#225;vel</name><pose>Unspecified</pose><truncated>0</truncated><difficult>0</difficult><bndbox><xmin>90</xmin><ymin>74</ymin><xmax>118</xmax><ymax>114</ymax></bndbox></object><object><name>Cisto Invi&#225;vel</name><pose>Unspecified</pose><truncated>0</truncated><difficult>0</difficult><bndbox><xmin>299</xmin><ymin>195</ymin><xmax>338</xmax><ymax>228</ymax></bndbox></object></annotation>