<annotation><folder>images</folder><filename>Cisto1089.jpg</filename><path>images/Cisto1089.jpg</path><source><database>darwin</database></source><size><width>640</width><height>480</height><depth>3</depth></size><segmented>0</segmented><object><name>Cisto Invi&#225;vel</name><pose>Unspecified</pose><truncated>0</truncated><difficult>0</difficult><bndbox><xmin>458</xmin><ymin>142</ymin><xmax>512</xmax><ymax>213</ymax></bndbox></object><object><name>N&#227;o Cisto</name><pose>Unspecified</pose><truncated>0</truncated><difficult>0</difficult><bndbox><xmin>386</xmin><ymin>240</ymin><xmax>444</xmax><ymax>282</ymax></bndbox></object><object><name>Cisto Invi&#225;vel</name><pose>Unspecified</pose><truncated>0</truncated><difficult>0</difficult><bndbox><xmin>464</xmin><ymin>155</ymin><xmax>512</xmax><ymax>201</ymax></bndbox></object></annotation>