<annotation><folder>images</folder><filename>Cisto562.jpg</filename><path>images/Cisto562.jpg</path><source><database>darwin</database></source><size><width>640</width><height>480</height><depth>3</depth></size><segmented>0</segmented><object><name>N&#227;o Cisto</name><pose>Unspecified</pose><truncated>0</truncated><difficult>0</difficult><bndbox><xmin>271</xmin><ymin>306</ymin><xmax>333</xmax><ymax>350</ymax></bndbox></object><object><name>Cisto Vi&#225;vel</name><pose>Unspecified</pose><truncated>0</truncated><difficult>0</difficult><bndbox><xmin>452</xmin><ymin>152</ymin><xmax>495</xmax><ymax>190</ymax></bndbox></object></annotation>