<annotation><folder>images</folder><filename>Cisto187.jpg</filename><path>images/Cisto187.jpg</path><source><database>darwin</database></source><size><width>640</width><height>480</height><depth>3</depth></size><segmented>0</segmented><object><name>N&#227;o Cisto</name><pose>Unspecified</pose><truncated>0</truncated><difficult>0</difficult><bndbox><xmin>434</xmin><ymin>193</ymin><xmax>504</xmax><ymax>294</ymax></bndbox></object><object><name>Cisto Vi&#225;vel</name><pose>Unspecified</pose><truncated>0</truncated><difficult>0</difficult><bndbox><xmin>298</xmin><ymin>152</ymin><xmax>374</xmax><ymax>221</ymax></bndbox></object></annotation>