<annotation><folder>images</folder><filename>Cisto180.jpg</filename><path>images/Cisto180.jpg</path><source><database>darwin</database></source><size><width>640</width><height>480</height><depth>3</depth></size><segmented>0</segmented><object><name>Cisto Vi&#225;vel</name><pose>Unspecified</pose><truncated>0</truncated><difficult>0</difficult><bndbox><xmin>460</xmin><ymin>186</ymin><xmax>513</xmax><ymax>244</ymax></bndbox></object><object><name>N&#227;o Cisto</name><pose>Unspecified</pose><truncated>0</truncated><difficult>0</difficult><bndbox><xmin>127</xmin><ymin>185</ymin><xmax>164</xmax><ymax>219</ymax></bndbox></object></annotation>