<annotation><folder>images</folder><filename>Cisto768.jpg</filename><path>images/Cisto768.jpg</path><source><database>darwin</database></source><size><width>640</width><height>480</height><depth>3</depth></size><segmented>0</segmented><object><name>N&#227;o Cisto</name><pose>Unspecified</pose><truncated>0</truncated><difficult>0</difficult><bndbox><xmin>35</xmin><ymin>178</ymin><xmax>125</xmax><ymax>222</ymax></bndbox></object><object><name>Cisto Invi&#225;vel</name><pose>Unspecified</pose><truncated>0</truncated><difficult>0</difficult><bndbox><xmin>318</xmin><ymin>202</ymin><xmax>364</xmax><ymax>250</ymax></bndbox></object></annotation>