<annotation><folder>images</folder><filename>Cisto1062.jpg</filename><path>images/Cisto1062.jpg</path><source><database>darwin</database></source><size><width>640</width><height>480</height><depth>3</depth></size><segmented>0</segmented><object><name>Cisto Invi&#225;vel</name><pose>Unspecified</pose><truncated>0</truncated><difficult>0</difficult><bndbox><xmin>269</xmin><ymin>146</ymin><xmax>306</xmax><ymax>192</ymax></bndbox></object><object><name>Cisto Invi&#225;vel</name><pose>Unspecified</pose><truncated>0</truncated><difficult>0</difficult><bndbox><xmin>306</xmin><ymin>376</ymin><xmax>359</xmax><ymax>431</ymax></bndbox></object><object><name>Cisto Invi&#225;vel</name><pose>Unspecified</pose><truncated>0</truncated><difficult>0</difficult><bndbox><xmin>184</xmin><ymin>241</ymin><xmax>219</xmax><ymax>268</ymax></bndbox></object><object><name>Cisto Vi&#225;vel</name><pose>Unspecified</pose><truncated>0</truncated><difficult>0</difficult><bndbox><xmin>314</xmin><ymin>291</ymin><xmax>362</xmax><ymax>340</ymax></bndbox></object></annotation>