<annotation><folder>images</folder><filename>Cisto1072.jpg</filename><path>images/Cisto1072.jpg</path><source><database>darwin</database></source><size><width>640</width><height>480</height><depth>3</depth></size><segmented>0</segmented><object><name>Cisto Vi&#225;vel</name><pose>Unspecified</pose><truncated>0</truncated><difficult>0</difficult><bndbox><xmin>190</xmin><ymin>195</ymin><xmax>245</xmax><ymax>248</ymax></bndbox></object><object><name>N&#227;o Cisto</name><pose>Unspecified</pose><truncated>0</truncated><difficult>0</difficult><bndbox><xmin>268</xmin><ymin>225</ymin><xmax>314</xmax><ymax>380</ymax></bndbox></object></annotation>