<annotation><folder>images</folder><filename>Cisto665.jpg</filename><path>images/Cisto665.jpg</path><source><database>darwin</database></source><size><width>640</width><height>480</height><depth>3</depth></size><segmented>0</segmented><object><name>Cisto Vi&#225;vel</name><pose>Unspecified</pose><truncated>0</truncated><difficult>0</difficult><bndbox><xmin>418</xmin><ymin>281</ymin><xmax>470</xmax><ymax>332</ymax></bndbox></object><object><name>N&#227;o Cisto</name><pose>Unspecified</pose><truncated>0</truncated><difficult>0</difficult><bndbox><xmin>236</xmin><ymin>100</ymin><xmax>299</xmax><ymax>167</ymax></bndbox></object></annotation>