<annotation><folder>images</folder><filename>Cisto506.jpg</filename><path>images/Cisto506.jpg</path><source><database>darwin</database></source><size><width>640</width><height>480</height><depth>3</depth></size><segmented>0</segmented><object><name>N&#227;o Cisto</name><pose>Unspecified</pose><truncated>0</truncated><difficult>0</difficult><bndbox><xmin>270</xmin><ymin>344</ymin><xmax>318</xmax><ymax>379</ymax></bndbox></object><object><name>Cisto Vi&#225;vel</name><pose>Unspecified</pose><truncated>0</truncated><difficult>0</difficult><bndbox><xmin>377</xmin><ymin>193</ymin><xmax>424</xmax><ymax>235</ymax></bndbox></object></annotation>