<annotation><folder>images</folder><filename>Cisto786.jpg</filename><path>images/Cisto786.jpg</path><source><database>darwin</database></source><size><width>640</width><height>480</height><depth>3</depth></size><segmented>0</segmented><object><name>N&#227;o Cisto</name><pose>Unspecified</pose><truncated>0</truncated><difficult>0</difficult><bndbox><xmin>235</xmin><ymin>351</ymin><xmax>329</xmax><ymax>434</ymax></bndbox></object><object><name>Cisto Vi&#225;vel</name><pose>Unspecified</pose><truncated>0</truncated><difficult>0</difficult><bndbox><xmin>326</xmin><ymin>209</ymin><xmax>380</xmax><ymax>269</ymax></bndbox></object></annotation>