<annotation><folder>images</folder><filename>Cisto1091.jpg</filename><path>images/Cisto1091.jpg</path><source><database>darwin</database></source><size><width>640</width><height>480</height><depth>3</depth></size><segmented>0</segmented><object><name>Cisto Invi&#225;vel</name><pose>Unspecified</pose><truncated>0</truncated><difficult>0</difficult><bndbox><xmin>154</xmin><ymin>218</ymin><xmax>216</xmax><ymax>262</ymax></bndbox></object><object><name>N&#227;o Cisto</name><pose>Unspecified</pose><truncated>0</truncated><difficult>0</difficult><bndbox><xmin>120</xmin><ymin>154</ymin><xmax>161</xmax><ymax>206</ymax></bndbox></object></annotation>