<annotation><folder>images</folder><filename>Cisto687.jpg</filename><path>images/Cisto687.jpg</path><source><database>darwin</database></source><size><width>640</width><height>480</height><depth>3</depth></size><segmented>0</segmented><object><name>Cisto Vi&#225;vel</name><pose>Unspecified</pose><truncated>0</truncated><difficult>0</difficult><bndbox><xmin>15</xmin><ymin>419</ymin><xmax>59</xmax><ymax>458</ymax></bndbox></object><object><name>Cisto Invi&#225;vel</name><pose>Unspecified</pose><truncated>0</truncated><difficult>0</difficult><bndbox><xmin>46</xmin><ymin>395</ymin><xmax>81</xmax><ymax>430</ymax></bndbox></object></annotation>