<annotation><folder>images</folder><filename>Cisto72.jpg</filename><path>images/Cisto72.jpg</path><source><database>darwin</database></source><size><width>640</width><height>480</height><depth>3</depth></size><segmented>0</segmented><object><name>Cisto Vi&#225;vel</name><pose>Unspecified</pose><truncated>0</truncated><difficult>0</difficult><bndbox><xmin>49</xmin><ymin>94</ymin><xmax>111</xmax><ymax>136</ymax></bndbox></object><object><name>Cisto Vi&#225;vel</name><pose>Unspecified</pose><truncated>0</truncated><difficult>0</difficult><bndbox><xmin>266</xmin><ymin>63</ymin><xmax>322</xmax><ymax>121</ymax></bndbox></object><object><name>Cisto Invi&#225;vel</name><pose>Unspecified</pose><truncated>0</truncated><difficult>0</difficult><bndbox><xmin>370</xmin><ymin>131</ymin><xmax>437</xmax><ymax>189</ymax></bndbox></object></annotation>