<annotation><folder>images</folder><filename>Cisto651.jpg</filename><path>images/Cisto651.jpg</path><source><database>darwin</database></source><size><width>640</width><height>480</height><depth>3</depth></size><segmented>0</segmented><object><name>N&#227;o Cisto</name><pose>Unspecified</pose><truncated>0</truncated><difficult>0</difficult><bndbox><xmin>437</xmin><ymin>20</ymin><xmax>503</xmax><ymax>111</ymax></bndbox></object><object><name>Cisto Vi&#225;vel</name><pose>Unspecified</pose><truncated>0</truncated><difficult>0</difficult><bndbox><xmin>303</xmin><ymin>293</ymin><xmax>338</xmax><ymax>339</ymax></bndbox></object></annotation>