<annotation><folder>images</folder><filename>Cisto852.jpg</filename><path>images/Cisto852.jpg</path><source><database>darwin</database></source><size><width>640</width><height>480</height><depth>3</depth></size><segmented>0</segmented><object><name>N&#227;o Cisto</name><pose>Unspecified</pose><truncated>0</truncated><difficult>0</difficult><bndbox><xmin>63</xmin><ymin>324</ymin><xmax>131</xmax><ymax>397</ymax></bndbox></object><object><name>Cisto Vi&#225;vel</name><pose>Unspecified</pose><truncated>0</truncated><difficult>0</difficult><bndbox><xmin>215</xmin><ymin>44</ymin><xmax>290</xmax><ymax>112</ymax></bndbox></object></annotation>