<annotation><folder>images</folder><filename>Cisto718.jpg</filename><path>images/Cisto718.jpg</path><source><database>darwin</database></source><size><width>640</width><height>480</height><depth>3</depth></size><segmented>0</segmented><object><name>Cisto Vi&#225;vel</name><pose>Unspecified</pose><truncated>0</truncated><difficult>0</difficult><bndbox><xmin>83</xmin><ymin>262</ymin><xmax>153</xmax><ymax>320</ymax></bndbox></object><object><name>Cisto Invi&#225;vel</name><pose>Unspecified</pose><truncated>0</truncated><difficult>0</difficult><bndbox><xmin>427</xmin><ymin>91</ymin><xmax>495</xmax><ymax>152</ymax></bndbox></object></annotation>