<annotation><folder>images</folder><filename>Cisto822.jpg</filename><path>images/Cisto822.jpg</path><source><database>darwin</database></source><size><width>640</width><height>480</height><depth>3</depth></size><segmented>0</segmented><object><name>N&#227;o Cisto</name><pose>Unspecified</pose><truncated>0</truncated><difficult>0</difficult><bndbox><xmin>124</xmin><ymin>348</ymin><xmax>172</xmax><ymax>384</ymax></bndbox></object><object><name>Cisto Invi&#225;vel</name><pose>Unspecified</pose><truncated>0</truncated><difficult>0</difficult><bndbox><xmin>425</xmin><ymin>34</ymin><xmax>466</xmax><ymax>72</ymax></bndbox></object></annotation>