<annotation><folder>images</folder><filename>Cisto730.jpg</filename><path>images/Cisto730.jpg</path><source><database>darwin</database></source><size><width>640</width><height>480</height><depth>3</depth></size><segmented>0</segmented><object><name>Cisto Vi&#225;vel</name><pose>Unspecified</pose><truncated>0</truncated><difficult>0</difficult><bndbox><xmin>365</xmin><ymin>255</ymin><xmax>406</xmax><ymax>292</ymax></bndbox></object><object><name>N&#227;o Cisto</name><pose>Unspecified</pose><truncated>0</truncated><difficult>0</difficult><bndbox><xmin>37</xmin><ymin>364</ymin><xmax>198</xmax><ymax>454</ymax></bndbox></object></annotation>