<annotation><folder>images</folder><filename>Cisto953.jpg</filename><path>images/Cisto953.jpg</path><source><database>darwin</database></source><size><width>640</width><height>480</height><depth>3</depth></size><segmented>0</segmented><object><name>Cisto Invi&#225;vel</name><pose>Unspecified</pose><truncated>0</truncated><difficult>0</difficult><bndbox><xmin>120</xmin><ymin>85</ymin><xmax>151</xmax><ymax>119</ymax></bndbox></object><object><name>Cisto Invi&#225;vel</name><pose>Unspecified</pose><truncated>0</truncated><difficult>0</difficult><bndbox><xmin>65</xmin><ymin>146</ymin><xmax>95</xmax><ymax>179</ymax></bndbox></object><object><name>Cisto Invi&#225;vel</name><pose>Unspecified</pose><truncated>0</truncated><difficult>0</difficult><bndbox><xmin>293</xmin><ymin>153</ymin><xmax>318</xmax><ymax>183</ymax></bndbox></object><object><name>Cisto Invi&#225;vel</name><pose>Unspecified</pose><truncated>0</truncated><difficult>0</difficult><bndbox><xmin>492</xmin><ymin>226</ymin><xmax>549</xmax><ymax>269</ymax></bndbox></object><object><name>Cisto Invi&#225;vel</name><pose>Unspecified</pose><truncated>0</truncated><difficult>0</difficult><bndbox><xmin>567</xmin><ymin>203</ymin><xmax>607</xmax><ymax>234</ymax></bndbox></object><object><name>Cisto Invi&#225;vel</name><pose>Unspecified</pose><truncated>0</truncated><difficult>0</difficult><bndbox><xmin>392</xmin><ymin>336</ymin><xmax>427</xmax><ymax>365</ymax></bndbox></object><object><name>Cisto Invi&#225;vel</name><pose>Unspecified</pose><truncated>0</truncated><difficult>0</difficult><bndbox><xmin>201</xmin><ymin>330</ymin><xmax>283</xmax><ymax>370</ymax></bndbox></object><object><name>Cisto Invi&#225;vel</name><pose>Unspecified</pose><truncated>0</truncated><difficult>0</difficult><bndbox><xmin>118</xmin><ymin>255</ymin><xmax>159</xmax><ymax>294</ymax></bndbox></object><object><name>Cisto Invi&#225;vel</name><pose>Unspecified</pose><truncated>0</truncated><difficult>0</difficult><bndbox><xmin>41</xmin><ymin>298</ymin><xmax>84</xmax><ymax>355</ymax></bndbox></object><object><name>Cisto Vi&#225;vel</name><pose>Unspecified</pose><truncated>0</truncated><difficult>0</difficult><bndbox><xmin>428</xmin><ymin>328</ymin><xmax>471</xmax><ymax>378</ymax></bndbox></object></annotation>