<annotation><folder>images</folder><filename>Cisto474.jpg</filename><path>images/Cisto474.jpg</path><source><database>darwin</database></source><size><width>640</width><height>480</height><depth>3</depth></size><segmented>0</segmented><object><name>Cisto Vi&#225;vel</name><pose>Unspecified</pose><truncated>0</truncated><difficult>0</difficult><bndbox><xmin>263</xmin><ymin>161</ymin><xmax>316</xmax><ymax>230</ymax></bndbox></object><object><name>N&#227;o Cisto</name><pose>Unspecified</pose><truncated>0</truncated><difficult>0</difficult><bndbox><xmin>216</xmin><ymin>311</ymin><xmax>302</xmax><ymax>434</ymax></bndbox></object></annotation>