<annotation><folder>images</folder><filename>Cisto823.jpg</filename><path>images/Cisto823.jpg</path><source><database>darwin</database></source><size><width>640</width><height>480</height><depth>3</depth></size><segmented>0</segmented><object><name>N&#227;o Cisto</name><pose>Unspecified</pose><truncated>0</truncated><difficult>0</difficult><bndbox><xmin>179</xmin><ymin>401</ymin><xmax>224</xmax><ymax>444</ymax></bndbox></object><object><name>Cisto Invi&#225;vel</name><pose>Unspecified</pose><truncated>0</truncated><difficult>0</difficult><bndbox><xmin>423</xmin><ymin>35</ymin><xmax>466</xmax><ymax>67</ymax></bndbox></object></annotation>