<annotation><folder>images</folder><filename>Cisto722.jpg</filename><path>images/Cisto722.jpg</path><source><database>darwin</database></source><size><width>640</width><height>480</height><depth>3</depth></size><segmented>0</segmented><object><name>Cisto Invi&#225;vel</name><pose>Unspecified</pose><truncated>0</truncated><difficult>0</difficult><bndbox><xmin>134</xmin><ymin>152</ymin><xmax>165</xmax><ymax>179</ymax></bndbox></object><object><name>Cisto Invi&#225;vel</name><pose>Unspecified</pose><truncated>0</truncated><difficult>0</difficult><bndbox><xmin>328</xmin><ymin>93</ymin><xmax>354</xmax><ymax>131</ymax></bndbox></object><object><name>Cisto Invi&#225;vel</name><pose>Unspecified</pose><truncated>0</truncated><difficult>0</difficult><bndbox><xmin>287</xmin><ymin>30</ymin><xmax>310</xmax><ymax>54</ymax></bndbox></object><object><name>Cisto Invi&#225;vel</name><pose>Unspecified</pose><truncated>0</truncated><difficult>0</difficult><bndbox><xmin>197</xmin><ymin>42</ymin><xmax>233</xmax><ymax>77</ymax></bndbox></object><object><name>Cisto Vi&#225;vel</name><pose>Unspecified</pose><truncated>0</truncated><difficult>0</difficult><bndbox><xmin>174</xmin><ymin>157</ymin><xmax>210</xmax><ymax>189</ymax></bndbox></object><object><name>N&#227;o Cisto</name><pose>Unspecified</pose><truncated>0</truncated><difficult>0</difficult><bndbox><xmin>442</xmin><ymin>263</ymin><xmax>494</xmax><ymax>302</ymax></bndbox></object></annotation>