<annotation><folder>images</folder><filename>Cisto590.jpg</filename><path>images/Cisto590.jpg</path><source><database>darwin</database></source><size><width>640</width><height>480</height><depth>3</depth></size><segmented>0</segmented><object><name>Cisto Invi&#225;vel</name><pose>Unspecified</pose><truncated>0</truncated><difficult>0</difficult><bndbox><xmin>64</xmin><ymin>403</ymin><xmax>102</xmax><ymax>446</ymax></bndbox></object><object><name>Cisto Vi&#225;vel</name><pose>Unspecified</pose><truncated>0</truncated><difficult>0</difficult><bndbox><xmin>182</xmin><ymin>272</ymin><xmax>230</xmax><ymax>321</ymax></bndbox></object></annotation>