<annotation><folder>images</folder><filename>Cisto60.jpg</filename><path>images/Cisto60.jpg</path><source><database>darwin</database></source><size><width>640</width><height>480</height><depth>3</depth></size><segmented>0</segmented><object><name>Cisto Vi&#225;vel</name><pose>Unspecified</pose><truncated>0</truncated><difficult>0</difficult><bndbox><xmin>267</xmin><ymin>117</ymin><xmax>317</xmax><ymax>170</ymax></bndbox></object><object><name>Cisto Vi&#225;vel</name><pose>Unspecified</pose><truncated>0</truncated><difficult>0</difficult><bndbox><xmin>236</xmin><ymin>228</ymin><xmax>302</xmax><ymax>281</ymax></bndbox></object><object><name>N&#227;o Cisto</name><pose>Unspecified</pose><truncated>0</truncated><difficult>0</difficult><bndbox><xmin>242</xmin><ymin>321</ymin><xmax>333</xmax><ymax>399</ymax></bndbox></object></annotation>