<annotation><folder>images</folder><filename>Cisto934.jpg</filename><path>images/Cisto934.jpg</path><source><database>darwin</database></source><size><width>640</width><height>480</height><depth>3</depth></size><segmented>0</segmented><object><name>Cisto Invi&#225;vel</name><pose>Unspecified</pose><truncated>0</truncated><difficult>0</difficult><bndbox><xmin>510</xmin><ymin>137</ymin><xmax>541</xmax><ymax>171</ymax></bndbox></object><object><name>Cisto Invi&#225;vel</name><pose>Unspecified</pose><truncated>0</truncated><difficult>0</difficult><bndbox><xmin>554</xmin><ymin>133</ymin><xmax>597</xmax><ymax>174</ymax></bndbox></object></annotation>