<annotation><folder>images</folder><filename>Cisto20.jpg</filename><path>images/Cisto20.jpg</path><source><database>darwin</database></source><size><width>640</width><height>480</height><depth>3</depth></size><segmented>0</segmented><object><name>Cisto Vi&#225;vel</name><pose>Unspecified</pose><truncated>0</truncated><difficult>0</difficult><bndbox><xmin>250</xmin><ymin>148</ymin><xmax>295</xmax><ymax>204</ymax></bndbox></object><object><name>Cisto Vi&#225;vel</name><pose>Unspecified</pose><truncated>0</truncated><difficult>0</difficult><bndbox><xmin>292</xmin><ymin>182</ymin><xmax>329</xmax><ymax>224</ymax></bndbox></object><object><name>Cisto Invi&#225;vel</name><pose>Unspecified</pose><truncated>0</truncated><difficult>0</difficult><bndbox><xmin>185</xmin><ymin>-2</ymin><xmax>238</xmax><ymax>30</ymax></bndbox></object></annotation>