<annotation><folder>images</folder><filename>Cisto907.jpg</filename><path>images/Cisto907.jpg</path><source><database>darwin</database></source><size><width>640</width><height>480</height><depth>3</depth></size><segmented>0</segmented><object><name>N&#227;o Cisto</name><pose>Unspecified</pose><truncated>0</truncated><difficult>0</difficult><bndbox><xmin>438</xmin><ymin>155</ymin><xmax>506</xmax><ymax>275</ymax></bndbox></object><object><name>Cisto Vi&#225;vel</name><pose>Unspecified</pose><truncated>0</truncated><difficult>0</difficult><bndbox><xmin>371</xmin><ymin>61</ymin><xmax>409</xmax><ymax>106</ymax></bndbox></object></annotation>