<annotation><folder>images</folder><filename>Cisto985.jpg</filename><path>images/Cisto985.jpg</path><source><database>darwin</database></source><size><width>640</width><height>480</height><depth>3</depth></size><segmented>0</segmented><object><name>Cisto Invi&#225;vel</name><pose>Unspecified</pose><truncated>0</truncated><difficult>0</difficult><bndbox><xmin>235</xmin><ymin>239</ymin><xmax>277</xmax><ymax>290</ymax></bndbox></object><object><name>Cisto Vi&#225;vel</name><pose>Unspecified</pose><truncated>0</truncated><difficult>0</difficult><bndbox><xmin>406</xmin><ymin>233</ymin><xmax>442</xmax><ymax>267</ymax></bndbox></object></annotation>