<annotation><folder>images</folder><filename>Cisto890.jpg</filename><path>images/Cisto890.jpg</path><source><database>darwin</database></source><size><width>640</width><height>480</height><depth>3</depth></size><segmented>0</segmented><object><name>N&#227;o Cisto</name><pose>Unspecified</pose><truncated>0</truncated><difficult>0</difficult><bndbox><xmin>392</xmin><ymin>267</ymin><xmax>475</xmax><ymax>328</ymax></bndbox></object><object><name>Cisto Invi&#225;vel</name><pose>Unspecified</pose><truncated>0</truncated><difficult>0</difficult><bndbox><xmin>277</xmin><ymin>82</ymin><xmax>318</xmax><ymax>113</ymax></bndbox></object></annotation>