<annotation><folder>images</folder><filename>Cisto824.jpg</filename><path>images/Cisto824.jpg</path><source><database>darwin</database></source><size><width>640</width><height>480</height><depth>3</depth></size><segmented>0</segmented><object><name>Cisto Vi&#225;vel</name><pose>Unspecified</pose><truncated>0</truncated><difficult>0</difficult><bndbox><xmin>246</xmin><ymin>208</ymin><xmax>285</xmax><ymax>247</ymax></bndbox></object><object><name>N&#227;o Cisto</name><pose>Unspecified</pose><truncated>0</truncated><difficult>0</difficult><bndbox><xmin>284</xmin><ymin>276</ymin><xmax>380</xmax><ymax>363</ymax></bndbox></object></annotation>