<annotation><folder>images</folder><filename>Cisto900.jpg</filename><path>images/Cisto900.jpg</path><source><database>darwin</database></source><size><width>640</width><height>480</height><depth>3</depth></size><segmented>0</segmented><object><name>N&#227;o Cisto</name><pose>Unspecified</pose><truncated>0</truncated><difficult>0</difficult><bndbox><xmin>484</xmin><ymin>249</ymin><xmax>527</xmax><ymax>315</ymax></bndbox></object><object><name>Cisto Invi&#225;vel</name><pose>Unspecified</pose><truncated>0</truncated><difficult>0</difficult><bndbox><xmin>378</xmin><ymin>167</ymin><xmax>418</xmax><ymax>207</ymax></bndbox></object></annotation>