<annotation><folder>images</folder><filename>Cisto614.jpg</filename><path>images/Cisto614.jpg</path><source><database>darwin</database></source><size><width>640</width><height>480</height><depth>3</depth></size><segmented>0</segmented><object><name>Cisto Vi&#225;vel</name><pose>Unspecified</pose><truncated>0</truncated><difficult>0</difficult><bndbox><xmin>360</xmin><ymin>176</ymin><xmax>410</xmax><ymax>214</ymax></bndbox></object><object><name>Cisto Invi&#225;vel</name><pose>Unspecified</pose><truncated>0</truncated><difficult>0</difficult><bndbox><xmin>216</xmin><ymin>437</ymin><xmax>246</xmax><ymax>476</ymax></bndbox></object></annotation>