<annotation><folder>images</folder><filename>Cisto93.jpg</filename><path>images/Cisto93.jpg</path><source><database>darwin</database></source><size><width>640</width><height>480</height><depth>3</depth></size><segmented>0</segmented><object><name>N&#227;o Cisto</name><pose>Unspecified</pose><truncated>0</truncated><difficult>0</difficult><bndbox><xmin>127</xmin><ymin>51</ymin><xmax>167</xmax><ymax>83</ymax></bndbox></object><object><name>Cisto Vi&#225;vel</name><pose>Unspecified</pose><truncated>0</truncated><difficult>0</difficult><bndbox><xmin>249</xmin><ymin>165</ymin><xmax>318</xmax><ymax>227</ymax></bndbox></object></annotation>