<annotation><folder>images</folder><filename>Cisto717.jpg</filename><path>images/Cisto717.jpg</path><source><database>darwin</database></source><size><width>640</width><height>480</height><depth>3</depth></size><segmented>0</segmented><object><name>N&#227;o Cisto</name><pose>Unspecified</pose><truncated>0</truncated><difficult>0</difficult><bndbox><xmin>1</xmin><ymin>106</ymin><xmax>121</xmax><ymax>216</ymax></bndbox></object><object><name>Cisto Vi&#225;vel</name><pose>Unspecified</pose><truncated>0</truncated><difficult>0</difficult><bndbox><xmin>68</xmin><ymin>279</ymin><xmax>103</xmax><ymax>320</ymax></bndbox></object></annotation>