<annotation><folder>images</folder><filename>Cisto613.jpg</filename><path>images/Cisto613.jpg</path><source><database>darwin</database></source><size><width>640</width><height>480</height><depth>3</depth></size><segmented>0</segmented><object><name>N&#227;o Cisto</name><pose>Unspecified</pose><truncated>0</truncated><difficult>0</difficult><bndbox><xmin>370</xmin><ymin>337</ymin><xmax>444</xmax><ymax>385</ymax></bndbox></object><object><name>Cisto Vi&#225;vel</name><pose>Unspecified</pose><truncated>0</truncated><difficult>0</difficult><bndbox><xmin>272</xmin><ymin>130</ymin><xmax>313</xmax><ymax>167</ymax></bndbox></object></annotation>