<annotation><folder>images</folder><filename>Cisto609.jpg</filename><path>images/Cisto609.jpg</path><source><database>darwin</database></source><size><width>640</width><height>480</height><depth>3</depth></size><segmented>0</segmented><object><name>Cisto Vi&#225;vel</name><pose>Unspecified</pose><truncated>0</truncated><difficult>0</difficult><bndbox><xmin>430</xmin><ymin>238</ymin><xmax>484</xmax><ymax>294</ymax></bndbox></object><object><name>Cisto Invi&#225;vel</name><pose>Unspecified</pose><truncated>0</truncated><difficult>0</difficult><bndbox><xmin>419</xmin><ymin>162</ymin><xmax>473</xmax><ymax>225</ymax></bndbox></object></annotation>