<annotation><folder>images</folder><filename>Cisto814.jpg</filename><path>images/Cisto814.jpg</path><source><database>darwin</database></source><size><width>640</width><height>480</height><depth>3</depth></size><segmented>0</segmented><object><name>Cisto Vi&#225;vel</name><pose>Unspecified</pose><truncated>0</truncated><difficult>0</difficult><bndbox><xmin>98</xmin><ymin>131</ymin><xmax>164</xmax><ymax>186</ymax></bndbox></object><object><name>N&#227;o Cisto</name><pose>Unspecified</pose><truncated>0</truncated><difficult>0</difficult><bndbox><xmin>562</xmin><ymin>268</ymin><xmax>629</xmax><ymax>337</ymax></bndbox></object></annotation>