<annotation><folder>images</folder><filename>Cisto530.jpg</filename><path>images/Cisto530.jpg</path><source><database>darwin</database></source><size><width>640</width><height>480</height><depth>3</depth></size><segmented>0</segmented><object><name>Cisto Vi&#225;vel</name><pose>Unspecified</pose><truncated>0</truncated><difficult>0</difficult><bndbox><xmin>182</xmin><ymin>283</ymin><xmax>217</xmax><ymax>316</ymax></bndbox></object><object><name>N&#227;o Cisto</name><pose>Unspecified</pose><truncated>0</truncated><difficult>0</difficult><bndbox><xmin>188</xmin><ymin>124</ymin><xmax>242</xmax><ymax>165</ymax></bndbox></object></annotation>