<annotation><folder>images</folder><filename>Cisto541.jpg</filename><path>images/Cisto541.jpg</path><source><database>darwin</database></source><size><width>640</width><height>480</height><depth>3</depth></size><segmented>0</segmented><object><name>Cisto Vi&#225;vel</name><pose>Unspecified</pose><truncated>0</truncated><difficult>0</difficult><bndbox><xmin>1</xmin><ymin>218</ymin><xmax>46</xmax><ymax>272</ymax></bndbox></object><object><name>N&#227;o Cisto</name><pose>Unspecified</pose><truncated>0</truncated><difficult>0</difficult><bndbox><xmin>268</xmin><ymin>267</ymin><xmax>335</xmax><ymax>318</ymax></bndbox></object></annotation>