<annotation><folder>images</folder><filename>Cisto909.jpg</filename><path>images/Cisto909.jpg</path><source><database>darwin</database></source><size><width>640</width><height>480</height><depth>3</depth></size><segmented>0</segmented><object><name>Cisto Vi&#225;vel</name><pose>Unspecified</pose><truncated>0</truncated><difficult>0</difficult><bndbox><xmin>331</xmin><ymin>118</ymin><xmax>358</xmax><ymax>153</ymax></bndbox></object><object><name>Cisto Invi&#225;vel</name><pose>Unspecified</pose><truncated>0</truncated><difficult>0</difficult><bndbox><xmin>461</xmin><ymin>280</ymin><xmax>507</xmax><ymax>331</ymax></bndbox></object></annotation>