<annotation><folder>images</folder><filename>Cisto932.jpg</filename><path>images/Cisto932.jpg</path><source><database>darwin</database></source><size><width>640</width><height>480</height><depth>3</depth></size><segmented>0</segmented><object><name>Cisto Invi&#225;vel</name><pose>Unspecified</pose><truncated>0</truncated><difficult>0</difficult><bndbox><xmin>93</xmin><ymin>378</ymin><xmax>118</xmax><ymax>397</ymax></bndbox></object><object><name>N&#227;o Cisto</name><pose>Unspecified</pose><truncated>0</truncated><difficult>0</difficult><bndbox><xmin>82</xmin><ymin>278</ymin><xmax>188</xmax><ymax>334</ymax></bndbox></object></annotation>