<annotation><folder>images</folder><filename>Cisto910.jpg</filename><path>images/Cisto910.jpg</path><source><database>darwin</database></source><size><width>640</width><height>480</height><depth>3</depth></size><segmented>0</segmented><object><name>N&#227;o Cisto</name><pose>Unspecified</pose><truncated>0</truncated><difficult>0</difficult><bndbox><xmin>59</xmin><ymin>71</ymin><xmax>103</xmax><ymax>106</ymax></bndbox></object><object><name>Cisto Vi&#225;vel</name><pose>Unspecified</pose><truncated>0</truncated><difficult>0</difficult><bndbox><xmin>262</xmin><ymin>216</ymin><xmax>291</xmax><ymax>250</ymax></bndbox></object></annotation>