<annotation><folder>images</folder><filename>Cisto546.jpg</filename><path>images/Cisto546.jpg</path><source><database>darwin</database></source><size><width>640</width><height>480</height><depth>3</depth></size><segmented>0</segmented><object><name>Cisto Vi&#225;vel</name><pose>Unspecified</pose><truncated>0</truncated><difficult>0</difficult><bndbox><xmin>271</xmin><ymin>147</ymin><xmax>313</xmax><ymax>196</ymax></bndbox></object><object><name>N&#227;o Cisto</name><pose>Unspecified</pose><truncated>0</truncated><difficult>0</difficult><bndbox><xmin>132</xmin><ymin>175</ymin><xmax>177</xmax><ymax>224</ymax></bndbox></object></annotation>