<annotation><folder>images</folder><filename>Cisto198.jpg</filename><path>images/Cisto198.jpg</path><source><database>darwin</database></source><size><width>640</width><height>480</height><depth>3</depth></size><segmented>0</segmented><object><name>Cisto Vi&#225;vel</name><pose>Unspecified</pose><truncated>0</truncated><difficult>0</difficult><bndbox><xmin>316</xmin><ymin>240</ymin><xmax>364</xmax><ymax>282</ymax></bndbox></object><object><name>Cisto Invi&#225;vel</name><pose>Unspecified</pose><truncated>0</truncated><difficult>0</difficult><bndbox><xmin>145</xmin><ymin>311</ymin><xmax>190</xmax><ymax>353</ymax></bndbox></object></annotation>