<annotation><folder>images</folder><filename>Cisto645.jpg</filename><path>images/Cisto645.jpg</path><source><database>darwin</database></source><size><width>640</width><height>480</height><depth>3</depth></size><segmented>0</segmented><object><name>N&#227;o Cisto</name><pose>Unspecified</pose><truncated>0</truncated><difficult>0</difficult><bndbox><xmin>198</xmin><ymin>14</ymin><xmax>288</xmax><ymax>90</ymax></bndbox></object><object><name>Cisto Vi&#225;vel</name><pose>Unspecified</pose><truncated>0</truncated><difficult>0</difficult><bndbox><xmin>194</xmin><ymin>150</ymin><xmax>253</xmax><ymax>198</ymax></bndbox></object></annotation>