<annotation><folder>images</folder><filename>Cisto879.jpg</filename><path>images/Cisto879.jpg</path><source><database>darwin</database></source><size><width>640</width><height>480</height><depth>3</depth></size><segmented>0</segmented><object><name>N&#227;o Cisto</name><pose>Unspecified</pose><truncated>0</truncated><difficult>0</difficult><bndbox><xmin>33</xmin><ymin>54</ymin><xmax>134</xmax><ymax>152</ymax></bndbox></object><object><name>Cisto Invi&#225;vel</name><pose>Unspecified</pose><truncated>0</truncated><difficult>0</difficult><bndbox><xmin>268</xmin><ymin>142</ymin><xmax>308</xmax><ymax>179</ymax></bndbox></object></annotation>