<annotation><folder>images</folder><filename>Cisto694.jpg</filename><path>images/Cisto694.jpg</path><source><database>darwin</database></source><size><width>640</width><height>480</height><depth>3</depth></size><segmented>0</segmented><object><name>Cisto Invi&#225;vel</name><pose>Unspecified</pose><truncated>0</truncated><difficult>0</difficult><bndbox><xmin>407</xmin><ymin>109</ymin><xmax>461</xmax><ymax>171</ymax></bndbox></object><object><name>Cisto Invi&#225;vel</name><pose>Unspecified</pose><truncated>0</truncated><difficult>0</difficult><bndbox><xmin>67</xmin><ymin>266</ymin><xmax>116</xmax><ymax>321</ymax></bndbox></object><object><name>Cisto Invi&#225;vel</name><pose>Unspecified</pose><truncated>0</truncated><difficult>0</difficult><bndbox><xmin>114</xmin><ymin>265</ymin><xmax>145</xmax><ymax>307</ymax></bndbox></object><object><name>Cisto Invi&#225;vel</name><pose>Unspecified</pose><truncated>0</truncated><difficult>0</difficult><bndbox><xmin>261</xmin><ymin>408</ymin><xmax>315</xmax><ymax>465</ymax></bndbox></object><object><name>Cisto Vi&#225;vel</name><pose>Unspecified</pose><truncated>0</truncated><difficult>0</difficult><bndbox><xmin>198</xmin><ymin>209</ymin><xmax>247</xmax><ymax>257</ymax></bndbox></object><object><name>N&#227;o Cisto</name><pose>Unspecified</pose><truncated>0</truncated><difficult>0</difficult><bndbox><xmin>369</xmin><ymin>274</ymin><xmax>422</xmax><ymax>350</ymax></bndbox></object></annotation>