<annotation><folder>images</folder><filename>Cisto123.jpg</filename><path>images/Cisto123.jpg</path><source><database>darwin</database></source><size><width>640</width><height>480</height><depth>3</depth></size><segmented>0</segmented><object><name>N&#227;o Cisto</name><pose>Unspecified</pose><truncated>0</truncated><difficult>0</difficult><bndbox><xmin>423</xmin><ymin>197</ymin><xmax>497</xmax><ymax>279</ymax></bndbox></object><object><name>Cisto Vi&#225;vel</name><pose>Unspecified</pose><truncated>0</truncated><difficult>0</difficult><bndbox><xmin>299</xmin><ymin>53</ymin><xmax>382</xmax><ymax>143</ymax></bndbox></object></annotation>