<annotation><folder>images</folder><filename>Cisto151.jpg</filename><path>images/Cisto151.jpg</path><source><database>darwin</database></source><size><width>640</width><height>480</height><depth>3</depth></size><segmented>0</segmented><object><name>Cisto Vi&#225;vel</name><pose>Unspecified</pose><truncated>0</truncated><difficult>0</difficult><bndbox><xmin>300</xmin><ymin>215</ymin><xmax>365</xmax><ymax>287</ymax></bndbox></object><object><name>N&#227;o Cisto</name><pose>Unspecified</pose><truncated>0</truncated><difficult>0</difficult><bndbox><xmin>422</xmin><ymin>385</ymin><xmax>468</xmax><ymax>434</ymax></bndbox></object><object><name>N&#227;o Cisto</name><pose>Unspecified</pose><truncated>0</truncated><difficult>0</difficult><bndbox><xmin>579</xmin><ymin>413</ymin><xmax>637</xmax><ymax>479</ymax></bndbox></object><object><name>N&#227;o Cisto</name><pose>Unspecified</pose><truncated>0</truncated><difficult>0</difficult><bndbox><xmin>544</xmin><ymin>290</ymin><xmax>571</xmax><ymax>319</ymax></bndbox></object><object><name>N&#227;o Cisto</name><pose>Unspecified</pose><truncated>0</truncated><difficult>0</difficult><bndbox><xmin>518</xmin><ymin>257</ymin><xmax>547</xmax><ymax>285</ymax></bndbox></object><object><name>N&#227;o Cisto</name><pose>Unspecified</pose><truncated>0</truncated><difficult>0</difficult><bndbox><xmin>388</xmin><ymin>224</ymin><xmax>419</xmax><ymax>271</ymax></bndbox></object><object><name>N&#227;o Cisto</name><pose>Unspecified</pose><truncated>0</truncated><difficult>0</difficult><bndbox><xmin>371</xmin><ymin>257</ymin><xmax>399</xmax><ymax>282</ymax></bndbox></object><object><name>N&#227;o Cisto</name><pose>Unspecified</pose><truncated>0</truncated><difficult>0</difficult><bndbox><xmin>124</xmin><ymin>183</ymin><xmax>191</xmax><ymax>239</ymax></bndbox></object><object><name>N&#227;o Cisto</name><pose>Unspecified</pose><truncated>0</truncated><difficult>0</difficult><bndbox><xmin>225</xmin><ymin>335</ymin><xmax>275</xmax><ymax>373</ymax></bndbox></object></annotation>