<annotation><folder>images</folder><filename>Cisto787.jpg</filename><path>images/Cisto787.jpg</path><source><database>darwin</database></source><size><width>640</width><height>480</height><depth>3</depth></size><segmented>0</segmented><object><name>Cisto Vi&#225;vel</name><pose>Unspecified</pose><truncated>0</truncated><difficult>0</difficult><bndbox><xmin>219</xmin><ymin>328</ymin><xmax>270</xmax><ymax>373</ymax></bndbox></object><object><name>Cisto Invi&#225;vel</name><pose>Unspecified</pose><truncated>0</truncated><difficult>0</difficult><bndbox><xmin>184</xmin><ymin>225</ymin><xmax>235</xmax><ymax>276</ymax></bndbox></object><object><name>Cisto Invi&#225;vel</name><pose>Unspecified</pose><truncated>0</truncated><difficult>0</difficult><bndbox><xmin>100</xmin><ymin>232</ymin><xmax>138</xmax><ymax>274</ymax></bndbox></object><object><name>Cisto Invi&#225;vel</name><pose>Unspecified</pose><truncated>0</truncated><difficult>0</difficult><bndbox><xmin>13</xmin><ymin>189</ymin><xmax>68</xmax><ymax>231</ymax></bndbox></object><object><name>Cisto Invi&#225;vel</name><pose>Unspecified</pose><truncated>0</truncated><difficult>0</difficult><bndbox><xmin>255</xmin><ymin>396</ymin><xmax>297</xmax><ymax>437</ymax></bndbox></object><object><name>N&#227;o Cisto</name><pose>Unspecified</pose><truncated>0</truncated><difficult>0</difficult><bndbox><xmin>473</xmin><ymin>284</ymin><xmax>531</xmax><ymax>367</ymax></bndbox></object></annotation>