<annotation><folder>images</folder><filename>Cisto742.jpg</filename><path>images/Cisto742.jpg</path><source><database>darwin</database></source><size><width>640</width><height>480</height><depth>3</depth></size><segmented>0</segmented><object><name>Cisto Invi&#225;vel</name><pose>Unspecified</pose><truncated>0</truncated><difficult>0</difficult><bndbox><xmin>345</xmin><ymin>244</ymin><xmax>391</xmax><ymax>291</ymax></bndbox></object><object><name>Cisto Invi&#225;vel</name><pose>Unspecified</pose><truncated>0</truncated><difficult>0</difficult><bndbox><xmin>438</xmin><ymin>79</ymin><xmax>493</xmax><ymax>123</ymax></bndbox></object><object><name>Cisto Vi&#225;vel</name><pose>Unspecified</pose><truncated>0</truncated><difficult>0</difficult><bndbox><xmin>165</xmin><ymin>76</ymin><xmax>213</xmax><ymax>124</ymax></bndbox></object></annotation>