<annotation><folder>images</folder><filename>Cisto1040.jpg</filename><path>images/Cisto1040.jpg</path><source><database>darwin</database></source><size><width>640</width><height>480</height><depth>3</depth></size><segmented>0</segmented><object><name>N&#227;o Cisto</name><pose>Unspecified</pose><truncated>0</truncated><difficult>0</difficult><bndbox><xmin>529</xmin><ymin>285</ymin><xmax>565</xmax><ymax>336</ymax></bndbox></object><object><name>Cisto Invi&#225;vel</name><pose>Unspecified</pose><truncated>0</truncated><difficult>0</difficult><bndbox><xmin>239</xmin><ymin>116</ymin><xmax>270</xmax><ymax>146</ymax></bndbox></object><object><name>Cisto Invi&#225;vel</name><pose>Unspecified</pose><truncated>0</truncated><difficult>0</difficult><bndbox><xmin>526</xmin><ymin>160</ymin><xmax>559</xmax><ymax>191</ymax></bndbox></object></annotation>