<annotation><folder>images</folder><filename>Cisto767.jpg</filename><path>images/Cisto767.jpg</path><source><database>darwin</database></source><size><width>640</width><height>480</height><depth>3</depth></size><segmented>0</segmented><object><name>Cisto Vi&#225;vel</name><pose>Unspecified</pose><truncated>0</truncated><difficult>0</difficult><bndbox><xmin>35</xmin><ymin>186</ymin><xmax>83</xmax><ymax>238</ymax></bndbox></object><object><name>N&#227;o Cisto</name><pose>Unspecified</pose><truncated>0</truncated><difficult>0</difficult><bndbox><xmin>65</xmin><ymin>63</ymin><xmax>120</xmax><ymax>153</ymax></bndbox></object></annotation>