<annotation><folder>images</folder><filename>Cisto895.jpg</filename><path>images/Cisto895.jpg</path><source><database>darwin</database></source><size><width>640</width><height>480</height><depth>3</depth></size><segmented>0</segmented><object><name>Cisto Vi&#225;vel</name><pose>Unspecified</pose><truncated>0</truncated><difficult>0</difficult><bndbox><xmin>484</xmin><ymin>247</ymin><xmax>522</xmax><ymax>284</ymax></bndbox></object><object><name>N&#227;o Cisto</name><pose>Unspecified</pose><truncated>0</truncated><difficult>0</difficult><bndbox><xmin>335</xmin><ymin>290</ymin><xmax>455</xmax><ymax>372</ymax></bndbox></object></annotation>