<annotation><folder>images</folder><filename>Cisto5.jpg</filename><path>images/Cisto5.jpg</path><source><database>darwin</database></source><size><width>640</width><height>480</height><depth>3</depth></size><segmented>0</segmented><object><name>Cisto Vi&#225;vel</name><pose>Unspecified</pose><truncated>0</truncated><difficult>0</difficult><bndbox><xmin>222</xmin><ymin>81</ymin><xmax>286</xmax><ymax>139</ymax></bndbox></object><object><name>N&#227;o Cisto</name><pose>Unspecified</pose><truncated>0</truncated><difficult>0</difficult><bndbox><xmin>105</xmin><ymin>268</ymin><xmax>192</xmax><ymax>329</ymax></bndbox></object></annotation>