<annotation><folder>images</folder><filename>Cisto888.jpg</filename><path>images/Cisto888.jpg</path><source><database>darwin</database></source><size><width>640</width><height>480</height><depth>3</depth></size><segmented>0</segmented><object><name>N&#227;o Cisto</name><pose>Unspecified</pose><truncated>0</truncated><difficult>0</difficult><bndbox><xmin>283</xmin><ymin>8</ymin><xmax>358</xmax><ymax>50</ymax></bndbox></object><object><name>Cisto Vi&#225;vel</name><pose>Unspecified</pose><truncated>0</truncated><difficult>0</difficult><bndbox><xmin>348</xmin><ymin>245</ymin><xmax>406</xmax><ymax>314</ymax></bndbox></object></annotation>