<annotation><folder>images</folder><filename>Cisto366.jpg</filename><path>images/Cisto366.jpg</path><source><database>darwin</database></source><size><width>640</width><height>480</height><depth>3</depth></size><segmented>0</segmented><object><name>N&#227;o Cisto</name><pose>Unspecified</pose><truncated>0</truncated><difficult>0</difficult><bndbox><xmin>3</xmin><ymin>18</ymin><xmax>149</xmax><ymax>168</ymax></bndbox></object><object><name>N&#227;o Cisto</name><pose>Unspecified</pose><truncated>0</truncated><difficult>0</difficult><bndbox><xmin>50</xmin><ymin>340</ymin><xmax>78</xmax><ymax>371</ymax></bndbox></object><object><name>N&#227;o Cisto</name><pose>Unspecified</pose><truncated>0</truncated><difficult>0</difficult><bndbox><xmin>257</xmin><ymin>220</ymin><xmax>285</xmax><ymax>246</ymax></bndbox></object><object><name>N&#227;o Cisto</name><pose>Unspecified</pose><truncated>0</truncated><difficult>0</difficult><bndbox><xmin>313</xmin><ymin>196</ymin><xmax>342</xmax><ymax>222</ymax></bndbox></object><object><name>N&#227;o Cisto</name><pose>Unspecified</pose><truncated>0</truncated><difficult>0</difficult><bndbox><xmin>194</xmin><ymin>68</ymin><xmax>316</xmax><ymax>147</ymax></bndbox></object><object><name>N&#227;o Cisto</name><pose>Unspecified</pose><truncated>0</truncated><difficult>0</difficult><bndbox><xmin>252</xmin><ymin>370</ymin><xmax>344</xmax><ymax>479</ymax></bndbox></object><object><name>N&#227;o Cisto</name><pose>Unspecified</pose><truncated>0</truncated><difficult>0</difficult><bndbox><xmin>564</xmin><ymin>69</ymin><xmax>589</xmax><ymax>124</ymax></bndbox></object><object><name>Cisto Vi&#225;vel</name><pose>Unspecified</pose><truncated>0</truncated><difficult>0</difficult><bndbox><xmin>201</xmin><ymin>302</ymin><xmax>263</xmax><ymax>370</ymax></bndbox></object><object><name>Cisto Vi&#225;vel</name><pose>Unspecified</pose><truncated>0</truncated><difficult>0</difficult><bndbox><xmin>294</xmin><ymin>54</ymin><xmax>331</xmax><ymax>90</ymax></bndbox></object><object><name>Cisto Vi&#225;vel</name><pose>Unspecified</pose><truncated>0</truncated><difficult>0</difficult><bndbox><xmin>358</xmin><ymin>261</ymin><xmax>384</xmax><ymax>286</ymax></bndbox></object><object><name>Cisto Vi&#225;vel</name><pose>Unspecified</pose><truncated>0</truncated><difficult>0</difficult><bndbox><xmin>385</xmin><ymin>281</ymin><xmax>419</xmax><ymax>310</ymax></bndbox></object></annotation>