<annotation><folder>images</folder><filename>Cisto644.jpg</filename><path>images/Cisto644.jpg</path><source><database>darwin</database></source><size><width>640</width><height>480</height><depth>3</depth></size><segmented>0</segmented><object><name>Cisto Vi&#225;vel</name><pose>Unspecified</pose><truncated>0</truncated><difficult>0</difficult><bndbox><xmin>237</xmin><ymin>169</ymin><xmax>286</xmax><ymax>214</ymax></bndbox></object><object><name>N&#227;o Cisto</name><pose>Unspecified</pose><truncated>0</truncated><difficult>0</difficult><bndbox><xmin>339</xmin><ymin>56</ymin><xmax>414</xmax><ymax>91</ymax></bndbox></object></annotation>