<annotation><folder>images</folder><filename>Cisto753.jpg</filename><path>images/Cisto753.jpg</path><source><database>darwin</database></source><size><width>640</width><height>480</height><depth>3</depth></size><segmented>0</segmented><object><name>Cisto Vi&#225;vel</name><pose>Unspecified</pose><truncated>0</truncated><difficult>0</difficult><bndbox><xmin>193</xmin><ymin>179</ymin><xmax>230</xmax><ymax>215</ymax></bndbox></object><object><name>N&#227;o Cisto</name><pose>Unspecified</pose><truncated>0</truncated><difficult>0</difficult><bndbox><xmin>167</xmin><ymin>37</ymin><xmax>230</xmax><ymax>102</ymax></bndbox></object></annotation>