<annotation><folder>images</folder><filename>Cisto1084.jpg</filename><path>images/Cisto1084.jpg</path><source><database>darwin</database></source><size><width>640</width><height>480</height><depth>3</depth></size><segmented>0</segmented><object><name>Cisto Invi&#225;vel</name><pose>Unspecified</pose><truncated>0</truncated><difficult>0</difficult><bndbox><xmin>338</xmin><ymin>186</ymin><xmax>371</xmax><ymax>216</ymax></bndbox></object><object><name>N&#227;o Cisto</name><pose>Unspecified</pose><truncated>0</truncated><difficult>0</difficult><bndbox><xmin>447</xmin><ymin>12</ymin><xmax>527</xmax><ymax>77</ymax></bndbox></object></annotation>