<annotation><folder>images</folder><filename>Cisto464.jpg</filename><path>images/Cisto464.jpg</path><source><database>darwin</database></source><size><width>640</width><height>480</height><depth>3</depth></size><segmented>0</segmented><object><name>N&#227;o Cisto</name><pose>Unspecified</pose><truncated>0</truncated><difficult>0</difficult><bndbox><xmin>110</xmin><ymin>216</ymin><xmax>140</xmax><ymax>245</ymax></bndbox></object><object><name>N&#227;o Cisto</name><pose>Unspecified</pose><truncated>0</truncated><difficult>0</difficult><bndbox><xmin>395</xmin><ymin>247</ymin><xmax>445</xmax><ymax>291</ymax></bndbox></object><object><name>N&#227;o Cisto</name><pose>Unspecified</pose><truncated>0</truncated><difficult>0</difficult><bndbox><xmin>490</xmin><ymin>278</ymin><xmax>537</xmax><ymax>324</ymax></bndbox></object><object><name>N&#227;o Cisto</name><pose>Unspecified</pose><truncated>0</truncated><difficult>0</difficult><bndbox><xmin>519</xmin><ymin>214</ymin><xmax>571</xmax><ymax>260</ymax></bndbox></object><object><name>N&#227;o Cisto</name><pose>Unspecified</pose><truncated>0</truncated><difficult>0</difficult><bndbox><xmin>313</xmin><ymin>259</ymin><xmax>342</xmax><ymax>292</ymax></bndbox></object><object><name>N&#227;o Cisto</name><pose>Unspecified</pose><truncated>0</truncated><difficult>0</difficult><bndbox><xmin>261</xmin><ymin>429</ymin><xmax>305</xmax><ymax>470</ymax></bndbox></object><object><name>N&#227;o Cisto</name><pose>Unspecified</pose><truncated>0</truncated><difficult>0</difficult><bndbox><xmin>28</xmin><ymin>276</ymin><xmax>150</xmax><ymax>364</ymax></bndbox></object><object><name>N&#227;o Cisto</name><pose>Unspecified</pose><truncated>0</truncated><difficult>0</difficult><bndbox><xmin>6</xmin><ymin>352</ymin><xmax>145</xmax><ymax>476</ymax></bndbox></object><object><name>Cisto Vi&#225;vel</name><pose>Unspecified</pose><truncated>0</truncated><difficult>0</difficult><bndbox><xmin>246</xmin><ymin>258</ymin><xmax>306</xmax><ymax>319</ymax></bndbox></object></annotation>