<annotation><folder>images</folder><filename>Cisto509.jpg</filename><path>images/Cisto509.jpg</path><source><database>darwin</database></source><size><width>640</width><height>480</height><depth>3</depth></size><segmented>0</segmented><object><name>Cisto Vi&#225;vel</name><pose>Unspecified</pose><truncated>0</truncated><difficult>0</difficult><bndbox><xmin>65</xmin><ymin>146</ymin><xmax>133</xmax><ymax>204</ymax></bndbox></object><object><name>N&#227;o Cisto</name><pose>Unspecified</pose><truncated>0</truncated><difficult>0</difficult><bndbox><xmin>174</xmin><ymin>113</ymin><xmax>222</xmax><ymax>169</ymax></bndbox></object></annotation>