<annotation><folder>images</folder><filename>Cisto141.jpg</filename><path>images/Cisto141.jpg</path><source><database>darwin</database></source><size><width>640</width><height>480</height><depth>3</depth></size><segmented>0</segmented><object><name>Cisto Vi&#225;vel</name><pose>Unspecified</pose><truncated>0</truncated><difficult>0</difficult><bndbox><xmin>230</xmin><ymin>281</ymin><xmax>294</xmax><ymax>349</ymax></bndbox></object><object><name>N&#227;o Cisto</name><pose>Unspecified</pose><truncated>0</truncated><difficult>0</difficult><bndbox><xmin>250</xmin><ymin>350</ymin><xmax>354</xmax><ymax>456</ymax></bndbox></object></annotation>