<annotation><folder>images</folder><filename>Cisto843.jpg</filename><path>images/Cisto843.jpg</path><source><database>darwin</database></source><size><width>640</width><height>480</height><depth>3</depth></size><segmented>0</segmented><object><name>Cisto Invi&#225;vel</name><pose>Unspecified</pose><truncated>0</truncated><difficult>0</difficult><bndbox><xmin>270</xmin><ymin>61</ymin><xmax>314</xmax><ymax>102</ymax></bndbox></object><object><name>Cisto Invi&#225;vel</name><pose>Unspecified</pose><truncated>0</truncated><difficult>0</difficult><bndbox><xmin>552</xmin><ymin>416</ymin><xmax>594</xmax><ymax>474</ymax></bndbox></object></annotation>