<annotation><folder>images</folder><filename>Cisto701.jpg</filename><path>images/Cisto701.jpg</path><source><database>darwin</database></source><size><width>640</width><height>480</height><depth>3</depth></size><segmented>0</segmented><object><name>N&#227;o Cisto</name><pose>Unspecified</pose><truncated>0</truncated><difficult>0</difficult><bndbox><xmin>335</xmin><ymin>144</ymin><xmax>412</xmax><ymax>214</ymax></bndbox></object><object><name>Cisto Vi&#225;vel</name><pose>Unspecified</pose><truncated>0</truncated><difficult>0</difficult><bndbox><xmin>352</xmin><ymin>243</ymin><xmax>388</xmax><ymax>292</ymax></bndbox></object></annotation>