<annotation><folder>images</folder><filename>Cisto511.jpg</filename><path>images/Cisto511.jpg</path><source><database>darwin</database></source><size><width>640</width><height>480</height><depth>3</depth></size><segmented>0</segmented><object><name>Cisto Vi&#225;vel</name><pose>Unspecified</pose><truncated>0</truncated><difficult>0</difficult><bndbox><xmin>99</xmin><ymin>57</ymin><xmax>173</xmax><ymax>123</ymax></bndbox></object><object><name>N&#227;o Cisto</name><pose>Unspecified</pose><truncated>0</truncated><difficult>0</difficult><bndbox><xmin>371</xmin><ymin>168</ymin><xmax>416</xmax><ymax>206</ymax></bndbox></object></annotation>