<annotation><folder>images</folder><filename>Cisto930.jpg</filename><path>images/Cisto930.jpg</path><source><database>darwin</database></source><size><width>640</width><height>480</height><depth>3</depth></size><segmented>0</segmented><object><name>Cisto Invi&#225;vel</name><pose>Unspecified</pose><truncated>0</truncated><difficult>0</difficult><bndbox><xmin>161</xmin><ymin>276</ymin><xmax>222</xmax><ymax>325</ymax></bndbox></object><object><name>Cisto Vi&#225;vel</name><pose>Unspecified</pose><truncated>0</truncated><difficult>0</difficult><bndbox><xmin>187</xmin><ymin>126</ymin><xmax>263</xmax><ymax>199</ymax></bndbox></object></annotation>