<annotation><folder>images</folder><filename>Cisto385.jpg</filename><path>images/Cisto385.jpg</path><source><database>darwin</database></source><size><width>640</width><height>480</height><depth>3</depth></size><segmented>0</segmented><object><name>Cisto Vi&#225;vel</name><pose>Unspecified</pose><truncated>0</truncated><difficult>0</difficult><bndbox><xmin>161</xmin><ymin>157</ymin><xmax>190</xmax><ymax>190</ymax></bndbox></object><object><name>Cisto Vi&#225;vel</name><pose>Unspecified</pose><truncated>0</truncated><difficult>0</difficult><bndbox><xmin>316</xmin><ymin>373</ymin><xmax>373</xmax><ymax>410</ymax></bndbox></object><object><name>Cisto Invi&#225;vel</name><pose>Unspecified</pose><truncated>0</truncated><difficult>0</difficult><bndbox><xmin>96</xmin><ymin>174</ymin><xmax>147</xmax><ymax>226</ymax></bndbox></object></annotation>