<annotation><folder>images</folder><filename>Cisto995.jpg</filename><path>images/Cisto995.jpg</path><source><database>darwin</database></source><size><width>640</width><height>480</height><depth>3</depth></size><segmented>0</segmented><object><name>Cisto Invi&#225;vel</name><pose>Unspecified</pose><truncated>0</truncated><difficult>0</difficult><bndbox><xmin>256</xmin><ymin>149</ymin><xmax>294</xmax><ymax>179</ymax></bndbox></object><object><name>Cisto Invi&#225;vel</name><pose>Unspecified</pose><truncated>0</truncated><difficult>0</difficult><bndbox><xmin>207</xmin><ymin>192</ymin><xmax>240</xmax><ymax>222</ymax></bndbox></object><object><name>N&#227;o Cisto</name><pose>Unspecified</pose><truncated>0</truncated><difficult>0</difficult><bndbox><xmin>395</xmin><ymin>213</ymin><xmax>443</xmax><ymax>293</ymax></bndbox></object></annotation>