<annotation><folder>images</folder><filename>Cisto1082.jpg</filename><path>images/Cisto1082.jpg</path><source><database>darwin</database></source><size><width>640</width><height>480</height><depth>3</depth></size><segmented>0</segmented><object><name>Cisto Invi&#225;vel</name><pose>Unspecified</pose><truncated>0</truncated><difficult>0</difficult><bndbox><xmin>195</xmin><ymin>146</ymin><xmax>286</xmax><ymax>232</ymax></bndbox></object><object><name>Cisto Invi&#225;vel</name><pose>Unspecified</pose><truncated>0</truncated><difficult>0</difficult><bndbox><xmin>277</xmin><ymin>246</ymin><xmax>315</xmax><ymax>297</ymax></bndbox></object><object><name>Cisto Invi&#225;vel</name><pose>Unspecified</pose><truncated>0</truncated><difficult>0</difficult><bndbox><xmin>446</xmin><ymin>436</ymin><xmax>493</xmax><ymax>478</ymax></bndbox></object></annotation>