<annotation><folder>images</folder><filename>Cisto543.jpg</filename><path>images/Cisto543.jpg</path><source><database>darwin</database></source><size><width>640</width><height>480</height><depth>3</depth></size><segmented>0</segmented><object><name>N&#227;o Cisto</name><pose>Unspecified</pose><truncated>0</truncated><difficult>0</difficult><bndbox><xmin>170</xmin><ymin>287</ymin><xmax>253</xmax><ymax>360</ymax></bndbox></object><object><name>Cisto Vi&#225;vel</name><pose>Unspecified</pose><truncated>0</truncated><difficult>0</difficult><bndbox><xmin>127</xmin><ymin>210</ymin><xmax>171</xmax><ymax>243</ymax></bndbox></object></annotation>