<annotation><folder>images</folder><filename>Cisto1058.jpg</filename><path>images/Cisto1058.jpg</path><source><database>darwin</database></source><size><width>640</width><height>480</height><depth>3</depth></size><segmented>0</segmented><object><name>Cisto Vi&#225;vel</name><pose>Unspecified</pose><truncated>0</truncated><difficult>0</difficult><bndbox><xmin>91</xmin><ymin>102</ymin><xmax>129</xmax><ymax>147</ymax></bndbox></object><object><name>N&#227;o Cisto</name><pose>Unspecified</pose><truncated>0</truncated><difficult>0</difficult><bndbox><xmin>172</xmin><ymin>17</ymin><xmax>260</xmax><ymax>95</ymax></bndbox></object></annotation>