<annotation><folder>images</folder><filename>Cisto534.jpg</filename><path>images/Cisto534.jpg</path><source><database>darwin</database></source><size><width>640</width><height>480</height><depth>3</depth></size><segmented>0</segmented><object><name>N&#227;o Cisto</name><pose>Unspecified</pose><truncated>0</truncated><difficult>0</difficult><bndbox><xmin>360</xmin><ymin>75</ymin><xmax>413</xmax><ymax>151</ymax></bndbox></object><object><name>Cisto Vi&#225;vel</name><pose>Unspecified</pose><truncated>0</truncated><difficult>0</difficult><bndbox><xmin>80</xmin><ymin>282</ymin><xmax>117</xmax><ymax>324</ymax></bndbox></object></annotation>