<annotation><folder>images</folder><filename>Cisto510.jpg</filename><path>images/Cisto510.jpg</path><source><database>darwin</database></source><size><width>640</width><height>480</height><depth>3</depth></size><segmented>0</segmented><object><name>N&#227;o Cisto</name><pose>Unspecified</pose><truncated>0</truncated><difficult>0</difficult><bndbox><xmin>203</xmin><ymin>120</ymin><xmax>285</xmax><ymax>156</ymax></bndbox></object><object><name>Cisto Vi&#225;vel</name><pose>Unspecified</pose><truncated>0</truncated><difficult>0</difficult><bndbox><xmin>371</xmin><ymin>215</ymin><xmax>440</xmax><ymax>271</ymax></bndbox></object></annotation>