<annotation><folder>images</folder><filename>Cisto550.jpg</filename><path>images/Cisto550.jpg</path><source><database>darwin</database></source><size><width>640</width><height>480</height><depth>3</depth></size><segmented>0</segmented><object><name>N&#227;o Cisto</name><pose>Unspecified</pose><truncated>0</truncated><difficult>0</difficult><bndbox><xmin>182</xmin><ymin>345</ymin><xmax>279</xmax><ymax>414</ymax></bndbox></object><object><name>Cisto Vi&#225;vel</name><pose>Unspecified</pose><truncated>0</truncated><difficult>0</difficult><bndbox><xmin>310</xmin><ymin>305</ymin><xmax>354</xmax><ymax>349</ymax></bndbox></object></annotation>