<annotation><folder>images</folder><filename>Cisto802.jpg</filename><path>images/Cisto802.jpg</path><source><database>darwin</database></source><size><width>640</width><height>480</height><depth>3</depth></size><segmented>0</segmented><object><name>Cisto Invi&#225;vel</name><pose>Unspecified</pose><truncated>0</truncated><difficult>0</difficult><bndbox><xmin>326</xmin><ymin>182</ymin><xmax>378</xmax><ymax>223</ymax></bndbox></object><object><name>N&#227;o Cisto</name><pose>Unspecified</pose><truncated>0</truncated><difficult>0</difficult><bndbox><xmin>383</xmin><ymin>122</ymin><xmax>462</xmax><ymax>236</ymax></bndbox></object></annotation>