<annotation><folder>images</folder><filename>Cisto867.jpg</filename><path>images/Cisto867.jpg</path><source><database>darwin</database></source><size><width>640</width><height>480</height><depth>3</depth></size><segmented>0</segmented><object><name>Cisto Invi&#225;vel</name><pose>Unspecified</pose><truncated>0</truncated><difficult>0</difficult><bndbox><xmin>520</xmin><ymin>160</ymin><xmax>601</xmax><ymax>215</ymax></bndbox></object><object><name>N&#227;o Cisto</name><pose>Unspecified</pose><truncated>0</truncated><difficult>0</difficult><bndbox><xmin>40</xmin><ymin>161</ymin><xmax>95</xmax><ymax>236</ymax></bndbox></object></annotation>