<annotation><folder>images</folder><filename>Cisto41.jpg</filename><path>images/Cisto41.jpg</path><source><database>darwin</database></source><size><width>640</width><height>480</height><depth>3</depth></size><segmented>0</segmented><object><name>Cisto Vi&#225;vel</name><pose>Unspecified</pose><truncated>0</truncated><difficult>0</difficult><bndbox><xmin>304</xmin><ymin>252</ymin><xmax>351</xmax><ymax>307</ymax></bndbox></object><object><name>Cisto Invi&#225;vel</name><pose>Unspecified</pose><truncated>0</truncated><difficult>0</difficult><bndbox><xmin>231</xmin><ymin>265</ymin><xmax>292</xmax><ymax>330</ymax></bndbox></object><object><name>Cisto Invi&#225;vel</name><pose>Unspecified</pose><truncated>0</truncated><difficult>0</difficult><bndbox><xmin>280</xmin><ymin>0</ymin><xmax>327</xmax><ymax>38</ymax></bndbox></object></annotation>