{
  "dataset": "Cisto",
  "image": {
    "width": 640,
    "height": 480,
    "original_filename": "Cisto469.jpg",
    "filename": "Cisto469.jpg",
    "url": "https://darwin.v7labs.com/api/images/38437858/original",
    "thumbnail_url": "https://darwin.v7labs.com/api/images/38437858/thumbnail",
    "path": "/",
    "workview_url": "https://darwin.v7labs.com/workview?dataset=38016&image=197"
  },
  "annotations": [
    {
      "bounding_box": {
        "h": 52.91,
        "w": 40.64,
        "x": 411.25,
        "y": 197.83
      },
      "name": "Cisto Viável"
    },
    {
      "bounding_box": {
        "h": 52.91,
        "w": 56.74,
        "x": 515.53,
        "y": 174.06
      },
      "name": "Cisto Viável"
    },
    {
      "bounding_box": {
        "h": 30.67,
        "w": 45.24,
        "x": 358.34,
        "y": 223.13
      },
      "name": "Cisto Viável"
    },
    {
      "bounding_box": {
        "h": 25.3,
        "w": 43.71,
        "x": 372.91,
        "y": 247.67
      },
      "name": "Cisto Inviável"
    },
    {
      "bounding_box": {
        "h": 71.4,
        "w": 81.67,
        "x": 132.54,
        "y": 142.74
      },
      "name": "Não Cisto"
    },
    {
      "bounding_box": {
        "h": 34.08,
        "w": 45.43,
        "x": 28.15,
        "y": 237.4
      },
      "name": "Não Cisto"
    }
  ]
}