{
  "dataset": "Cisto",
  "image": {
    "width": 640,
    "height": 480,
    "original_filename": "Cisto323.jpg",
    "filename": "Cisto323.jpg",
    "url": "https://darwin.v7labs.com/api/images/38437753/original",
    "thumbnail_url": "https://darwin.v7labs.com/api/images/38437753/thumbnail",
    "path": "/",
    "workview_url": "https://darwin.v7labs.com/workview?dataset=38016&image=92"
  },
  "annotations": [
    {
      "bounding_box": {
        "h": 29.14,
        "w": 27.6,
        "x": 166.65,
        "y": 151.82
      },
      "name": "Cisto Viável"
    },
    {
      "bounding_box": {
        "h": 46.77,
        "w": 42.17,
        "x": 180.45,
        "y": 174.06
      },
      "name": "Cisto Viável"
    },
    {
      "bounding_box": {
        "h": 48.31,
        "w": 44.47,
        "x": 171.25,
        "y": 250.73
      },
      "name": "Cisto Viável"
    },
    {
      "bounding_box": {
        "h": 59.81,
        "w": 45.24,
        "x": 106.84,
        "y": 288.31
      },
      "name": "Cisto Viável"
    },
    {
      "bounding_box": {
        "h": 49.84,
        "w": 30.67,
        "x": 129.84,
        "y": 361.92
      },
      "name": "Cisto Viável"
    },
    {
      "bounding_box": {
        "h": 40.64,
        "w": 37.57,
        "x": 103.0,
        "y": 231.57
      },
      "name": "Cisto Viável"
    },
    {
      "bounding_box": {
        "h": 55.97,
        "w": 49.84,
        "x": 205.75,
        "y": 305.94
      },
      "name": "Cisto Viável"
    },
    {
      "bounding_box": {
        "h": 38.61,
        "w": 58.35,
        "x": 44.16,
        "y": 354.65
      },
      "name": "Cisto Viável"
    },
    {
      "bounding_box": {
        "h": 48.91,
        "w": 36.04,
        "x": 48.45,
        "y": 62.05
      },
      "name": "Cisto Viável"
    },
    {
      "bounding_box": {
        "h": 44.62,
        "w": 41.19,
        "x": 238.94,
        "y": 272.28
      },
      "name": "Cisto Inviável"
    },
    {
      "bounding_box": {
        "h": 31.75,
        "w": 31.75,
        "x": 185.74,
        "y": 225.08
      },
      "name": "Cisto Inviável"
    },
    {
      "bounding_box": {
        "h": 57.49,
        "w": 38.61,
        "x": 135.97,
        "y": 267.99
      },
      "name": "Cisto Inviável"
    },
    {
      "bounding_box": {
        "h": 55.77,
        "w": 59.21,
        "x": 3.83,
        "y": 324.62
      },
      "name": "Cisto Inviável"
    },
    {
      "bounding_box": {
        "h": 74.65,
        "w": 67.79,
        "x": 389.96,
        "y": 177.89
      },
      "name": "Cisto Inviável"
    },
    {
      "bounding_box": {
        "h": 48.91,
        "w": 61.78,
        "x": 66.47,
        "y": 14.85
      },
      "name": "Não Cisto"
    },
    {
      "bounding_box": {
        "h": 42.9,
        "w": 48.91,
        "x": 135.12,
        "y": 32.87
      },
      "name": "Não Cisto"
    },
    {
      "bounding_box": {
        "h": 43.76,
        "w": 37.76,
        "x": 245.81,
        "y": 19.15
      },
      "name": "Não Cisto"
    },
    {
      "bounding_box": {
        "h": 30.03,
        "w": 24.03,
        "x": 177.16,
        "y": 51.75
      },
      "name": "Não Cisto"
    },
    {
      "bounding_box": {
        "h": 43.76,
        "w": 106.4,
        "x": 219.21,
        "y": 87.79
      },
      "name": "Não Cisto"
    },
    {
      "bounding_box": {
        "h": 42.05,
        "w": 110.69,
        "x": 221.78,
        "y": 145.28
      },
      "name": "Não Cisto"
    },
    {
      "bounding_box": {
        "h": 28.32,
        "w": 53.2,
        "x": 14.13,
        "y": 38.02
      },
      "name": "Não Cisto"
    },
    {
      "bounding_box": {
        "h": 34.32,
        "w": 32.61,
        "x": 12.41,
        "y": 104.95
      },
      "name": "Não Cisto"
    },
    {
      "bounding_box": {
        "h": 73.79,
        "w": 89.24,
        "x": 8.98,
        "y": 135.84
      },
      "name": "Não Cisto"
    },
    {
      "bounding_box": {
        "h": 29.17,
        "w": 41.19,
        "x": 53.6,
        "y": 207.92
      },
      "name": "Não Cisto"
    },
    {
      "bounding_box": {
        "h": 55.53,
        "w": 106.76,
        "x": 43.45,
        "y": 422.43
      },
      "name": "Não Cisto"
    },
    {
      "bounding_box": {
        "h": 19.46,
        "w": 32.91,
        "x": 189.71,
        "y": 355.75
      },
      "name": "Não Cisto"
    },
    {
      "bounding_box": {
        "h": 29.48,
        "w": 24.04,
        "x": 161.37,
        "y": 340.29
      },
      "name": "Não Cisto"
    },
    {
      "bounding_box": {
        "h": 32.06,
        "w": 40.93,
        "x": 226.92,
        "y": 363.76
      },
      "name": "Não Cisto"
    },
    {
      "bounding_box": {
        "h": 40.81,
        "w": 37.47,
        "x": 536.24,
        "y": 166.71
      },
      "name": "Cisto Viável"
    },
    {
      "bounding_box": {
        "h": 36.13,
        "w": 34.79,
        "x": 518.18,
        "y": 186.78
      },
      "name": "Cisto Viável"
    },
    {
      "bounding_box": {
        "h": 60.95,
        "w": 49.7,
        "x": 452.31,
        "y": 365.39
      },
      "name": "Não Cisto"
    },
    {
      "bounding_box": {
        "h": 53.45,
        "w": 58.14,
        "x": 524.52,
        "y": 325.07
      },
      "name": "Não Cisto"
    },
    {
      "bounding_box": {
        "h": 36.57,
        "w": 47.82,
        "x": 467.32,
        "y": 228.49
      },
      "name": "Não Cisto"
    }
  ]
}