{
  "dataset": "Cisto",
  "image": {
    "width": 640,
    "height": 480,
    "original_filename": "Cisto460.jpg",
    "filename": "Cisto460.jpg",
    "url": "https://darwin.v7labs.com/api/images/38437846/original",
    "thumbnail_url": "https://darwin.v7labs.com/api/images/38437846/thumbnail",
    "path": "/",
    "workview_url": "https://darwin.v7labs.com/workview?dataset=38016&image=185"
  },
  "annotations": [
    {
      "bounding_box": {
        "h": 54.86,
        "w": 55.89,
        "x": 268.62,
        "y": 262.11
      },
      "name": "Cisto Viável"
    },
    {
      "bounding_box": {
        "h": 31.05,
        "w": 97.29,
        "x": 371.09,
        "y": 295.23
      },
      "name": "Não Cisto"
    },
    {
      "bounding_box": {
        "h": 30.02,
        "w": 45.54,
        "x": 598.8,
        "y": 329.39
      },
      "name": "Não Cisto"
    }
  ]
}