{
  "dataset": "Cisto",
  "image": {
    "width": 640,
    "height": 480,
    "original_filename": "Cisto301.jpg",
    "filename": "Cisto301.jpg",
    "url": "https://darwin.v7labs.com/api/images/38437709/original",
    "thumbnail_url": "https://darwin.v7labs.com/api/images/38437709/thumbnail",
    "path": "/",
    "workview_url": "https://darwin.v7labs.com/workview?dataset=38016&image=48"
  },
  "annotations": [
    {
      "bounding_box": {
        "h": 167.92,
        "w": 122.68,
        "x": 50.1,
        "y": 72.08
      },
      "name": "Não Cisto"
    },
    {
      "bounding_box": {
        "h": 70.54,
        "w": 66.71,
        "x": 230.29,
        "y": 108.88
      },
      "name": "Não Cisto"
    },
    {
      "bounding_box": {
        "h": 170.22,
        "w": 92.01,
        "x": 12.52,
        "y": 88.18
      },
      "name": "Não Cisto"
    },
    {
      "bounding_box": {
        "h": 35.27,
        "w": 32.97,
        "x": 283.19,
        "y": 32.2
      },
      "name": "Não Cisto"
    },
    {
      "bounding_box": {
        "h": 23.0,
        "w": 23.77,
        "x": 341.47,
        "y": 18.4
      },
      "name": "Não Cisto"
    },
    {
      "bounding_box": {
        "h": 30.67,
        "w": 39.11,
        "x": 441.92,
        "y": 253.04
      },
      "name": "Não Cisto"
    },
    {
      "bounding_box": {
        "h": 32.2,
        "w": 29.9,
        "x": 458.79,
        "y": 315.14
      },
      "name": "Não Cisto"
    },
    {
      "bounding_box": {
        "h": 36.81,
        "w": 36.81,
        "x": 599.11,
        "y": 154.12
      },
      "name": "Não Cisto"
    },
    {
      "bounding_box": {
        "h": 98.15,
        "w": 75.91,
        "x": 501.73,
        "y": 108.12
      },
      "name": "Não Cisto"
    },
    {
      "bounding_box": {
        "h": 47.54,
        "w": 46.77,
        "x": 201.92,
        "y": 6.13
      },
      "name": "Cisto Inviável"
    },
    {
      "bounding_box": {
        "h": 46.77,
        "w": 42.94,
        "x": 375.21,
        "y": 13.04
      },
      "name": "Cisto Inviável"
    },
    {
      "bounding_box": {
        "h": 55.21,
        "w": 58.27,
        "x": 169.71,
        "y": 216.23
      },
      "name": "Cisto Inviável"
    },
    {
      "bounding_box": {
        "h": 169.46,
        "w": 95.85,
        "x": 9.46,
        "y": 88.95
      },
      "name": "Não Cisto"
    }
  ]
}