{
  "dataset": "Cisto",
  "image": {
    "width": 640,
    "height": 480,
    "original_filename": "Cisto496.jpg",
    "filename": "Cisto496.jpg",
    "url": "https://darwin.v7labs.com/api/images/38437679/original",
    "thumbnail_url": "https://darwin.v7labs.com/api/images/38437679/thumbnail",
    "path": "/",
    "workview_url": "https://darwin.v7labs.com/workview?dataset=38016&image=18"
  },
  "annotations": [
    {
      "bounding_box": {
        "h": 51.37,
        "w": 46.77,
        "x": 454.19,
        "y": 412.52
      },
      "name": "Cisto Inviável"
    },
    {
      "bounding_box": {
        "h": 36.27,
        "w": 39.5,
        "x": 281.42,
        "y": 53.99
      },
      "name": "Cisto Viável"
    },
    {
      "bounding_box": {
        "h": 24.18,
        "w": 36.27,
        "x": 304.8,
        "y": 146.69
      },
      "name": "Cisto Viável"
    },
    {
      "bounding_box": {
        "h": 143.48,
        "w": 129.78,
        "x": 26.7,
        "y": 8.85
      },
      "name": "Não Cisto"
    },
    {
      "bounding_box": {
        "h": 68.52,
        "w": 35.47,
        "x": 170.99,
        "y": 405.44
      },
      "name": "Não Cisto"
    },
    {
      "bounding_box": {
        "h": 51.59,
        "w": 48.37,
        "x": 427.32,
        "y": 258.74
      },
      "name": "Não Cisto"
    },
    {
      "bounding_box": {
        "h": 87.06,
        "w": 48.37,
        "x": 381.38,
        "y": 190.22
      },
      "name": "Não Cisto"
    },
    {
      "bounding_box": {
        "h": 40.3,
        "w": 36.27,
        "x": 507.13,
        "y": 408.67
      },
      "name": "Não Cisto"
    },
    {
      "bounding_box": {
        "h": 32.24,
        "w": 152.35,
        "x": 83.13,
        "y": 160.39
      },
      "name": "Não Cisto"
    },
    {
      "bounding_box": {
        "h": 33.05,
        "w": 67.71,
        "x": 242.73,
        "y": 2.4
      },
      "name": "Não Cisto"
    },
    {
      "bounding_box": {
        "h": 53.2,
        "w": 30.63,
        "x": 202.43,
        "y": 62.05
      },
      "name": "Não Cisto"
    },
    {
      "bounding_box": {
        "h": 47.56,
        "w": 41.11,
        "x": 40.4,
        "y": 212.79
      },
      "name": "Não Cisto"
    },
    {
      "bounding_box": {
        "h": 61.26,
        "w": 44.33,
        "x": 62.97,
        "y": 277.28
      },
      "name": "Não Cisto"
    },
    {
      "bounding_box": {
        "h": 41.11,
        "w": 37.89,
        "x": 83.13,
        "y": 380.46
      },
      "name": "Não Cisto"
    },
    {
      "bounding_box": {
        "h": 30.04,
        "w": 52.18,
        "x": 328.08,
        "y": 72.68
      },
      "name": "Não Cisto"
    },
    {
      "bounding_box": {
        "h": 20.56,
        "w": 36.37,
        "x": 352.59,
        "y": 101.14
      },
      "name": "Não Cisto"
    }
  ]
}