{
  "dataset": "Cisto",
  "image": {
    "width": 640,
    "height": 480,
    "original_filename": "Cisto286.jpg",
    "filename": "Cisto286.jpg",
    "url": "https://darwin.v7labs.com/api/images/38437757/original",
    "thumbnail_url": "https://darwin.v7labs.com/api/images/38437757/thumbnail",
    "path": "/",
    "workview_url": "https://darwin.v7labs.com/workview?dataset=38016&image=96"
  },
  "annotations": [
    {
      "bounding_box": {
        "h": 85.88,
        "w": 79.74,
        "x": 231.05,
        "y": 170.22
      },
      "name": "Não Cisto"
    },
    {
      "bounding_box": {
        "h": 55.97,
        "w": 56.74,
        "x": 225.69,
        "y": 250.73
      },
      "name": "Cisto Viável"
    },
    {
      "bounding_box": {
        "h": 55.21,
        "w": 42.94,
        "x": 98.4,
        "y": 403.32
      },
      "name": "Cisto Viável"
    }
  ]
}