{
  "dataset": "Cisto",
  "image": {
    "width": 640,
    "height": 480,
    "original_filename": "Cisto369.jpg",
    "filename": "Cisto369.jpg",
    "url": "https://darwin.v7labs.com/api/images/38437710/original",
    "thumbnail_url": "https://darwin.v7labs.com/api/images/38437710/thumbnail",
    "path": "/",
    "workview_url": "https://darwin.v7labs.com/workview?dataset=38016&image=49"
  },
  "annotations": [
    {
      "bounding_box": {
        "h": 69.01,
        "w": 56.74,
        "x": 486.39,
        "y": 173.29
      },
      "name": "Cisto Inviável"
    },
    {
      "bounding_box": {
        "h": 67.48,
        "w": 73.61,
        "x": 424.28,
        "y": 401.02
      },
      "name": "Cisto Inviável"
    },
    {
      "bounding_box": {
        "h": 55.21,
        "w": 50.61,
        "x": 359.11,
        "y": 105.81
      },
      "name": "Cisto Inviável"
    },
    {
      "bounding_box": {
        "h": 56.74,
        "w": 84.35,
        "x": 300.83,
        "y": 1.53
      },
      "name": "Cisto Viável"
    },
    {
      "bounding_box": {
        "h": 25.9,
        "w": 29.74,
        "x": 180.83,
        "y": 58.07
      },
      "name": "Não Cisto"
    },
    {
      "bounding_box": {
        "h": 20.79,
        "w": 38.05,
        "x": 156.2,
        "y": 78.86
      },
      "name": "Não Cisto"
    },
    {
      "bounding_box": {
        "h": 28.46,
        "w": 42.21,
        "x": 192.66,
        "y": 111.47
      },
      "name": "Não Cisto"
    },
    {
      "bounding_box": {
        "h": 25.58,
        "w": 23.34,
        "x": 232.63,
        "y": 75.34
      },
      "name": "Não Cisto"
    },
    {
      "bounding_box": {
        "h": 31.98,
        "w": 25.9,
        "x": 276.76,
        "y": 117.23
      },
      "name": "Não Cisto"
    },
    {
      "bounding_box": {
        "h": 64.99,
        "w": 44.77,
        "x": 560.82,
        "y": 184.83
      },
      "name": "Não Cisto"
    },
    {
      "bounding_box": {
        "h": 36.83,
        "w": 41.22,
        "x": 231.52,
        "y": 305.75
      },
      "name": "Não Cisto"
    },
    {
      "bounding_box": {
        "h": 26.93,
        "w": 34.63,
        "x": 284.84,
        "y": 244.2
      },
      "name": "Não Cisto"
    },
    {
      "bounding_box": {
        "h": 25.83,
        "w": 35.73,
        "x": 365.64,
        "y": 300.26
      },
      "name": "Não Cisto"
    },
    {
      "bounding_box": {
        "h": 32.88,
        "w": 38.07,
        "x": 494.99,
        "y": 441.63
      },
      "name": "Não Cisto"
    },
    {
      "bounding_box": {
        "h": 41.53,
        "w": 67.48,
        "x": 274.38,
        "y": 168.25
      },
      "name": "Cisto Inviável"
    },
    {
      "bounding_box": {
        "h": 65.75,
        "w": 52.77,
        "x": 413.67,
        "y": 327.44
      },
      "name": "Cisto Inviável"
    },
    {
      "bounding_box": {
        "h": 38.93,
        "w": 41.53,
        "x": 340.13,
        "y": 344.74
      },
      "name": "Cisto Inviável"
    }
  ]
}