{
  "dataset": "Cisto",
  "image": {
    "width": 640,
    "height": 480,
    "original_filename": "Cisto65.jpg",
    "filename": "Cisto65.jpg",
    "url": "https://darwin.v7labs.com/api/images/38438161/original",
    "thumbnail_url": "https://darwin.v7labs.com/api/images/38438161/thumbnail",
    "path": "/",
    "workview_url": "https://darwin.v7labs.com/workview?dataset=38016&image=500"
  },
  "annotations": [
    {
      "bounding_box": {
        "h": 44.47,
        "w": 58.27,
        "x": 280.13,
        "y": 78.21
      },
      "name": "Cisto Viável"
    },
    {
      "bounding_box": {
        "h": 46.01,
        "w": 36.04,
        "x": 362.17,
        "y": 384.92
      },
      "name": "Cisto Viável"
    },
    {
      "bounding_box": {
        "h": 51.37,
        "w": 37.57,
        "x": 418.91,
        "y": 23.77
      },
      "name": "Cisto Inviável"
    },
    {
      "bounding_box": {
        "h": 39.87,
        "w": 54.44,
        "x": 396.68,
        "y": 394.12
      },
      "name": "Cisto Inviável"
    },
    {
      "bounding_box": {
        "h": 116.55,
        "w": 91.25,
        "x": 163.58,
        "y": 96.61
      },
      "name": "Não Cisto"
    },
    {
      "bounding_box": {
        "h": 115.78,
        "w": 75.14,
        "x": 287.8,
        "y": 339.68
      },
      "name": "Não Cisto"
    },
    {
      "bounding_box": {
        "h": 52.91,
        "w": 56.74,
        "x": 546.96,
        "y": 290.61
      },
      "name": "Cisto Viável"
    }
  ]
}