{
  "dataset": "Cisto",
  "image": {
    "width": 640,
    "height": 480,
    "original_filename": "Cisto273.jpg",
    "filename": "Cisto273.jpg",
    "url": "https://darwin.v7labs.com/api/images/38437971/original",
    "thumbnail_url": "https://darwin.v7labs.com/api/images/38437971/thumbnail",
    "path": "/",
    "workview_url": "https://darwin.v7labs.com/workview?dataset=38016&image=310"
  },
  "annotations": [
    {
      "bounding_box": {
        "h": 47.94,
        "w": 37.19,
        "x": 213.46,
        "y": 183.31
      },
      "name": "Cisto Viável"
    },
    {
      "bounding_box": {
        "h": 51.24,
        "w": 53.72,
        "x": 187.01,
        "y": 243.64
      },
      "name": "Cisto Viável"
    },
    {
      "bounding_box": {
        "h": 43.8,
        "w": 42.98,
        "x": 100.23,
        "y": 289.93
      },
      "name": "Cisto Viável"
    },
    {
      "bounding_box": {
        "h": 38.02,
        "w": 32.23,
        "x": 149.82,
        "y": 309.76
      },
      "name": "Cisto Viável"
    },
    {
      "bounding_box": {
        "h": 36.99,
        "w": 36.28,
        "x": 184.12,
        "y": 201.77
      },
      "name": "Cisto Inviável"
    },
    {
      "bounding_box": {
        "h": 33.43,
        "w": 39.13,
        "x": 78.83,
        "y": 20.37
      },
      "name": "Não Cisto"
    },
    {
      "bounding_box": {
        "h": 47.66,
        "w": 36.28,
        "x": 436.65,
        "y": 122.81
      },
      "name": "Não Cisto"
    }
  ]
}