{
  "dataset": "Cisto",
  "image": {
    "width": 640,
    "height": 480,
    "original_filename": "Cisto139.jpg",
    "filename": "Cisto139.jpg",
    "url": "https://darwin.v7labs.com/api/images/38437948/original",
    "thumbnail_url": "https://darwin.v7labs.com/api/images/38437948/thumbnail",
    "path": "/",
    "workview_url": "https://darwin.v7labs.com/workview?dataset=38016&image=287"
  },
  "annotations": [
    {
      "bounding_box": {
        "h": 60.58,
        "w": 68.24,
        "x": 32.46,
        "y": 236.93
      },
      "name": "Cisto Viável"
    },
    {
      "bounding_box": {
        "h": 42.17,
        "w": 37.57,
        "x": 225.69,
        "y": 231.57
      },
      "name": "Cisto Viável"
    },
    {
      "bounding_box": {
        "h": 48.31,
        "w": 49.84,
        "x": 178.91,
        "y": 254.57
      },
      "name": "Cisto Viável"
    },
    {
      "bounding_box": {
        "h": 43.71,
        "w": 41.41,
        "x": 542.36,
        "y": 109.65
      },
      "name": "Cisto Viável"
    },
    {
      "bounding_box": {
        "h": 37.57,
        "w": 41.41,
        "x": 427.35,
        "y": 259.17
      },
      "name": "Cisto Viável"
    },
    {
      "bounding_box": {
        "h": 50.61,
        "w": 49.07,
        "x": 396.68,
        "y": 143.39
      },
      "name": "Cisto Viável"
    },
    {
      "bounding_box": {
        "h": 70.29,
        "w": 59.19,
        "x": 466.14,
        "y": 257.77
      },
      "name": "Cisto Inviável"
    },
    {
      "bounding_box": {
        "h": 50.87,
        "w": 46.25,
        "x": 149.82,
        "y": 280.89
      },
      "name": "Não Cisto"
    },
    {
      "bounding_box": {
        "h": 50.87,
        "w": 36.07,
        "x": 107.27,
        "y": 284.59
      },
      "name": "Não Cisto"
    },
    {
      "bounding_box": {
        "h": 68.09,
        "w": 55.78,
        "x": 129.93,
        "y": 213.61
      },
      "name": "Não Cisto"
    },
    {
      "bounding_box": {
        "h": 36.81,
        "w": 48.31,
        "x": 425.14,
        "y": 226.64
      },
      "name": "Não Cisto"
    },
    {
      "bounding_box": {
        "h": 30.67,
        "w": 29.9,
        "x": 594.6,
        "y": 405.3
      },
      "name": "Não Cisto"
    },
    {
      "bounding_box": {
        "h": 126.19,
        "w": 138.3,
        "x": 423.34,
        "y": 1.95
      },
      "name": "Não Cisto"
    },
    {
      "bounding_box": {
        "h": 124.17,
        "w": 94.89,
        "x": 311.29,
        "y": 19.11
      },
      "name": "Não Cisto"
    },
    {
      "bounding_box": {
        "h": 31.22,
        "w": 29.62,
        "x": 400.43,
        "y": 61.39
      },
      "name": "Cisto Viável"
    }
  ]
}