{
  "dataset": "Cisto",
  "image": {
    "width": 640,
    "height": 480,
    "original_filename": "Cisto119.jpg",
    "filename": "Cisto119.jpg",
    "url": "https://darwin.v7labs.com/api/images/38438014/original",
    "thumbnail_url": "https://darwin.v7labs.com/api/images/38438014/thumbnail",
    "path": "/",
    "workview_url": "https://darwin.v7labs.com/workview?dataset=38016&image=353"
  },
  "annotations": [
    {
      "bounding_box": {
        "h": 65.18,
        "w": 127.28,
        "x": 261.73,
        "y": 109.65
      },
      "name": "Cisto Viável"
    }
  ]
}