{
  "dataset": "Cisto",
  "image": {
    "width": 640,
    "height": 480,
    "original_filename": "Cisto69.jpg",
    "filename": "Cisto69.jpg",
    "url": "https://darwin.v7labs.com/api/images/38438143/original",
    "thumbnail_url": "https://darwin.v7labs.com/api/images/38438143/thumbnail",
    "path": "/",
    "workview_url": "https://darwin.v7labs.com/workview?dataset=38016&image=482"
  },
  "annotations": [
    {
      "bounding_box": {
        "h": 55.97,
        "w": 53.67,
        "x": 221.85,
        "y": 191.69
      },
      "name": "Cisto Viável"
    },
    {
      "bounding_box": {
        "h": 51.37,
        "w": 52.14,
        "x": 66.96,
        "y": 196.29
      },
      "name": "Não Cisto"
    },
    {
      "bounding_box": {
        "h": 58.27,
        "w": 65.18,
        "x": 107.6,
        "y": 91.25
      },
      "name": "Não Cisto"
    }
  ]
}