{
  "dataset": "Cisto",
  "image": {
    "width": 640,
    "height": 480,
    "original_filename": "Cisto209.jpg",
    "filename": "Cisto209.jpg",
    "url": "https://darwin.v7labs.com/api/images/38438053/original",
    "thumbnail_url": "https://darwin.v7labs.com/api/images/38438053/thumbnail",
    "path": "/",
    "workview_url": "https://darwin.v7labs.com/workview?dataset=38016&image=392"
  },
  "annotations": [
    {
      "bounding_box": {
        "h": 65.18,
        "w": 67.48,
        "x": 268.63,
        "y": 154.12
      },
      "name": "Cisto Viável"
    },
    {
      "bounding_box": {
        "h": 71.31,
        "w": 65.94,
        "x": 259.42,
        "y": 266.07
      },
      "name": "Cisto Viável"
    }
  ]
}