{
  "dataset": "Cisto",
  "image": {
    "width": 640,
    "height": 480,
    "original_filename": "Cisto135.jpg",
    "filename": "Cisto135.jpg",
    "url": "https://darwin.v7labs.com/api/images/38437967/original",
    "thumbnail_url": "https://darwin.v7labs.com/api/images/38437967/thumbnail",
    "path": "/",
    "workview_url": "https://darwin.v7labs.com/workview?dataset=38016&image=306"
  },
  "annotations": [
    {
      "bounding_box": {
        "h": 108.68,
        "w": 87.98,
        "x": 302.12,
        "y": 163.46
      },
      "name": "Não Cisto"
    },
    {
      "bounding_box": {
        "h": 52.71,
        "w": 47.24,
        "x": 28.97,
        "y": 136.73
      },
      "name": "Não Cisto"
    },
    {
      "bounding_box": {
        "h": 132.56,
        "w": 101.06,
        "x": 288.85,
        "y": 346.73
      },
      "name": "Não Cisto"
    },
    {
      "bounding_box": {
        "h": 62.71,
        "w": 62.19,
        "x": 502.78,
        "y": 233.71
      },
      "name": "Cisto Inviável"
    },
    {
      "bounding_box": {
        "h": 37.94,
        "w": 54.28,
        "x": 398.43,
        "y": 276.4
      },
      "name": "Cisto Inviável"
    },
    {
      "bounding_box": {
        "h": 30.57,
        "w": 44.27,
        "x": 390.0,
        "y": 248.47
      },
      "name": "Cisto Viável"
    },
    {
      "bounding_box": {
        "h": 47.37,
        "w": 31.13,
        "x": 555.08,
        "y": 434.68
      },
      "name": "Cisto Viável"
    },
    {
      "bounding_box": {
        "h": 69.27,
        "w": 60.24,
        "x": 477.11,
        "y": 1.3
      },
      "name": "Cisto Viável"
    }
  ]
}