{
  "dataset": "Cisto",
  "image": {
    "width": 640,
    "height": 480,
    "original_filename": "Cisto32.jpg",
    "filename": "Cisto32.jpg",
    "url": "https://darwin.v7labs.com/api/images/38438102/original",
    "thumbnail_url": "https://darwin.v7labs.com/api/images/38438102/thumbnail",
    "path": "/",
    "workview_url": "https://darwin.v7labs.com/workview?dataset=38016&image=441"
  },
  "annotations": [
    {
      "bounding_box": {
        "h": 53.67,
        "w": 63.64,
        "x": 287.8,
        "y": 243.83
      },
      "name": "Cisto Viável"
    },
    {
      "bounding_box": {
        "h": 27.41,
        "w": 25.27,
        "x": 543.14,
        "y": 225.98
      },
      "name": "Cisto Viável"
    }
  ]
}