{
  "dataset": "Cisto",
  "image": {
    "width": 640,
    "height": 480,
    "original_filename": "Cisto208.jpg",
    "filename": "Cisto208.jpg",
    "url": "https://darwin.v7labs.com/api/images/38438044/original",
    "thumbnail_url": "https://darwin.v7labs.com/api/images/38438044/thumbnail",
    "path": "/",
    "workview_url": "https://darwin.v7labs.com/workview?dataset=38016&image=383"
  },
  "annotations": [
    {
      "bounding_box": {
        "h": 52.14,
        "w": 44.47,
        "x": 485.62,
        "y": 326.65
      },
      "name": "Cisto Inviável"
    },
    {
      "bounding_box": {
        "h": 45.24,
        "w": 49.84,
        "x": 178.91,
        "y": 249.97
      },
      "name": "Cisto Viável"
    }
  ]
}