{
  "dataset": "Cisto",
  "image": {
    "width": 640,
    "height": 480,
    "original_filename": "Cisto219.jpg",
    "filename": "Cisto219.jpg",
    "url": "https://darwin.v7labs.com/api/images/38438057/original",
    "thumbnail_url": "https://darwin.v7labs.com/api/images/38438057/thumbnail",
    "path": "/",
    "workview_url": "https://darwin.v7labs.com/workview?dataset=38016&image=396"
  },
  "annotations": [
    {
      "bounding_box": {
        "h": 72.84,
        "w": 88.95,
        "x": 254.82,
        "y": 142.62
      },
      "name": "Cisto Viável"
    },
    {
      "bounding_box": {
        "h": 52.91,
        "w": 59.04,
        "x": 141.34,
        "y": 349.65
      },
      "name": "Não Cisto"
    },
    {
      "bounding_box": {
        "h": 97.38,
        "w": 78.21,
        "x": 308.5,
        "y": 251.5
      },
      "name": "Não Cisto"
    }
  ]
}