{
  "dataset": "Cisto",
  "image": {
    "width": 640,
    "height": 480,
    "original_filename": "Cisto428.jpg",
    "filename": "Cisto428.jpg",
    "url": "https://darwin.v7labs.com/api/images/38437864/original",
    "thumbnail_url": "https://darwin.v7labs.com/api/images/38437864/thumbnail",
    "path": "/",
    "workview_url": "https://darwin.v7labs.com/workview?dataset=38016&image=203"
  },
  "annotations": [
    {
      "bounding_box": {
        "h": 55.97,
        "w": 90.48,
        "x": 78.47,
        "y": 117.32
      },
      "name": "Cisto Viável"
    }
  ]
}