{
  "dataset": "Cisto",
  "image": {
    "width": 640,
    "height": 480,
    "original_filename": "Cisto63.jpg",
    "filename": "Cisto63.jpg",
    "url": "https://darwin.v7labs.com/api/images/38438096/original",
    "thumbnail_url": "https://darwin.v7labs.com/api/images/38438096/thumbnail",
    "path": "/",
    "workview_url": "https://darwin.v7labs.com/workview?dataset=38016&image=435"
  },
  "annotations": [
    {
      "bounding_box": {
        "h": 80.51,
        "w": 63.64,
        "x": 326.13,
        "y": 289.84
      },
      "name": "Cisto Inviável"
    },
    {
      "bounding_box": {
        "h": 36.04,
        "w": 37.57,
        "x": 325.37,
        "y": 197.83
      },
      "name": "Não Cisto"
    },
    {
      "bounding_box": {
        "h": 33.74,
        "w": 40.64,
        "x": 376.74,
        "y": 185.56
      },
      "name": "Não Cisto"
    },
    {
      "bounding_box": {
        "h": 48.31,
        "w": 30.67,
        "x": 476.42,
        "y": 125.75
      },
      "name": "Não Cisto"
    }
  ]
}