{
  "dataset": "Cisto",
  "image": {
    "width": 640,
    "height": 480,
    "original_filename": "Cisto59.jpg",
    "filename": "Cisto59.jpg",
    "url": "https://darwin.v7labs.com/api/images/38438150/original",
    "thumbnail_url": "https://darwin.v7labs.com/api/images/38438150/thumbnail",
    "path": "/",
    "workview_url": "https://darwin.v7labs.com/workview?dataset=38016&image=489"
  },
  "annotations": [
    {
      "bounding_box": {
        "h": 41.41,
        "w": 61.34,
        "x": 10.22,
        "y": 65.94
      },
      "name": "Cisto Viável"
    },
    {
      "bounding_box": {
        "h": 38.34,
        "w": 42.94,
        "x": 43.96,
        "y": 138.02
      },
      "name": "Cisto Viável"
    },
    {
      "bounding_box": {
        "h": 49.84,
        "w": 59.81,
        "x": 127.54,
        "y": 99.68
      },
      "name": "Cisto Viável"
    },
    {
      "bounding_box": {
        "h": 55.21,
        "w": 26.84,
        "x": 390.54,
        "y": 210.1
      },
      "name": "Cisto Viável"
    },
    {
      "bounding_box": {
        "h": 45.24,
        "w": 36.04,
        "x": 510.93,
        "y": 157.96
      },
      "name": "Não Cisto"
    },
    {
      "bounding_box": {
        "h": 32.97,
        "w": 39.87,
        "x": 353.74,
        "y": 225.43
      },
      "name": "Não Cisto"
    },
    {
      "bounding_box": {
        "h": 46.01,
        "w": 44.47,
        "x": 185.05,
        "y": 204.73
      },
      "name": "Não Cisto"
    }
  ]
}