{
  "dataset": "Cisto",
  "image": {
    "width": 640,
    "height": 480,
    "original_filename": "Cisto18.jpg",
    "filename": "Cisto18.jpg",
    "url": "https://darwin.v7labs.com/api/images/38438105/original",
    "thumbnail_url": "https://darwin.v7labs.com/api/images/38438105/thumbnail",
    "path": "/",
    "workview_url": "https://darwin.v7labs.com/workview?dataset=38016&image=444"
  },
  "annotations": [
    {
      "bounding_box": {
        "h": 48.07,
        "w": 40.97,
        "x": 200.71,
        "y": 194.79
      },
      "name": "Cisto Viável"
    },
    {
      "bounding_box": {
        "h": 52.74,
        "w": 64.05,
        "x": 290.19,
        "y": 232.47
      },
      "name": "Cisto Viável"
    },
    {
      "bounding_box": {
        "h": 42.85,
        "w": 40.5,
        "x": 374.95,
        "y": 193.38
      },
      "name": "Cisto Viável"
    },
    {
      "bounding_box": {
        "h": 44.76,
        "w": 73.38,
        "x": 306.67,
        "y": 177.24
      },
      "name": "Cisto Inviável"
    },
    {
      "bounding_box": {
        "h": 30.05,
        "w": 34.52,
        "x": 182.04,
        "y": 156.29
      },
      "name": "Não Cisto"
    },
    {
      "bounding_box": {
        "h": 26.85,
        "w": 25.89,
        "x": 147.84,
        "y": 228.53
      },
      "name": "Não Cisto"
    },
    {
      "bounding_box": {
        "h": 27.3,
        "w": 27.82,
        "x": 332.96,
        "y": 221.7
      },
      "name": "Cisto Viável"
    }
  ]
}