{
  "dataset": "Cisto",
  "image": {
    "width": 640,
    "height": 480,
    "original_filename": "Cisto424.jpg",
    "filename": "Cisto424.jpg",
    "url": "https://darwin.v7labs.com/api/images/38437830/original",
    "thumbnail_url": "https://darwin.v7labs.com/api/images/38437830/thumbnail",
    "path": "/",
    "workview_url": "https://darwin.v7labs.com/workview?dataset=38016&image=169"
  },
  "annotations": [
    {
      "bounding_box": {
        "h": 60.82,
        "w": 41.71,
        "x": 298.98,
        "y": 273.31
      },
      "name": "Cisto Viável"
    },
    {
      "bounding_box": {
        "h": 31.06,
        "w": 45.67,
        "x": 249.74,
        "y": 85.68
      },
      "name": "Não Cisto"
    },
    {
      "bounding_box": {
        "h": 50.24,
        "w": 28.32,
        "x": 299.98,
        "y": 17.18
      },
      "name": "Não Cisto"
    }
  ]
}