{
  "dataset": "Cisto",
  "image": {
    "width": 640,
    "height": 480,
    "original_filename": "Cisto67.jpg",
    "filename": "Cisto67.jpg",
    "url": "https://darwin.v7labs.com/api/images/38438093/original",
    "thumbnail_url": "https://darwin.v7labs.com/api/images/38438093/thumbnail",
    "path": "/",
    "workview_url": "https://darwin.v7labs.com/workview?dataset=38016&image=432"
  },
  "annotations": [
    {
      "bounding_box": {
        "h": 42.94,
        "w": 47.54,
        "x": 288.56,
        "y": 276.04
      },
      "name": "Cisto Viável"
    },
    {
      "bounding_box": {
        "h": 62.11,
        "w": 67.48,
        "x": 272.46,
        "y": 318.98
      },
      "name": "Cisto Viável"
    },
    {
      "bounding_box": {
        "h": 49.02,
        "w": 43.47,
        "x": 292.24,
        "y": 150.46
      },
      "name": "Cisto Viável"
    },
    {
      "bounding_box": {
        "h": 40.95,
        "w": 41.51,
        "x": 243.91,
        "y": 285.21
      },
      "name": "Não Cisto"
    },
    {
      "bounding_box": {
        "h": 28.05,
        "w": 34.22,
        "x": 357.23,
        "y": 339.06
      },
      "name": "Não Cisto"
    },
    {
      "bounding_box": {
        "h": 39.83,
        "w": 25.24,
        "x": 349.93,
        "y": 245.94
      },
      "name": "Não Cisto"
    },
    {
      "bounding_box": {
        "h": 69.56,
        "w": 126.22,
        "x": 225.96,
        "y": 180.86
      },
      "name": "Não Cisto"
    }
  ]
}