{
  "dataset": "Cisto",
  "image": {
    "width": 640,
    "height": 480,
    "original_filename": "Cisto328.jpg",
    "filename": "Cisto328.jpg",
    "url": "https://darwin.v7labs.com/api/images/38437765/original",
    "thumbnail_url": "https://darwin.v7labs.com/api/images/38437765/thumbnail",
    "path": "/",
    "workview_url": "https://darwin.v7labs.com/workview?dataset=38016&image=104"
  },
  "annotations": [
    {
      "bounding_box": {
        "h": 57.51,
        "w": 104.28,
        "x": 40.89,
        "y": 120.38
      },
      "name": "Não Cisto"
    },
    {
      "bounding_box": {
        "h": 27.6,
        "w": 18.4,
        "x": 148.24,
        "y": 111.95
      },
      "name": "Não Cisto"
    },
    {
      "bounding_box": {
        "h": 31.44,
        "w": 25.3,
        "x": 163.58,
        "y": 223.13
      },
      "name": "Não Cisto"
    },
    {
      "bounding_box": {
        "h": 37.57,
        "w": 48.31,
        "x": 143.64,
        "y": 315.14
      },
      "name": "Não Cisto"
    },
    {
      "bounding_box": {
        "h": 28.37,
        "w": 29.14,
        "x": 73.87,
        "y": 315.14
      },
      "name": "Não Cisto"
    },
    {
      "bounding_box": {
        "h": 40.64,
        "w": 32.2,
        "x": 60.83,
        "y": 397.19
      },
      "name": "Não Cisto"
    },
    {
      "bounding_box": {
        "h": 46.77,
        "w": 52.91,
        "x": 13.29,
        "y": 427.86
      },
      "name": "Não Cisto"
    },
    {
      "bounding_box": {
        "h": 95.85,
        "w": 65.18,
        "x": 5.62,
        "y": 191.69
      },
      "name": "Não Cisto"
    },
    {
      "bounding_box": {
        "h": 32.2,
        "w": 47.54,
        "x": 227.99,
        "y": 311.31
      },
      "name": "Não Cisto"
    },
    {
      "bounding_box": {
        "h": 39.87,
        "w": 67.48,
        "x": 265.56,
        "y": 265.3
      },
      "name": "Não Cisto"
    },
    {
      "bounding_box": {
        "h": 42.94,
        "w": 30.67,
        "x": 353.74,
        "y": 342.75
      },
      "name": "Não Cisto"
    },
    {
      "bounding_box": {
        "h": 40.64,
        "w": 39.87,
        "x": 421.98,
        "y": 399.49
      },
      "name": "Não Cisto"
    },
    {
      "bounding_box": {
        "h": 27.6,
        "w": 31.44,
        "x": 503.26,
        "y": 302.88
      },
      "name": "Não Cisto"
    },
    {
      "bounding_box": {
        "h": 27.6,
        "w": 27.6,
        "x": 516.29,
        "y": 280.64
      },
      "name": "Não Cisto"
    },
    {
      "bounding_box": {
        "h": 39.11,
        "w": 46.01,
        "x": 431.18,
        "y": 253.04
      },
      "name": "Não Cisto"
    },
    {
      "bounding_box": {
        "h": 23.77,
        "w": 38.34,
        "x": 405.88,
        "y": 140.32
      },
      "name": "Não Cisto"
    },
    {
      "bounding_box": {
        "h": 23.0,
        "w": 34.5,
        "x": 356.81,
        "y": 144.15
      },
      "name": "Não Cisto"
    },
    {
      "bounding_box": {
        "h": 29.14,
        "w": 40.64,
        "x": 277.06,
        "y": 194.76
      },
      "name": "Não Cisto"
    },
    {
      "bounding_box": {
        "h": 29.14,
        "w": 24.54,
        "x": 265.56,
        "y": 139.55
      },
      "name": "Não Cisto"
    },
    {
      "bounding_box": {
        "h": 31.44,
        "w": 37.57,
        "x": 190.42,
        "y": 75.91
      },
      "name": "Não Cisto"
    },
    {
      "bounding_box": {
        "h": 24.54,
        "w": 44.47,
        "x": 281.66,
        "y": 19.17
      },
      "name": "Não Cisto"
    },
    {
      "bounding_box": {
        "h": 53.67,
        "w": 36.04,
        "x": 228.75,
        "y": 124.22
      },
      "name": "Não Cisto"
    },
    {
      "bounding_box": {
        "h": 61.34,
        "w": 67.48,
        "x": 347.6,
        "y": 230.03
      },
      "name": "Cisto Viável"
    },
    {
      "bounding_box": {
        "h": 61.34,
        "w": 115.02,
        "x": 30.93,
        "y": 114.25
      },
      "name": "Não Cisto"
    }
  ]
}