{
  "dataset": "Cisto",
  "image": {
    "width": 640,
    "height": 480,
    "original_filename": "Cisto287.jpg",
    "filename": "Cisto287.jpg",
    "url": "https://darwin.v7labs.com/api/images/38437785/original",
    "thumbnail_url": "https://darwin.v7labs.com/api/images/38437785/thumbnail",
    "path": "/",
    "workview_url": "https://darwin.v7labs.com/workview?dataset=38016&image=124"
  },
  "annotations": [
    {
      "bounding_box": {
        "h": 158.13,
        "w": 60.82,
        "x": 56.74,
        "y": 96.75
      },
      "name": "Não Cisto"
    },
    {
      "bounding_box": {
        "h": 96.44,
        "w": 45.18,
        "x": 40.23,
        "y": 268.78
      },
      "name": "Não Cisto"
    },
    {
      "bounding_box": {
        "h": 119.03,
        "w": 104.26,
        "x": 5.48,
        "y": 357.41
      },
      "name": "Não Cisto"
    },
    {
      "bounding_box": {
        "h": 32.55,
        "w": 79.18,
        "x": 149.05,
        "y": 0.4
      },
      "name": "Não Cisto"
    },
    {
      "bounding_box": {
        "h": 45.75,
        "w": 30.79,
        "x": 102.42,
        "y": 258.18
      },
      "name": "Não Cisto"
    },
    {
      "bounding_box": {
        "h": 37.83,
        "w": 57.19,
        "x": 195.68,
        "y": 238.83
      },
      "name": "Não Cisto"
    },
    {
      "bounding_box": {
        "h": 61.59,
        "w": 65.1,
        "x": 244.07,
        "y": 275.78
      },
      "name": "Não Cisto"
    },
    {
      "bounding_box": {
        "h": 27.27,
        "w": 32.55,
        "x": 569.6,
        "y": 2.16
      },
      "name": "Não Cisto"
    },
    {
      "bounding_box": {
        "h": 38.71,
        "w": 39.59,
        "x": 580.15,
        "y": 68.15
      },
      "name": "Não Cisto"
    },
    {
      "bounding_box": {
        "h": 34.31,
        "w": 39.59,
        "x": 528.25,
        "y": 87.5
      },
      "name": "Não Cisto"
    },
    {
      "bounding_box": {
        "h": 36.07,
        "w": 55.43,
        "x": 355.8,
        "y": 181.64
      },
      "name": "Não Cisto"
    },
    {
      "bounding_box": {
        "h": 49.27,
        "w": 60.71,
        "x": 127.94,
        "y": 328.57
      },
      "name": "Cisto Viável"
    },
    {
      "bounding_box": {
        "h": 37.83,
        "w": 30.79,
        "x": 193.04,
        "y": 336.48
      },
      "name": "Cisto Viável"
    },
    {
      "bounding_box": {
        "h": 68.62,
        "w": 39.59,
        "x": 222.96,
        "y": 325.05
      },
      "name": "Cisto Viável"
    },
    {
      "bounding_box": {
        "h": 67.74,
        "w": 60.71,
        "x": 296.86,
        "y": 122.69
      },
      "name": "Cisto Viável"
    },
    {
      "bounding_box": {
        "h": 42.23,
        "w": 30.79,
        "x": 532.64,
        "y": 11.84
      },
      "name": "Cisto Viável"
    },
    {
      "bounding_box": {
        "h": 32.55,
        "w": 24.63,
        "x": 567.84,
        "y": 110.38
      },
      "name": "Cisto Viável"
    }
  ]
}