{
  "dataset": "Cisto",
  "image": {
    "width": 640,
    "height": 480,
    "original_filename": "Cisto217.jpg",
    "filename": "Cisto217.jpg",
    "url": "https://darwin.v7labs.com/api/images/38438033/original",
    "thumbnail_url": "https://darwin.v7labs.com/api/images/38438033/thumbnail",
    "path": "/",
    "workview_url": "https://darwin.v7labs.com/workview?dataset=38016&image=372"
  },
  "annotations": [
    {
      "bounding_box": {
        "h": 42.17,
        "w": 60.58,
        "x": 142.11,
        "y": 82.04
      },
      "name": "Cisto Viável"
    },
    {
      "bounding_box": {
        "h": 60.58,
        "w": 41.41,
        "x": 194.25,
        "y": 140.32
      },
      "name": "Cisto Viável"
    },
    {
      "bounding_box": {
        "h": 46.77,
        "w": 39.87,
        "x": 264.79,
        "y": 246.9
      },
      "name": "Cisto Viável"
    },
    {
      "bounding_box": {
        "h": 73.61,
        "w": 70.54,
        "x": 93.8,
        "y": 185.56
      },
      "name": "Cisto Viável"
    },
    {
      "bounding_box": {
        "h": 40.64,
        "w": 39.87,
        "x": 67.73,
        "y": 104.28
      },
      "name": "Não Cisto"
    },
    {
      "bounding_box": {
        "h": 32.97,
        "w": 34.5,
        "x": 240.26,
        "y": 320.51
      },
      "name": "Não Cisto"
    },
    {
      "bounding_box": {
        "h": 44.47,
        "w": 41.41,
        "x": 450.35,
        "y": 85.11
      },
      "name": "Não Cisto"
    }
  ]
}