{
  "dataset": "Cisto",
  "image": {
    "width": 640,
    "height": 480,
    "original_filename": "Cisto228.jpg",
    "filename": "Cisto228.jpg",
    "url": "https://darwin.v7labs.com/api/images/38437974/original",
    "thumbnail_url": "https://darwin.v7labs.com/api/images/38437974/thumbnail",
    "path": "/",
    "workview_url": "https://darwin.v7labs.com/workview?dataset=38016&image=313"
  },
  "annotations": [
    {
      "bounding_box": {
        "h": 35.27,
        "w": 51.37,
        "x": 431.18,
        "y": 219.3
      },
      "name": "Cisto Inviável"
    },
    {
      "bounding_box": {
        "h": 41.41,
        "w": 36.81,
        "x": 510.93,
        "y": 127.28
      },
      "name": "Cisto Inviável"
    },
    {
      "bounding_box": {
        "h": 24.85,
        "w": 30.61,
        "x": 510.59,
        "y": 273.91
      },
      "name": "Cisto Inviável"
    },
    {
      "bounding_box": {
        "h": 21.07,
        "w": 22.06,
        "x": 533.65,
        "y": 265.76
      },
      "name": "Cisto Inviável"
    },
    {
      "bounding_box": {
        "h": 45.95,
        "w": 33.86,
        "x": 258.87,
        "y": 96.58
      },
      "name": "Cisto Viável"
    },
    {
      "bounding_box": {
        "h": 33.05,
        "w": 37.89,
        "x": 307.23,
        "y": 178.8
      },
      "name": "Cisto Viável"
    },
    {
      "bounding_box": {
        "h": 37.89,
        "w": 37.08,
        "x": 338.67,
        "y": 153.81
      },
      "name": "Cisto Viável"
    },
    {
      "bounding_box": {
        "h": 45.95,
        "w": 35.47,
        "x": 403.16,
        "y": 223.94
      },
      "name": "Cisto Viável"
    }
  ]
}