{
  "dataset": "Cisto",
  "image": {
    "width": 640,
    "height": 480,
    "original_filename": "Cisto466.jpg",
    "filename": "Cisto466.jpg",
    "url": "https://darwin.v7labs.com/api/images/38437862/original",
    "thumbnail_url": "https://darwin.v7labs.com/api/images/38437862/thumbnail",
    "path": "/",
    "workview_url": "https://darwin.v7labs.com/workview?dataset=38016&image=201"
  },
  "annotations": [
    {
      "bounding_box": {
        "h": 46.77,
        "w": 52.14,
        "x": 189.65,
        "y": 81.28
      },
      "name": "Não Cisto"
    },
    {
      "bounding_box": {
        "h": 45.24,
        "w": 64.41,
        "x": 94.57,
        "y": 1.53
      },
      "name": "Não Cisto"
    },
    {
      "bounding_box": {
        "h": 56.74,
        "w": 62.88,
        "x": 197.32,
        "y": 200.89
      },
      "name": "Cisto Viável"
    }
  ]
}