{
  "dataset": "Cisto",
  "image": {
    "width": 640,
    "height": 480,
    "original_filename": "Cisto470.jpg",
    "filename": "Cisto470.jpg",
    "url": "https://darwin.v7labs.com/api/images/38437866/original",
    "thumbnail_url": "https://darwin.v7labs.com/api/images/38437866/thumbnail",
    "path": "/",
    "workview_url": "https://darwin.v7labs.com/workview?dataset=38016&image=205"
  },
  "annotations": [
    {
      "bounding_box": {
        "h": 61.47,
        "w": 69.49,
        "x": 572.36,
        "y": 2.33
      },
      "name": "Cisto Inviável"
    },
    {
      "bounding_box": {
        "h": 58.8,
        "w": 97.99,
        "x": 423.58,
        "y": 12.13
      },
      "name": "Cisto Inviável"
    },
    {
      "bounding_box": {
        "h": 48.11,
        "w": 55.23,
        "x": 193.74,
        "y": 131.51
      },
      "name": "Cisto Viável"
    },
    {
      "bounding_box": {
        "h": 44.65,
        "w": 41.39,
        "x": 305.33,
        "y": 50.4
      },
      "name": "Cisto Viável"
    },
    {
      "bounding_box": {
        "h": 40.0,
        "w": 52.09,
        "x": 176.97,
        "y": 169.46
      },
      "name": "Não Cisto"
    },
    {
      "bounding_box": {
        "h": 55.81,
        "w": 94.87,
        "x": 394.63,
        "y": 161.08
      },
      "name": "Não Cisto"
    }
  ]
}