{
  "dataset": "Cisto",
  "image": {
    "width": 640,
    "height": 480,
    "original_filename": "Cisto136.jpg",
    "filename": "Cisto136.jpg",
    "url": "https://darwin.v7labs.com/api/images/38437890/original",
    "thumbnail_url": "https://darwin.v7labs.com/api/images/38437890/thumbnail",
    "path": "/",
    "workview_url": "https://darwin.v7labs.com/workview?dataset=38016&image=229"
  },
  "annotations": [
    {
      "bounding_box": {
        "h": 53.48,
        "w": 62.7,
        "x": 349.09,
        "y": 131.58
      },
      "name": "Cisto Viável"
    },
    {
      "bounding_box": {
        "h": 32.36,
        "w": 36.24,
        "x": 382.47,
        "y": 101.86
      },
      "name": "Cisto Viável"
    },
    {
      "bounding_box": {
        "h": 56.16,
        "w": 66.99,
        "x": 515.86,
        "y": 43.88
      },
      "name": "Não Cisto"
    },
    {
      "bounding_box": {
        "h": 63.61,
        "w": 106.91,
        "x": 455.64,
        "y": 120.35
      },
      "name": "Não Cisto"
    },
    {
      "bounding_box": {
        "h": 28.42,
        "w": 25.04,
        "x": 224.89,
        "y": 98.02
      },
      "name": "Não Cisto"
    },
    {
      "bounding_box": {
        "h": 22.33,
        "w": 27.74,
        "x": 241.81,
        "y": 117.64
      },
      "name": "Não Cisto"
    }
  ]
}