{
  "dataset": "Cisto",
  "image": {
    "width": 640,
    "height": 480,
    "original_filename": "Cisto193.jpg",
    "filename": "Cisto193.jpg",
    "url": "https://darwin.v7labs.com/api/images/38438015/original",
    "thumbnail_url": "https://darwin.v7labs.com/api/images/38438015/thumbnail",
    "path": "/",
    "workview_url": "https://darwin.v7labs.com/workview?dataset=38016&image=354"
  },
  "annotations": [
    {
      "bounding_box": {
        "h": 64.41,
        "w": 61.34,
        "x": 289.33,
        "y": 213.16
      },
      "name": "Cisto Viável"
    },
    {
      "bounding_box": {
        "h": 59.07,
        "w": 86.44,
        "x": 274.31,
        "y": 127.88
      },
      "name": "Não Cisto"
    },
    {
      "bounding_box": {
        "h": 35.3,
        "w": 47.54,
        "x": 306.0,
        "y": 415.29
      },
      "name": "Não Cisto"
    }
  ]
}