{
  "dataset": "Cisto",
  "image": {
    "width": 640,
    "height": 480,
    "original_filename": "Cisto29.jpg",
    "filename": "Cisto29.jpg",
    "url": "https://darwin.v7labs.com/api/images/38438116/original",
    "thumbnail_url": "https://darwin.v7labs.com/api/images/38438116/thumbnail",
    "path": "/",
    "workview_url": "https://darwin.v7labs.com/workview?dataset=38016&image=455"
  },
  "annotations": [
    {
      "bounding_box": {
        "h": 50.42,
        "w": 57.03,
        "x": 141.02,
        "y": 0.53
      },
      "name": "Cisto Viável"
    },
    {
      "bounding_box": {
        "h": 52.07,
        "w": 46.28,
        "x": 322.02,
        "y": 176.58
      },
      "name": "Cisto Viável"
    }
  ]
}