{
  "dataset": "Cisto",
  "image": {
    "width": 640,
    "height": 480,
    "original_filename": "Cisto314.jpg",
    "filename": "Cisto314.jpg",
    "url": "https://darwin.v7labs.com/api/images/38437697/original",
    "thumbnail_url": "https://darwin.v7labs.com/api/images/38437697/thumbnail",
    "path": "/",
    "workview_url": "https://darwin.v7labs.com/workview?dataset=38016&image=36"
  },
  "annotations": [
    {
      "bounding_box": {
        "h": 54.15,
        "w": 40.37,
        "x": 111.11,
        "y": 318.2
      },
      "name": "Cisto Inviável"
    },
    {
      "bounding_box": {
        "h": 66.95,
        "w": 60.06,
        "x": 201.69,
        "y": 193.16
      },
      "name": "Cisto Viável"
    },
    {
      "bounding_box": {
        "h": 31.51,
        "w": 31.51,
        "x": 272.58,
        "y": 40.56
      },
      "name": "Cisto Viável"
    },
    {
      "bounding_box": {
        "h": 30.52,
        "w": 37.41,
        "x": 23.49,
        "y": 170.52
      },
      "name": "Não Cisto"
    },
    {
      "bounding_box": {
        "h": 23.63,
        "w": 22.64,
        "x": 15.61,
        "y": 83.88
      },
      "name": "Não Cisto"
    },
    {
      "bounding_box": {
        "h": 37.41,
        "w": 31.51,
        "x": 114.06,
        "y": 35.63
      },
      "name": "Não Cisto"
    },
    {
      "bounding_box": {
        "h": 100.42,
        "w": 59.07,
        "x": 63.85,
        "y": 6.1
      },
      "name": "Não Cisto"
    },
    {
      "bounding_box": {
        "h": 20.68,
        "w": 20.68,
        "x": 253.87,
        "y": 34.65
      },
      "name": "Não Cisto"
    },
    {
      "bounding_box": {
        "h": 39.38,
        "w": 32.49,
        "x": 267.66,
        "y": 130.15
      },
      "name": "Não Cisto"
    },
    {
      "bounding_box": {
        "h": 25.6,
        "w": 31.51,
        "x": 260.76,
        "y": 167.56
      },
      "name": "Não Cisto"
    },
    {
      "bounding_box": {
        "h": 34.46,
        "w": 30.52,
        "x": 275.53,
        "y": 228.61
      },
      "name": "Não Cisto"
    },
    {
      "bounding_box": {
        "h": 28.55,
        "w": 36.43,
        "x": 406.48,
        "y": 157.72
      },
      "name": "Não Cisto"
    },
    {
      "bounding_box": {
        "h": 42.34,
        "w": 35.44,
        "x": 418.29,
        "y": 68.12
      },
      "name": "Não Cisto"
    },
    {
      "bounding_box": {
        "h": 53.17,
        "w": 68.92,
        "x": 498.04,
        "y": 233.53
      },
      "name": "Não Cisto"
    },
    {
      "bounding_box": {
        "h": 33.47,
        "w": 36.43,
        "x": 288.33,
        "y": 360.54
      },
      "name": "Não Cisto"
    },
    {
      "bounding_box": {
        "h": 31.51,
        "w": 33.47,
        "x": 276.52,
        "y": 413.7
      },
      "name": "Não Cisto"
    },
    {
      "bounding_box": {
        "h": 48.24,
        "w": 62.03,
        "x": 96.34,
        "y": 382.2
      },
      "name": "Não Cisto"
    },
    {
      "bounding_box": {
        "h": 28.55,
        "w": 32.49,
        "x": 74.68,
        "y": 451.12
      },
      "name": "Não Cisto"
    }
  ]
}