{
  "dataset": "Cisto",
  "image": {
    "width": 640,
    "height": 480,
    "original_filename": "Cisto194.jpg",
    "filename": "Cisto194.jpg",
    "url": "https://darwin.v7labs.com/api/images/38438072/original",
    "thumbnail_url": "https://darwin.v7labs.com/api/images/38438072/thumbnail",
    "path": "/",
    "workview_url": "https://darwin.v7labs.com/workview?dataset=38016&image=411"
  },
  "annotations": [
    {
      "bounding_box": {
        "h": 39.11,
        "w": 49.07,
        "x": 151.31,
        "y": 335.85
      },
      "name": "Cisto Viável"
    },
    {
      "bounding_box": {
        "h": 32.97,
        "w": 29.9,
        "x": 226.45,
        "y": 320.51
      },
      "name": "Cisto Viável"
    },
    {
      "bounding_box": {
        "h": 40.64,
        "w": 43.71,
        "x": 237.19,
        "y": 292.14
      },
      "name": "Cisto Viável"
    },
    {
      "bounding_box": {
        "h": 45.24,
        "w": 43.71,
        "x": 294.7,
        "y": 229.27
      },
      "name": "Cisto Viável"
    },
    {
      "bounding_box": {
        "h": 42.94,
        "w": 38.34,
        "x": 344.54,
        "y": 147.22
      },
      "name": "Cisto Viável"
    },
    {
      "bounding_box": {
        "h": 42.94,
        "w": 32.2,
        "x": 442.68,
        "y": 197.83
      },
      "name": "Cisto Viável"
    },
    {
      "bounding_box": {
        "h": 45.27,
        "w": 43.9,
        "x": 446.5,
        "y": 61.68
      },
      "name": "Cisto Viável"
    },
    {
      "bounding_box": {
        "h": 34.98,
        "w": 41.84,
        "x": 334.02,
        "y": 290.77
      },
      "name": "Cisto Viável"
    },
    {
      "bounding_box": {
        "h": 17.83,
        "w": 24.01,
        "x": 358.02,
        "y": 320.26
      },
      "name": "Cisto Viável"
    },
    {
      "bounding_box": {
        "h": 40.16,
        "w": 39.28,
        "x": 199.24,
        "y": 295.35
      },
      "name": "Cisto Inviável"
    },
    {
      "bounding_box": {
        "h": 42.67,
        "w": 65.13,
        "x": 359.65,
        "y": 370.51
      },
      "name": "Cisto Inviável"
    },
    {
      "bounding_box": {
        "h": 63.4,
        "w": 48.14,
        "x": 586.24,
        "y": 267.2
      },
      "name": "Cisto Inviável"
    }
  ]
}