{
  "dataset": "Cisto",
  "image": {
    "width": 640,
    "height": 480,
    "original_filename": "Cisto457.jpg",
    "filename": "Cisto457.jpg",
    "url": "https://darwin.v7labs.com/api/images/38437834/original",
    "thumbnail_url": "https://darwin.v7labs.com/api/images/38437834/thumbnail",
    "path": "/",
    "workview_url": "https://darwin.v7labs.com/workview?dataset=38016&image=173"
  },
  "annotations": [
    {
      "bounding_box": {
        "h": 49.07,
        "w": 81.28,
        "x": 260.19,
        "y": 225.43
      },
      "name": "Cisto Viável"
    }
  ]
}