{
  "dataset": "Cisto",
  "image": {
    "width": 640,
    "height": 480,
    "original_filename": "Cisto179.jpg",
    "filename": "Cisto179.jpg",
    "url": "https://darwin.v7labs.com/api/images/38438081/original",
    "thumbnail_url": "https://darwin.v7labs.com/api/images/38438081/thumbnail",
    "path": "/",
    "workview_url": "https://darwin.v7labs.com/workview?dataset=38016&image=420"
  },
  "annotations": [
    {
      "bounding_box": {
        "h": 43.71,
        "w": 49.84,
        "x": 260.96,
        "y": 173.29
      },
      "name": "Cisto Viável"
    },
    {
      "bounding_box": {
        "h": 39.87,
        "w": 44.47,
        "x": 393.61,
        "y": 74.38
      },
      "name": "Não Cisto"
    },
    {
      "bounding_box": {
        "h": 39.11,
        "w": 42.94,
        "x": 551.57,
        "y": 62.88
      },
      "name": "Não Cisto"
    }
  ]
}