{
  "dataset": "Cisto",
  "image": {
    "width": 640,
    "height": 480,
    "original_filename": "Cisto165.jpg",
    "filename": "Cisto165.jpg",
    "url": "https://darwin.v7labs.com/api/images/38437935/original",
    "thumbnail_url": "https://darwin.v7labs.com/api/images/38437935/thumbnail",
    "path": "/",
    "workview_url": "https://darwin.v7labs.com/workview?dataset=38016&image=274"
  },
  "annotations": [
    {
      "bounding_box": {
        "h": 39.2,
        "w": 41.87,
        "x": 321.9,
        "y": 93.74
      },
      "name": "Não Cisto"
    },
    {
      "bounding_box": {
        "h": 32.96,
        "w": 40.98,
        "x": 166.89,
        "y": 322.69
      },
      "name": "Não Cisto"
    },
    {
      "bounding_box": {
        "h": 28.51,
        "w": 30.29,
        "x": 210.55,
        "y": 280.82
      },
      "name": "Não Cisto"
    },
    {
      "bounding_box": {
        "h": 53.45,
        "w": 53.45,
        "x": 188.27,
        "y": 119.57
      },
      "name": "Cisto Viável"
    },
    {
      "bounding_box": {
        "h": 58.8,
        "w": 61.47,
        "x": 294.29,
        "y": 404.65
      },
      "name": "Cisto Viável"
    },
    {
      "bounding_box": {
        "h": 44.67,
        "w": 30.37,
        "x": 194.07,
        "y": 296.62
      },
      "name": "Cisto Viável"
    },
    {
      "bounding_box": {
        "h": 38.52,
        "w": 54.37,
        "x": 191.64,
        "y": 241.89
      },
      "name": "Cisto Viável"
    }
  ]
}