{
  "dataset": "Cisto",
  "image": {
    "width": 640,
    "height": 480,
    "original_filename": "Cisto187.jpg",
    "filename": "Cisto187.jpg",
    "url": "https://darwin.v7labs.com/api/images/38438092/original",
    "thumbnail_url": "https://darwin.v7labs.com/api/images/38438092/thumbnail",
    "path": "/",
    "workview_url": "https://darwin.v7labs.com/workview?dataset=38016&image=431"
  },
  "annotations": [
    {
      "bounding_box": {
        "h": 100.84,
        "w": 69.49,
        "x": 434.1,
        "y": 193.43
      },
      "name": "Não Cisto"
    },
    {
      "bounding_box": {
        "h": 68.64,
        "w": 76.27,
        "x": 297.66,
        "y": 151.91
      },
      "name": "Cisto Viável"
    }
  ]
}