{
  "dataset": "Cisto",
  "image": {
    "width": 640,
    "height": 480,
    "original_filename": "Cisto353.jpg",
    "filename": "Cisto353.jpg",
    "url": "https://darwin.v7labs.com/api/images/38437737/original",
    "thumbnail_url": "https://darwin.v7labs.com/api/images/38437737/thumbnail",
    "path": "/",
    "workview_url": "https://darwin.v7labs.com/workview?dataset=38016&image=76"
  },
  "annotations": [
    {
      "bounding_box": {
        "h": 58.37,
        "w": 43.51,
        "x": 268.44,
        "y": 201.78
      },
      "name": "Cisto Viável"
    },
    {
      "bounding_box": {
        "h": 39.27,
        "w": 43.51,
        "x": 227.05,
        "y": 294.11
      },
      "name": "Não Cisto"
    },
    {
      "bounding_box": {
        "h": 50.94,
        "w": 62.61,
        "x": 279.05,
        "y": 266.52
      },
      "name": "Não Cisto"
    },
    {
      "bounding_box": {
        "h": 94.45,
        "w": 42.45,
        "x": 371.38,
        "y": 168.88
      },
      "name": "Não Cisto"
    },
    {
      "bounding_box": {
        "h": 96.57,
        "w": 52.0,
        "x": 324.69,
        "y": 171.0
      },
      "name": "Não Cisto"
    },
    {
      "bounding_box": {
        "h": 55.18,
        "w": 57.31,
        "x": 342.73,
        "y": 285.62
      },
      "name": "Não Cisto"
    },
    {
      "bounding_box": {
        "h": 52.0,
        "w": 46.69,
        "x": 477.51,
        "y": 295.17
      },
      "name": "Não Cisto"
    },
    {
      "bounding_box": {
        "h": 38.2,
        "w": 63.67,
        "x": 397.91,
        "y": 352.48
      },
      "name": "Não Cisto"
    },
    {
      "bounding_box": {
        "h": 25.47,
        "w": 32.9,
        "x": 393.67,
        "y": 112.64
      },
      "name": "Não Cisto"
    },
    {
      "bounding_box": {
        "h": 129.47,
        "w": 47.76,
        "x": 462.65,
        "y": 55.33
      },
      "name": "Não Cisto"
    },
    {
      "bounding_box": {
        "h": 64.74,
        "w": 61.55,
        "x": 502.98,
        "y": 80.8
      },
      "name": "Não Cisto"
    },
    {
      "bounding_box": {
        "h": 53.06,
        "w": 116.74,
        "x": 497.67,
        "y": 143.41
      },
      "name": "Não Cisto"
    },
    {
      "bounding_box": {
        "h": 37.14,
        "w": 62.61,
        "x": 186.73,
        "y": 336.56
      },
      "name": "Não Cisto"
    },
    {
      "bounding_box": {
        "h": 77.47,
        "w": 109.31,
        "x": 58.32,
        "y": 63.82
      },
      "name": "Não Cisto"
    },
    {
      "bounding_box": {
        "h": 100.82,
        "w": 139.02,
        "x": 78.48,
        "y": 1.21
      },
      "name": "Não Cisto"
    },
    {
      "bounding_box": {
        "h": 217.58,
        "w": 116.87,
        "x": 1.09,
        "y": 146.17
      },
      "name": "Não Cisto"
    },
    {
      "bounding_box": {
        "h": 89.52,
        "w": 53.46,
        "x": 476.03,
        "y": 210.82
      },
      "name": "Não Cisto"
    }
  ]
}