{
  "dataset": "Cisto",
  "image": {
    "width": 640,
    "height": 480,
    "original_filename": "Cisto240.jpg",
    "filename": "Cisto240.jpg",
    "url": "https://darwin.v7labs.com/api/images/38438054/original",
    "thumbnail_url": "https://darwin.v7labs.com/api/images/38438054/thumbnail",
    "path": "/",
    "workview_url": "https://darwin.v7labs.com/workview?dataset=38016&image=393"
  },
  "annotations": [
    {
      "bounding_box": {
        "h": 37.57,
        "w": 31.44,
        "x": 194.25,
        "y": 234.63
      },
      "name": "Cisto Viável"
    },
    {
      "bounding_box": {
        "h": 63.64,
        "w": 52.14,
        "x": 223.39,
        "y": 210.1
      },
      "name": "Cisto Viável"
    }
  ]
}