{
  "dataset": "Cisto",
  "image": {
    "width": 640,
    "height": 480,
    "original_filename": "Cisto396.jpg",
    "filename": "Cisto396.jpg",
    "url": "https://darwin.v7labs.com/api/images/38437881/original",
    "thumbnail_url": "https://darwin.v7labs.com/api/images/38437881/thumbnail",
    "path": "/",
    "workview_url": "https://darwin.v7labs.com/workview?dataset=38016&image=220"
  },
  "annotations": [
    {
      "bounding_box": {
        "h": 56.74,
        "w": 44.47,
        "x": 293.16,
        "y": 151.82
      },
      "name": "Cisto Viável"
    },
    {
      "bounding_box": {
        "h": 72.84,
        "w": 68.24,
        "x": 450.35,
        "y": 189.39
      },
      "name": "Cisto Viável"
    },
    {
      "bounding_box": {
        "h": 56.23,
        "w": 53.3,
        "x": 279.21,
        "y": 22.33
      },
      "name": "Cisto Viável"
    },
    {
      "bounding_box": {
        "h": 44.4,
        "w": 43.06,
        "x": 344.75,
        "y": 225.58
      },
      "name": "Não Cisto"
    },
    {
      "bounding_box": {
        "h": 36.33,
        "w": 44.4,
        "x": 481.31,
        "y": 276.71
      },
      "name": "Não Cisto"
    },
    {
      "bounding_box": {
        "h": 39.02,
        "w": 53.15,
        "x": 477.95,
        "y": 335.91
      },
      "name": "Não Cisto"
    }
  ]
}