{
  "dataset": "Cisto",
  "image": {
    "width": 640,
    "height": 480,
    "original_filename": "Cisto84.jpg",
    "filename": "Cisto84.jpg",
    "url": "https://darwin.v7labs.com/api/images/38437915/original",
    "thumbnail_url": "https://darwin.v7labs.com/api/images/38437915/thumbnail",
    "path": "/",
    "workview_url": "https://darwin.v7labs.com/workview?dataset=38016&image=254"
  },
  "annotations": [
    {
      "bounding_box": {
        "h": 66.71,
        "w": 59.81,
        "x": 230.29,
        "y": 93.55
      },
      "name": "Cisto Viável"
    },
    {
      "bounding_box": {
        "h": 51.15,
        "w": 50.24,
        "x": 166.35,
        "y": 352.96
      },
      "name": "Não Cisto"
    },
    {
      "bounding_box": {
        "h": 54.8,
        "w": 42.93,
        "x": 254.95,
        "y": 342.0
      },
      "name": "Não Cisto"
    },
    {
      "bounding_box": {
        "h": 28.32,
        "w": 42.93,
        "x": 401.1,
        "y": 313.68
      },
      "name": "Não Cisto"
    },
    {
      "bounding_box": {
        "h": 39.28,
        "w": 51.15,
        "x": 501.57,
        "y": 307.29
      },
      "name": "Não Cisto"
    },
    {
      "bounding_box": {
        "h": 35.62,
        "w": 40.19,
        "x": 479.65,
        "y": 213.2
      },
      "name": "Não Cisto"
    },
    {
      "bounding_box": {
        "h": 38.36,
        "w": 31.97,
        "x": 484.22,
        "y": 248.83
      },
      "name": "Não Cisto"
    },
    {
      "bounding_box": {
        "h": 42.93,
        "w": 41.1,
        "x": 47.6,
        "y": 131.0
      },
      "name": "Não Cisto"
    },
    {
      "bounding_box": {
        "h": 49.32,
        "w": 40.19,
        "x": 125.24,
        "y": 97.2
      },
      "name": "Não Cisto"
    }
  ]
}