{
  "dataset": "Cisto",
  "image": {
    "width": 640,
    "height": 480,
    "original_filename": "Cisto109.jpg",
    "filename": "Cisto109.jpg",
    "url": "https://darwin.v7labs.com/api/images/38437932/original",
    "thumbnail_url": "https://darwin.v7labs.com/api/images/38437932/thumbnail",
    "path": "/",
    "workview_url": "https://darwin.v7labs.com/workview?dataset=38016&image=271"
  },
  "annotations": [
    {
      "bounding_box": {
        "h": 57.62,
        "w": 61.01,
        "x": 153.73,
        "y": 128.47
      },
      "name": "Cisto Viável"
    },
    {
      "bounding_box": {
        "h": 40.68,
        "w": 44.91,
        "x": 392.7,
        "y": 303.88
      },
      "name": "Cisto Viável"
    },
    {
      "bounding_box": {
        "h": 86.44,
        "w": 94.06,
        "x": 226.61,
        "y": 266.59
      },
      "name": "Não Cisto"
    },
    {
      "bounding_box": {
        "h": 82.2,
        "w": 119.49,
        "x": 385.92,
        "y": 367.44
      },
      "name": "Não Cisto"
    },
    {
      "bounding_box": {
        "h": 94.91,
        "w": 105.93,
        "x": 351.18,
        "y": -1.19
      },
      "name": "Não Cisto"
    }
  ]
}