{
  "dataset": "Cisto",
  "image": {
    "width": 640,
    "height": 480,
    "original_filename": "Cisto484.jpg",
    "filename": "Cisto484.jpg",
    "url": "https://darwin.v7labs.com/api/images/38437827/original",
    "thumbnail_url": "https://darwin.v7labs.com/api/images/38437827/thumbnail",
    "path": "/",
    "workview_url": "https://darwin.v7labs.com/workview?dataset=38016&image=166"
  },
  "annotations": [
    {
      "bounding_box": {
        "h": 54.44,
        "w": 48.31,
        "x": 316.93,
        "y": 55.97
      },
      "name": "Cisto Inviável"
    },
    {
      "bounding_box": {
        "h": 28.37,
        "w": 26.84,
        "x": 7.16,
        "y": 65.94
      },
      "name": "Cisto Viável"
    },
    {
      "bounding_box": {
        "h": 39.87,
        "w": 36.81,
        "x": 72.33,
        "y": 115.02
      },
      "name": "Cisto Viável"
    },
    {
      "bounding_box": {
        "h": 46.77,
        "w": 47.54,
        "x": 190.42,
        "y": 86.65
      },
      "name": "Cisto Viável"
    },
    {
      "bounding_box": {
        "h": 53.67,
        "w": 55.21,
        "x": 181.98,
        "y": 154.12
      },
      "name": "Cisto Viável"
    },
    {
      "bounding_box": {
        "h": 44.47,
        "w": 47.54,
        "x": 349.14,
        "y": 128.82
      },
      "name": "Cisto Viável"
    },
    {
      "bounding_box": {
        "h": 49.07,
        "w": 66.71,
        "x": 444.22,
        "y": 69.01
      },
      "name": "Cisto Viável"
    },
    {
      "bounding_box": {
        "h": 38.34,
        "w": 39.11,
        "x": 502.49,
        "y": 27.6
      },
      "name": "Cisto Viável"
    },
    {
      "bounding_box": {
        "h": 46.01,
        "w": 38.34,
        "x": 518.59,
        "y": 59.81
      },
      "name": "Cisto Viável"
    },
    {
      "bounding_box": {
        "h": 46.01,
        "w": 39.87,
        "x": 559.23,
        "y": 59.81
      },
      "name": "Cisto Viável"
    },
    {
      "bounding_box": {
        "h": 55.08,
        "w": 45.76,
        "x": 283.74,
        "y": 86.71
      },
      "name": "Cisto Inviável"
    },
    {
      "bounding_box": {
        "h": 67.61,
        "w": 216.99,
        "x": 281.12,
        "y": 231.0
      },
      "name": "Não Cisto"
    },
    {
      "bounding_box": {
        "h": 126.58,
        "w": 156.45,
        "x": 125.46,
        "y": 348.15
      },
      "name": "Não Cisto"
    }
  ]
}