{
  "dataset": "Cisto",
  "image": {
    "width": 640,
    "height": 480,
    "original_filename": "Cisto440.jpg",
    "filename": "Cisto440.jpg",
    "url": "https://darwin.v7labs.com/api/images/38437860/original",
    "thumbnail_url": "https://darwin.v7labs.com/api/images/38437860/thumbnail",
    "path": "/",
    "workview_url": "https://darwin.v7labs.com/workview?dataset=38016&image=199"
  },
  "annotations": [
    {
      "bounding_box": {
        "h": 45.24,
        "w": 64.41,
        "x": 238.72,
        "y": 105.81
      },
      "name": "Cisto Viável"
    },
    {
      "bounding_box": {
        "h": 50.85,
        "w": 39.41,
        "x": 221.8,
        "y": 24.95
      },
      "name": "Cisto Viável"
    },
    {
      "bounding_box": {
        "h": 52.13,
        "w": 44.5,
        "x": 322.87,
        "y": 15.41
      },
      "name": "Cisto Inviável"
    },
    {
      "bounding_box": {
        "h": 64.2,
        "w": 50.85,
        "x": 413.14,
        "y": 193.4
      },
      "name": "Cisto Inviável"
    },
    {
      "bounding_box": {
        "h": 25.43,
        "w": 38.78,
        "x": 241.51,
        "y": 79.61
      },
      "name": "Não Cisto"
    },
    {
      "bounding_box": {
        "h": 34.33,
        "w": 26.7,
        "x": 378.81,
        "y": 89.78
      },
      "name": "Não Cisto"
    },
    {
      "bounding_box": {
        "h": 33.69,
        "w": 48.95,
        "x": 486.88,
        "y": 62.45
      },
      "name": "Não Cisto"
    }
  ]
}