{
  "dataset": "Cisto",
  "image": {
    "width": 640,
    "height": 480,
    "original_filename": "Cisto293.jpg",
    "filename": "Cisto293.jpg",
    "url": "https://darwin.v7labs.com/api/images/38437742/original",
    "thumbnail_url": "https://darwin.v7labs.com/api/images/38437742/thumbnail",
    "path": "/",
    "workview_url": "https://darwin.v7labs.com/workview?dataset=38016&image=81"
  },
  "annotations": [
    {
      "bounding_box": {
        "h": 32.97,
        "w": 32.2,
        "x": 174.31,
        "y": 167.16
      },
      "name": "Cisto Viável"
    },
    {
      "bounding_box": {
        "h": 39.11,
        "w": 36.81,
        "x": 280.13,
        "y": 57.51
      },
      "name": "Cisto Viável"
    },
    {
      "bounding_box": {
        "h": 37.57,
        "w": 41.41,
        "x": 280.13,
        "y": 205.5
      },
      "name": "Cisto Viável"
    },
    {
      "bounding_box": {
        "h": 26.84,
        "w": 41.41,
        "x": 214.19,
        "y": 224.66
      },
      "name": "Cisto Viável"
    },
    {
      "bounding_box": {
        "h": 39.87,
        "w": 64.41,
        "x": 292.4,
        "y": 19.94
      },
      "name": "Cisto Inviável"
    },
    {
      "bounding_box": {
        "h": 46.77,
        "w": 32.2,
        "x": 224.15,
        "y": 170.22
      },
      "name": "Cisto Inviável"
    },
    {
      "bounding_box": {
        "h": 46.01,
        "w": 40.64,
        "x": 251.76,
        "y": 155.65
      },
      "name": "Cisto Inviável"
    },
    {
      "bounding_box": {
        "h": 62.88,
        "w": 57.51,
        "x": 333.04,
        "y": 138.79
      },
      "name": "Cisto Inviável"
    },
    {
      "bounding_box": {
        "h": 23.77,
        "w": 30.67,
        "x": 221.85,
        "y": 142.62
      },
      "name": "Cisto Inviável"
    },
    {
      "bounding_box": {
        "h": 23.77,
        "w": 32.2,
        "x": 178.91,
        "y": 146.45
      },
      "name": "Cisto Inviável"
    },
    {
      "bounding_box": {
        "h": 40.64,
        "w": 45.24,
        "x": 361.41,
        "y": 292.91
      },
      "name": "Não Cisto"
    },
    {
      "bounding_box": {
        "h": 21.47,
        "w": 28.37,
        "x": 218.02,
        "y": 317.44
      },
      "name": "Não Cisto"
    },
    {
      "bounding_box": {
        "h": 19.17,
        "w": 31.44,
        "x": 197.32,
        "y": 352.72
      },
      "name": "Não Cisto"
    },
    {
      "bounding_box": {
        "h": 44.47,
        "w": 42.94,
        "x": 359.87,
        "y": 352.72
      },
      "name": "Não Cisto"
    },
    {
      "bounding_box": {
        "h": 34.5,
        "w": 42.94,
        "x": 344.54,
        "y": 441.66
      },
      "name": "Não Cisto"
    }
  ]
}