{
  "dataset": "Cisto",
  "image": {
    "width": 640,
    "height": 480,
    "original_filename": "Cisto397.jpg",
    "filename": "Cisto397.jpg",
    "url": "https://darwin.v7labs.com/api/images/38437856/original",
    "thumbnail_url": "https://darwin.v7labs.com/api/images/38437856/thumbnail",
    "path": "/",
    "workview_url": "https://darwin.v7labs.com/workview?dataset=38016&image=195"
  },
  "annotations": [
    {
      "bounding_box": {
        "h": 55.39,
        "w": 55.39,
        "x": 155.69,
        "y": 159.74
      },
      "name": "Cisto Viável"
    },
    {
      "bounding_box": {
        "h": 41.36,
        "w": 56.13,
        "x": 249.49,
        "y": 140.54
      },
      "name": "Cisto Viável"
    },
    {
      "bounding_box": {
        "h": 23.63,
        "w": 31.02,
        "x": 258.35,
        "y": 87.36
      },
      "name": "Não Cisto"
    },
    {
      "bounding_box": {
        "h": 42.84,
        "w": 36.93,
        "x": 444.46,
        "y": 111.73
      },
      "name": "Não Cisto"
    },
    {
      "bounding_box": {
        "h": 26.59,
        "w": 33.23,
        "x": 540.47,
        "y": 104.35
      },
      "name": "Não Cisto"
    }
  ]
}