{
  "dataset": "Cisto",
  "image": {
    "width": 640,
    "height": 480,
    "original_filename": "Cisto410.jpg",
    "filename": "Cisto410.jpg",
    "url": "https://darwin.v7labs.com/api/images/38437835/original",
    "thumbnail_url": "https://darwin.v7labs.com/api/images/38437835/thumbnail",
    "path": "/",
    "workview_url": "https://darwin.v7labs.com/workview?dataset=38016&image=174"
  },
  "annotations": [
    {
      "bounding_box": {
        "h": 72.68,
        "w": 84.8,
        "x": 278.61,
        "y": 244.79
      },
      "name": "Cisto Viável"
    },
    {
      "bounding_box": {
        "h": 40.38,
        "w": 46.44,
        "x": 218.04,
        "y": 7.56
      },
      "name": "Cisto Viável"
    },
    {
      "bounding_box": {
        "h": 39.37,
        "w": 61.58,
        "x": 179.68,
        "y": 195.32
      },
      "name": "Cisto Viável"
    },
    {
      "bounding_box": {
        "h": 37.49,
        "w": 57.37,
        "x": 272.2,
        "y": 426.85
      },
      "name": "Não Cisto"
    },
    {
      "bounding_box": {
        "h": 43.62,
        "w": 44.37,
        "x": 271.78,
        "y": 383.12
      },
      "name": "Cisto Viável"
    }
  ]
}