{
  "dataset": "Cisto",
  "image": {
    "width": 640,
    "height": 480,
    "original_filename": "Cisto461.jpg",
    "filename": "Cisto461.jpg",
    "url": "https://darwin.v7labs.com/api/images/38437840/original",
    "thumbnail_url": "https://darwin.v7labs.com/api/images/38437840/thumbnail",
    "path": "/",
    "workview_url": "https://darwin.v7labs.com/workview?dataset=38016&image=179"
  },
  "annotations": [
    {
      "bounding_box": {
        "h": 54.61,
        "w": 60.73,
        "x": 177.59,
        "y": 277.16
      },
      "name": "Cisto Viável"
    },
    {
      "bounding_box": {
        "h": 51.55,
        "w": 65.53,
        "x": 106.81,
        "y": 317.35
      },
      "name": "Cisto Inviável"
    },
    {
      "bounding_box": {
        "h": 36.69,
        "w": 34.76,
        "x": 235.26,
        "y": 212.32
      },
      "name": "Não Cisto"
    },
    {
      "bounding_box": {
        "h": 39.91,
        "w": 32.18,
        "x": 420.0,
        "y": 96.46
      },
      "name": "Não Cisto"
    },
    {
      "bounding_box": {
        "h": 48.92,
        "w": 34.76,
        "x": 498.52,
        "y": 153.75
      },
      "name": "Não Cisto"
    },
    {
      "bounding_box": {
        "h": 28.32,
        "w": 52.14,
        "x": 406.48,
        "y": 216.83
      },
      "name": "Não Cisto"
    },
    {
      "bounding_box": {
        "h": 27.5,
        "w": 33.69,
        "x": 82.93,
        "y": 360.24
      },
      "name": "Cisto Viável"
    }
  ]
}