{
  "dataset": "Cisto",
  "image": {
    "width": 640,
    "height": 480,
    "original_filename": "Cisto387.jpg",
    "filename": "Cisto387.jpg",
    "url": "https://darwin.v7labs.com/api/images/38437873/original",
    "thumbnail_url": "https://darwin.v7labs.com/api/images/38437873/thumbnail",
    "path": "/",
    "workview_url": "https://darwin.v7labs.com/workview?dataset=38016&image=212"
  },
  "annotations": [
    {
      "bounding_box": {
        "h": 46.01,
        "w": 55.21,
        "x": 111.44,
        "y": 250.73
      },
      "name": "Cisto Viável"
    },
    {
      "bounding_box": {
        "h": 59.81,
        "w": 75.91,
        "x": 218.79,
        "y": 202.43
      },
      "name": "Cisto Viável"
    },
    {
      "bounding_box": {
        "h": 55.21,
        "w": 84.35,
        "x": 474.12,
        "y": 39.11
      },
      "name": "Não Cisto"
    },
    {
      "bounding_box": {
        "h": 72.84,
        "w": 113.48,
        "x": 433.48,
        "y": 97.38
      },
      "name": "Não Cisto"
    },
    {
      "bounding_box": {
        "h": 24.54,
        "w": 49.84,
        "x": 414.31,
        "y": 207.03
      },
      "name": "Não Cisto"
    },
    {
      "bounding_box": {
        "h": 52.14,
        "w": 62.88,
        "x": 129.84,
        "y": 148.75
      },
      "name": "Não Cisto"
    }
  ]
}