{
  "dataset": "Cisto",
  "image": {
    "width": 640,
    "height": 480,
    "original_filename": "Cisto310.jpg",
    "filename": "Cisto310.jpg",
    "url": "https://darwin.v7labs.com/api/images/38437700/original",
    "thumbnail_url": "https://darwin.v7labs.com/api/images/38437700/thumbnail",
    "path": "/",
    "workview_url": "https://darwin.v7labs.com/workview?dataset=38016&image=39"
  },
  "annotations": [
    {
      "bounding_box": {
        "h": 36.43,
        "w": 34.46,
        "x": 364.65,
        "y": 208.98
      },
      "name": "Cisto Viável"
    },
    {
      "bounding_box": {
        "h": 36.43,
        "w": 45.29,
        "x": 134.26,
        "y": 275.93
      },
      "name": "Cisto Viável"
    },
    {
      "bounding_box": {
        "h": 44.36,
        "w": 49.38,
        "x": 230.7,
        "y": 231.35
      },
      "name": "Não Cisto"
    },
    {
      "bounding_box": {
        "h": 30.13,
        "w": 56.07,
        "x": 276.73,
        "y": 223.82
      },
      "name": "Não Cisto"
    },
    {
      "bounding_box": {
        "h": 24.27,
        "w": 30.96,
        "x": 393.89,
        "y": 258.97
      },
      "name": "Não Cisto"
    },
    {
      "bounding_box": {
        "h": 49.38,
        "w": 48.54,
        "x": 336.98,
        "y": 315.88
      },
      "name": "Não Cisto"
    },
    {
      "bounding_box": {
        "h": 26.78,
        "w": 30.13,
        "x": 410.63,
        "y": 347.68
      },
      "name": "Não Cisto"
    },
    {
      "bounding_box": {
        "h": 45.19,
        "w": 40.17,
        "x": 504.36,
        "y": 429.69
      },
      "name": "Não Cisto"
    },
    {
      "bounding_box": {
        "h": 20.92,
        "w": 38.5,
        "x": 456.66,
        "y": 454.8
      },
      "name": "Não Cisto"
    },
    {
      "bounding_box": {
        "h": 62.77,
        "w": 116.33,
        "x": 293.46,
        "y": 360.23
      },
      "name": "Não Cisto"
    },
    {
      "bounding_box": {
        "h": 30.13,
        "w": 34.31,
        "x": 310.2,
        "y": 66.49
      },
      "name": "Não Cisto"
    },
    {
      "bounding_box": {
        "h": 39.33,
        "w": 70.3,
        "x": 42.4,
        "y": 234.7
      },
      "name": "Não Cisto"
    },
    {
      "bounding_box": {
        "h": 59.42,
        "w": 56.91,
        "x": 149.52,
        "y": 323.41
      },
      "name": "Não Cisto"
    },
    {
      "bounding_box": {
        "h": 86.2,
        "w": 65.28,
        "x": 95.96,
        "y": 315.04
      },
      "name": "Não Cisto"
    },
    {
      "bounding_box": {
        "h": 51.05,
        "w": 74.48,
        "x": 172.12,
        "y": 382.83
      },
      "name": "Não Cisto"
    },
    {
      "bounding_box": {
        "h": 169.05,
        "w": 56.07,
        "x": 174.63,
        "y": 124.23
      },
      "name": "Não Cisto"
    },
    {
      "bounding_box": {
        "h": 30.13,
        "w": 30.13,
        "x": 208.1,
        "y": 34.68
      },
      "name": "Não Cisto"
    },
    {
      "bounding_box": {
        "h": 35.99,
        "w": 30.96,
        "x": 167.93,
        "y": 70.67
      },
      "name": "Não Cisto"
    },
    {
      "bounding_box": {
        "h": 31.8,
        "w": 30.96,
        "x": 99.31,
        "y": 141.81
      },
      "name": "Não Cisto"
    },
    {
      "bounding_box": {
        "h": 39.33,
        "w": 36.82,
        "x": 18.97,
        "y": 200.39
      },
      "name": "Não Cisto"
    },
    {
      "bounding_box": {
        "h": 68.62,
        "w": 42.68,
        "x": 12.27,
        "y": 321.74
      },
      "name": "Não Cisto"
    },
    {
      "bounding_box": {
        "h": 45.19,
        "w": 67.79,
        "x": 20.64,
        "y": 422.16
      },
      "name": "Não Cisto"
    },
    {
      "bounding_box": {
        "h": 76.99,
        "w": 25.94,
        "x": 80.06,
        "y": 401.24
      },
      "name": "Não Cisto"
    },
    {
      "bounding_box": {
        "h": 25.1,
        "w": 23.88,
        "x": 145.57,
        "y": 95.54
      },
      "name": "Não Cisto"
    },
    {
      "bounding_box": {
        "h": 26.33,
        "w": 46.53,
        "x": 125.98,
        "y": 132.28
      },
      "name": "Não Cisto"
    },
    {
      "bounding_box": {
        "h": 31.84,
        "w": 23.88,
        "x": 192.72,
        "y": 41.66
      },
      "name": "Não Cisto"
    },
    {
      "bounding_box": {
        "h": 34.29,
        "w": 23.88,
        "x": 12.71,
        "y": 93.09
      },
      "name": "Não Cisto"
    },
    {
      "bounding_box": {
        "h": 28.78,
        "w": 39.8,
        "x": 7.2,
        "y": 164.11
      },
      "name": "Não Cisto"
    },
    {
      "bounding_box": {
        "h": 42.28,
        "w": 45.73,
        "x": 186.79,
        "y": 295.48
      },
      "name": "Cisto Viável"
    },
    {
      "bounding_box": {
        "h": 22.89,
        "w": 19.12,
        "x": 323.87,
        "y": 47.22
      },
      "name": "Cisto Viável"
    },
    {
      "bounding_box": {
        "h": 24.77,
        "w": 31.35,
        "x": 260.23,
        "y": 62.89
      },
      "name": "Cisto Inviável"
    },
    {
      "bounding_box": {
        "h": 18.18,
        "w": 26.02,
        "x": 256.15,
        "y": 86.09
      },
      "name": "Não Cisto"
    },
    {
      "bounding_box": {
        "h": 23.83,
        "w": 23.51,
        "x": 126.05,
        "y": 108.66
      },
      "name": "Não Cisto"
    }
  ]
}