{
  "dataset": "Cisto",
  "image": {
    "width": 640,
    "height": 480,
    "original_filename": "Cisto271.jpg",
    "filename": "Cisto271.jpg",
    "url": "https://darwin.v7labs.com/api/images/38438063/original",
    "thumbnail_url": "https://darwin.v7labs.com/api/images/38438063/thumbnail",
    "path": "/",
    "workview_url": "https://darwin.v7labs.com/workview?dataset=38016&image=402"
  },
  "annotations": [
    {
      "bounding_box": {
        "h": 45.24,
        "w": 56.74,
        "x": 42.43,
        "y": 184.03
      },
      "name": "Cisto Viável"
    },
    {
      "bounding_box": {
        "h": 33.74,
        "w": 35.27,
        "x": 72.33,
        "y": 133.42
      },
      "name": "Cisto Viável"
    },
    {
      "bounding_box": {
        "h": 36.81,
        "w": 50.61,
        "x": 178.91,
        "y": 145.69
      },
      "name": "Cisto Viável"
    },
    {
      "bounding_box": {
        "h": 22.24,
        "w": 20.7,
        "x": 208.05,
        "y": 131.12
      },
      "name": "Cisto Viável"
    },
    {
      "bounding_box": {
        "h": 37.45,
        "w": 41.82,
        "x": 279.97,
        "y": 181.87
      },
      "name": "Cisto Viável"
    },
    {
      "bounding_box": {
        "h": 47.43,
        "w": 52.12,
        "x": 327.4,
        "y": 170.63
      },
      "name": "Cisto Viável"
    },
    {
      "bounding_box": {
        "h": 59.03,
        "w": 60.42,
        "x": 458.67,
        "y": 213.69
      },
      "name": "Cisto Viável"
    },
    {
      "bounding_box": {
        "h": 60.32,
        "w": 55.29,
        "x": 258.44,
        "y": 210.34
      },
      "name": "Cisto Inviável"
    }
  ]
}