{
  "dataset": "Cisto",
  "image": {
    "width": 640,
    "height": 480,
    "original_filename": "Cisto319.jpg",
    "filename": "Cisto319.jpg",
    "url": "https://darwin.v7labs.com/api/images/38437730/original",
    "thumbnail_url": "https://darwin.v7labs.com/api/images/38437730/thumbnail",
    "path": "/",
    "workview_url": "https://darwin.v7labs.com/workview?dataset=38016&image=69"
  },
  "annotations": [
    {
      "bounding_box": {
        "h": 46.97,
        "w": 40.93,
        "x": 125.12,
        "y": 207.62
      },
      "name": "Cisto Viável"
    },
    {
      "bounding_box": {
        "h": 38.14,
        "w": 44.65,
        "x": 149.77,
        "y": 294.59
      },
      "name": "Cisto Viável"
    },
    {
      "bounding_box": {
        "h": 40.37,
        "w": 31.51,
        "x": 440.68,
        "y": 185.84
      },
      "name": "Não Cisto"
    },
    {
      "bounding_box": {
        "h": 32.49,
        "w": 30.52,
        "x": 429.85,
        "y": 129.72
      },
      "name": "Não Cisto"
    },
    {
      "bounding_box": {
        "h": 47.36,
        "w": 47.36,
        "x": 264.59,
        "y": 194.02
      },
      "name": "Cisto Inviável"
    },
    {
      "bounding_box": {
        "h": 29.36,
        "w": 23.68,
        "x": 164.19,
        "y": 212.96
      },
      "name": "Não Cisto"
    },
    {
      "bounding_box": {
        "h": 24.06,
        "w": 32.75,
        "x": 127.44,
        "y": 272.44
      },
      "name": "Não Cisto"
    },
    {
      "bounding_box": {
        "h": 30.07,
        "w": 22.69,
        "x": 206.11,
        "y": 356.44
      },
      "name": "Não Cisto"
    },
    {
      "bounding_box": {
        "h": 19.57,
        "w": 25.25,
        "x": 192.21,
        "y": 387.36
      },
      "name": "Não Cisto"
    },
    {
      "bounding_box": {
        "h": 22.71,
        "w": 30.28,
        "x": 193.51,
        "y": 408.99
      },
      "name": "Cisto Inviável"
    },
    {
      "bounding_box": {
        "h": 34.23,
        "w": 50.3,
        "x": 78.5,
        "y": 0.0
      },
      "name": "Cisto Inviável"
    },
    {
      "bounding_box": {
        "h": 127.83,
        "w": 59.38,
        "x": 111.33,
        "y": 8.38
      },
      "name": "Não Cisto"
    },
    {
      "bounding_box": {
        "h": 67.06,
        "w": 74.05,
        "x": 77.8,
        "y": 139.71
      },
      "name": "Não Cisto"
    },
    {
      "bounding_box": {
        "h": 42.61,
        "w": 50.99,
        "x": 65.23,
        "y": 273.13
      },
      "name": "Não Cisto"
    }
  ]
}