{
  "dataset": "Cisto",
  "image": {
    "width": 640,
    "height": 480,
    "original_filename": "Cisto12.jpg",
    "filename": "Cisto12.jpg",
    "url": "https://darwin.v7labs.com/api/images/38438099/original",
    "thumbnail_url": "https://darwin.v7labs.com/api/images/38438099/thumbnail",
    "path": "/",
    "workview_url": "https://darwin.v7labs.com/workview?dataset=38016&image=438"
  },
  "annotations": [
    {
      "bounding_box": {
        "h": 51.52,
        "w": 46.48,
        "x": 229.81,
        "y": 251.17
      },
      "name": "Cisto Inviável"
    },
    {
      "bounding_box": {
        "h": 37.52,
        "w": 30.24,
        "x": 167.08,
        "y": 199.65
      },
      "name": "Cisto Inviável"
    },
    {
      "bounding_box": {
        "h": 57.53,
        "w": 64.72,
        "x": 1.95,
        "y": 71.2
      },
      "name": "Cisto Viável"
    },
    {
      "bounding_box": {
        "h": 61.57,
        "w": 33.2,
        "x": -0.18,
        "y": 265.76
      },
      "name": "Cisto Viável"
    },
    {
      "bounding_box": {
        "h": 38.6,
        "w": 63.58,
        "x": 80.5,
        "y": -0.48
      },
      "name": "Cisto Viável"
    },
    {
      "bounding_box": {
        "h": 49.39,
        "w": 48.25,
        "x": 194.04,
        "y": 5.2
      },
      "name": "Cisto Viável"
    },
    {
      "bounding_box": {
        "h": 35.43,
        "w": 33.07,
        "x": 323.9,
        "y": 334.86
      },
      "name": "Não Cisto"
    },
    {
      "bounding_box": {
        "h": 40.16,
        "w": 54.33,
        "x": 160.9,
        "y": 261.04
      },
      "name": "Não Cisto"
    }
  ]
}