{
  "dataset": "Cisto",
  "image": {
    "width": 640,
    "height": 480,
    "original_filename": "Cisto321.jpg",
    "filename": "Cisto321.jpg",
    "url": "https://darwin.v7labs.com/api/images/38437761/original",
    "thumbnail_url": "https://darwin.v7labs.com/api/images/38437761/thumbnail",
    "path": "/",
    "workview_url": "https://darwin.v7labs.com/workview?dataset=38016&image=100"
  },
  "annotations": [
    {
      "bounding_box": {
        "h": 46.01,
        "w": 46.01,
        "x": 3.32,
        "y": 264.54
      },
      "name": "Não Cisto"
    },
    {
      "bounding_box": {
        "h": 32.2,
        "w": 37.57,
        "x": 126.01,
        "y": 46.77
      },
      "name": "Não Cisto"
    },
    {
      "bounding_box": {
        "h": 29.14,
        "w": 34.5,
        "x": 447.28,
        "y": 16.87
      },
      "name": "Não Cisto"
    },
    {
      "bounding_box": {
        "h": 29.9,
        "w": 36.81,
        "x": 347.6,
        "y": 105.81
      },
      "name": "Não Cisto"
    },
    {
      "bounding_box": {
        "h": 34.5,
        "w": 36.81,
        "x": 286.26,
        "y": 230.8
      },
      "name": "Não Cisto"
    },
    {
      "bounding_box": {
        "h": 39.87,
        "w": 38.34,
        "x": 241.79,
        "y": 227.73
      },
      "name": "Não Cisto"
    },
    {
      "bounding_box": {
        "h": 44.47,
        "w": 98.91,
        "x": 481.79,
        "y": 269.9
      },
      "name": "Não Cisto"
    },
    {
      "bounding_box": {
        "h": 26.84,
        "w": 61.34,
        "x": 537.76,
        "y": 144.92
      },
      "name": "Não Cisto"
    },
    {
      "bounding_box": {
        "h": 68.24,
        "w": 63.64,
        "x": 63.9,
        "y": 397.19
      },
      "name": "Cisto Viável"
    },
    {
      "bounding_box": {
        "h": 49.84,
        "w": 55.21,
        "x": 327.67,
        "y": 210.1
      },
      "name": "Cisto Viável"
    }
  ]
}