{
  "dataset": "Cisto",
  "image": {
    "width": 640,
    "height": 480,
    "original_filename": "Cisto237.jpg",
    "filename": "Cisto237.jpg",
    "url": "https://darwin.v7labs.com/api/images/38438000/original",
    "thumbnail_url": "https://darwin.v7labs.com/api/images/38438000/thumbnail",
    "path": "/",
    "workview_url": "https://darwin.v7labs.com/workview?dataset=38016&image=339"
  },
  "annotations": [
    {
      "bounding_box": {
        "h": 73.31,
        "w": 79.48,
        "x": 162.47,
        "y": 97.3
      },
      "name": "Cisto Viável"
    },
    {
      "bounding_box": {
        "h": 43.85,
        "w": 49.33,
        "x": 485.88,
        "y": 192.54
      },
      "name": "Cisto Viável"
    },
    {
      "bounding_box": {
        "h": 24.67,
        "w": 33.57,
        "x": 29.54,
        "y": 178.84
      },
      "name": "Cisto Viável"
    },
    {
      "bounding_box": {
        "h": 43.17,
        "w": 35.63,
        "x": 261.14,
        "y": 54.82
      },
      "name": "Não Cisto"
    },
    {
      "bounding_box": {
        "h": 28.09,
        "w": 33.57,
        "x": 71.34,
        "y": 195.28
      },
      "name": "Não Cisto"
    }
  ]
}