{
  "dataset": "Cisto",
  "image": {
    "width": 640,
    "height": 480,
    "original_filename": "Cisto485.jpg",
    "filename": "Cisto485.jpg",
    "url": "https://darwin.v7labs.com/api/images/38437676/original",
    "thumbnail_url": "https://darwin.v7labs.com/api/images/38437676/thumbnail",
    "path": "/",
    "workview_url": "https://darwin.v7labs.com/workview?dataset=38016&image=15"
  },
  "annotations": [
    {
      "bounding_box": {
        "h": 43.53,
        "w": 65.29,
        "x": 264.07,
        "y": 250.68
      },
      "name": "Cisto Viável"
    },
    {
      "bounding_box": {
        "h": 63.68,
        "w": 141.87,
        "x": 327.76,
        "y": 365.15
      },
      "name": "Não Cisto"
    },
    {
      "bounding_box": {
        "h": 86.25,
        "w": 74.97,
        "x": 526.05,
        "y": 124.93
      },
      "name": "Não Cisto"
    },
    {
      "bounding_box": {
        "h": 28.21,
        "w": 31.44,
        "x": 598.6,
        "y": 61.25
      },
      "name": "Não Cisto"
    },
    {
      "bounding_box": {
        "h": 33.05,
        "w": 45.14,
        "x": 504.29,
        "y": 30.62
      },
      "name": "Não Cisto"
    },
    {
      "bounding_box": {
        "h": 38.69,
        "w": 49.17,
        "x": 352.74,
        "y": 28.2
      },
      "name": "Não Cisto"
    },
    {
      "bounding_box": {
        "h": 34.66,
        "w": 45.95,
        "x": 277.78,
        "y": 61.25
      },
      "name": "Não Cisto"
    },
    {
      "bounding_box": {
        "h": 32.24,
        "w": 33.86,
        "x": 116.56,
        "y": 308.72
      },
      "name": "Não Cisto"
    }
  ]
}