{
  "dataset": "Cisto",
  "image": {
    "width": 640,
    "height": 480,
    "original_filename": "Cisto462.jpg",
    "filename": "Cisto462.jpg",
    "url": "https://darwin.v7labs.com/api/images/38437844/original",
    "thumbnail_url": "https://darwin.v7labs.com/api/images/38437844/thumbnail",
    "path": "/",
    "workview_url": "https://darwin.v7labs.com/workview?dataset=38016&image=183"
  },
  "annotations": [
    {
      "bounding_box": {
        "h": 32.2,
        "w": 62.88,
        "x": 349.9,
        "y": 207.03
      },
      "name": "Cisto Viável"
    },
    {
      "bounding_box": {
        "h": 59.04,
        "w": 69.78,
        "x": 54.7,
        "y": 388.75
      },
      "name": "Não Cisto"
    },
    {
      "bounding_box": {
        "h": 45.24,
        "w": 41.41,
        "x": 330.73,
        "y": 268.37
      },
      "name": "Não Cisto"
    },
    {
      "bounding_box": {
        "h": 39.11,
        "w": 46.01,
        "x": 326.13,
        "y": 128.05
      },
      "name": "Não Cisto"
    }
  ]
}