{
  "dataset": "Cisto",
  "image": {
    "width": 640,
    "height": 480,
    "original_filename": "Cisto161.jpg",
    "filename": "Cisto161.jpg",
    "url": "https://darwin.v7labs.com/api/images/38437956/original",
    "thumbnail_url": "https://darwin.v7labs.com/api/images/38437956/thumbnail",
    "path": "/",
    "workview_url": "https://darwin.v7labs.com/workview?dataset=38016&image=295"
  },
  "annotations": [
    {
      "bounding_box": {
        "h": 73.61,
        "w": 62.11,
        "x": 154.38,
        "y": 145.69
      },
      "name": "Cisto Viável"
    },
    {
      "bounding_box": {
        "h": 33.74,
        "w": 62.11,
        "x": 189.65,
        "y": 444.73
      },
      "name": "Cisto Viável"
    },
    {
      "bounding_box": {
        "h": 37.76,
        "w": 41.86,
        "x": 102.89,
        "y": 349.79
      },
      "name": "Não Cisto"
    },
    {
      "bounding_box": {
        "h": 44.33,
        "w": 39.4,
        "x": 278.55,
        "y": 330.91
      },
      "name": "Não Cisto"
    },
    {
      "bounding_box": {
        "h": 36.12,
        "w": 50.89,
        "x": 199.75,
        "y": 412.18
      },
      "name": "Não Cisto"
    },
    {
      "bounding_box": {
        "h": 55.82,
        "w": 53.36,
        "x": 336.83,
        "y": 161.82
      },
      "name": "Não Cisto"
    },
    {
      "bounding_box": {
        "h": 44.33,
        "w": 43.5,
        "x": 266.24,
        "y": 74.81
      },
      "name": "Não Cisto"
    }
  ]
}