{
  "dataset": "Cisto",
  "image": {
    "width": 640,
    "height": 480,
    "original_filename": "Cisto141.jpg",
    "filename": "Cisto141.jpg",
    "url": "https://darwin.v7labs.com/api/images/38437930/original",
    "thumbnail_url": "https://darwin.v7labs.com/api/images/38437930/thumbnail",
    "path": "/",
    "workview_url": "https://darwin.v7labs.com/workview?dataset=38016&image=269"
  },
  "annotations": [
    {
      "bounding_box": {
        "h": 68.24,
        "w": 63.64,
        "x": 230.29,
        "y": 280.64
      },
      "name": "Cisto Viável"
    },
    {
      "bounding_box": {
        "h": 106.58,
        "w": 103.51,
        "x": 250.22,
        "y": 349.65
      },
      "name": "Não Cisto"
    }
  ]
}