{
  "dataset": "Cisto",
  "image": {
    "width": 640,
    "height": 480,
    "original_filename": "Cisto255.jpg",
    "filename": "Cisto255.jpg",
    "url": "https://darwin.v7labs.com/api/images/38438046/original",
    "thumbnail_url": "https://darwin.v7labs.com/api/images/38438046/thumbnail",
    "path": "/",
    "workview_url": "https://darwin.v7labs.com/workview?dataset=38016&image=385"
  },
  "annotations": [
    {
      "bounding_box": {
        "h": 50.61,
        "w": 51.37,
        "x": 484.86,
        "y": 193.23
      },
      "name": "Cisto Viável"
    },
    {
      "bounding_box": {
        "h": 65.18,
        "w": 94.31,
        "x": 145.94,
        "y": 98.15
      },
      "name": "Cisto Viável"
    },
    {
      "bounding_box": {
        "h": 48.31,
        "w": 69.01,
        "x": 36.29,
        "y": 213.93
      },
      "name": "Não Cisto"
    },
    {
      "bounding_box": {
        "h": 99.68,
        "w": 102.75,
        "x": 112.2,
        "y": 251.5
      },
      "name": "Não Cisto"
    },
    {
      "bounding_box": {
        "h": 53.67,
        "w": 39.11,
        "x": 260.96,
        "y": 49.84
      },
      "name": "Não Cisto"
    }
  ]
}