{
  "dataset": "Cisto",
  "image": {
    "width": 640,
    "height": 480,
    "original_filename": "Cisto85.jpg",
    "filename": "Cisto85.jpg",
    "url": "https://darwin.v7labs.com/api/images/38437968/original",
    "thumbnail_url": "https://darwin.v7labs.com/api/images/38437968/thumbnail",
    "path": "/",
    "workview_url": "https://darwin.v7labs.com/workview?dataset=38016&image=307"
  },
  "annotations": [
    {
      "bounding_box": {
        "h": 53.45,
        "w": 51.67,
        "x": 255.71,
        "y": 266.74
      },
      "name": "Cisto Viável"
    },
    {
      "bounding_box": {
        "h": 35.86,
        "w": 47.37,
        "x": 214.02,
        "y": 154.7
      },
      "name": "Não Cisto"
    },
    {
      "bounding_box": {
        "h": 34.51,
        "w": 33.16,
        "x": 318.9,
        "y": 93.8
      },
      "name": "Não Cisto"
    },
    {
      "bounding_box": {
        "h": 35.86,
        "w": 48.04,
        "x": 272.21,
        "y": 20.71
      },
      "name": "Não Cisto"
    },
    {
      "bounding_box": {
        "h": 64.28,
        "w": 41.28,
        "x": 348.0,
        "y": 246.05
      },
      "name": "Não Cisto"
    },
    {
      "bounding_box": {
        "h": 62.25,
        "w": 67.67,
        "x": 282.36,
        "y": 310.33
      },
      "name": "Não Cisto"
    },
    {
      "bounding_box": {
        "h": 44.66,
        "w": 43.31,
        "x": 403.49,
        "y": 369.88
      },
      "name": "Não Cisto"
    },
    {
      "bounding_box": {
        "h": 43.31,
        "w": 29.77,
        "x": 533.41,
        "y": 315.74
      },
      "name": "Não Cisto"
    },
    {
      "bounding_box": {
        "h": 48.72,
        "w": 60.9,
        "x": 396.72,
        "y": 318.45
      },
      "name": "Cisto Inviável"
    }
  ]
}