{
  "dataset": "Cisto",
  "image": {
    "width": 640,
    "height": 480,
    "original_filename": "Cisto1.jpg",
    "filename": "Cisto1.jpg",
    "url": "https://darwin.v7labs.com/api/images/38438128/original",
    "thumbnail_url": "https://darwin.v7labs.com/api/images/38438128/thumbnail",
    "path": "/",
    "workview_url": "https://darwin.v7labs.com/workview?dataset=38016&image=467"
  },
  "annotations": [
    {
      "bounding_box": {
        "h": 58.27,
        "w": 55.97,
        "x": 232.59,
        "y": 295.97
      },
      "name": "Cisto Inviável"
    },
    {
      "bounding_box": {
        "h": 48.31,
        "w": 42.94,
        "x": 400.51,
        "y": 145.69
      },
      "name": "Cisto Inviável"
    },
    {
      "bounding_box": {
        "h": 60.58,
        "w": 55.21,
        "x": 463.39,
        "y": 226.2
      },
      "name": "Cisto Inviável"
    },
    {
      "bounding_box": {
        "h": 56.74,
        "w": 76.68,
        "x": 77.7,
        "y": 252.27
      },
      "name": "Cisto Viável"
    },
    {
      "bounding_box": {
        "h": 52.14,
        "w": 78.98,
        "x": 418.91,
        "y": 164.09
      },
      "name": "Cisto Viável"
    }
  ]
}