{
  "dataset": "Cisto",
  "image": {
    "width": 640,
    "height": 480,
    "original_filename": "Cisto478.jpg",
    "filename": "Cisto478.jpg",
    "url": "https://darwin.v7labs.com/api/images/38437874/original",
    "thumbnail_url": "https://darwin.v7labs.com/api/images/38437874/thumbnail",
    "path": "/",
    "workview_url": "https://darwin.v7labs.com/workview?dataset=38016&image=213"
  },
  "annotations": [
    {
      "bounding_box": {
        "h": 52.79,
        "w": 43.47,
        "x": 379.48,
        "y": 124.27
      },
      "name": "Cisto Viável"
    },
    {
      "bounding_box": {
        "h": 49.68,
        "w": 63.14,
        "x": 287.36,
        "y": 210.18
      },
      "name": "Cisto Viável"
    },
    {
      "bounding_box": {
        "h": 36.23,
        "w": 53.82,
        "x": 303.92,
        "y": 249.51
      },
      "name": "Cisto Viável"
    },
    {
      "bounding_box": {
        "h": 52.79,
        "w": 60.03,
        "x": 305.99,
        "y": 364.4
      },
      "name": "Cisto Viável"
    },
    {
      "bounding_box": {
        "h": 36.23,
        "w": 49.68,
        "x": 231.47,
        "y": 429.6
      },
      "name": "Cisto Viável"
    },
    {
      "bounding_box": {
        "h": 38.3,
        "w": 32.09,
        "x": 192.14,
        "y": 407.87
      },
      "name": "Cisto Viável"
    },
    {
      "bounding_box": {
        "h": 62.64,
        "w": 92.67,
        "x": 201.02,
        "y": 269.43
      },
      "name": "Não Cisto"
    },
    {
      "bounding_box": {
        "h": 54.92,
        "w": 65.21,
        "x": 289.4,
        "y": 409.3
      },
      "name": "Não Cisto"
    },
    {
      "bounding_box": {
        "h": 34.32,
        "w": 27.46,
        "x": 161.55,
        "y": 253.13
      },
      "name": "Não Cisto"
    }
  ]
}