{
  "dataset": "Cisto",
  "image": {
    "width": 640,
    "height": 480,
    "original_filename": "Cisto35.jpg",
    "filename": "Cisto35.jpg",
    "url": "https://darwin.v7labs.com/api/images/38438107/original",
    "thumbnail_url": "https://darwin.v7labs.com/api/images/38438107/thumbnail",
    "path": "/",
    "workview_url": "https://darwin.v7labs.com/workview?dataset=38016&image=446"
  },
  "annotations": [
    {
      "bounding_box": {
        "h": 31.05,
        "w": 52.54,
        "x": 255.49,
        "y": 188.91
      },
      "name": "Cisto Viável"
    },
    {
      "bounding_box": {
        "h": 39.8,
        "w": 54.13,
        "x": 195.78,
        "y": 300.36
      },
      "name": "Cisto Viável"
    },
    {
      "bounding_box": {
        "h": 34.23,
        "w": 53.34,
        "x": 218.07,
        "y": 274.88
      },
      "name": "Cisto Viável"
    },
    {
      "bounding_box": {
        "h": 41.01,
        "w": 51.05,
        "x": 42.85,
        "y": 320.99
      },
      "name": "Não Cisto"
    },
    {
      "bounding_box": {
        "h": 30.13,
        "w": 29.29,
        "x": 164.2,
        "y": 234.79
      },
      "name": "Não Cisto"
    }
  ]
}