{
  "dataset": "Cisto",
  "image": {
    "width": 640,
    "height": 480,
    "original_filename": "Cisto180.jpg",
    "filename": "Cisto180.jpg",
    "url": "https://darwin.v7labs.com/api/images/38438016/original",
    "thumbnail_url": "https://darwin.v7labs.com/api/images/38438016/thumbnail",
    "path": "/",
    "workview_url": "https://darwin.v7labs.com/workview?dataset=38016&image=355"
  },
  "annotations": [
    {
      "bounding_box": {
        "h": 58.27,
        "w": 52.91,
        "x": 460.32,
        "y": 185.56
      },
      "name": "Cisto Viável"
    },
    {
      "bounding_box": {
        "h": 34.5,
        "w": 37.57,
        "x": 126.77,
        "y": 184.79
      },
      "name": "Não Cisto"
    }
  ]
}