{
  "dataset": "Cisto",
  "image": {
    "width": 640,
    "height": 480,
    "original_filename": "Cisto257.jpg",
    "filename": "Cisto257.jpg",
    "url": "https://darwin.v7labs.com/api/images/38438061/original",
    "thumbnail_url": "https://darwin.v7labs.com/api/images/38438061/thumbnail",
    "path": "/",
    "workview_url": "https://darwin.v7labs.com/workview?dataset=38016&image=400"
  },
  "annotations": [
    {
      "bounding_box": {
        "h": 46.01,
        "w": 46.01,
        "x": 188.12,
        "y": 167.92
      },
      "name": "Cisto Viável"
    },
    {
      "bounding_box": {
        "h": 40.64,
        "w": 38.34,
        "x": 378.27,
        "y": 286.77
      },
      "name": "Cisto Viável"
    },
    {
      "bounding_box": {
        "h": 48.31,
        "w": 52.14,
        "x": 321.53,
        "y": 225.43
      },
      "name": "Cisto Viável"
    },
    {
      "bounding_box": {
        "h": 37.57,
        "w": 36.04,
        "x": 374.44,
        "y": 162.56
      },
      "name": "Cisto Viável"
    },
    {
      "bounding_box": {
        "h": 42.94,
        "w": 37.57,
        "x": 367.54,
        "y": 123.45
      },
      "name": "Cisto Viável"
    },
    {
      "bounding_box": {
        "h": 42.94,
        "w": 36.04,
        "x": 450.35,
        "y": 90.48
      },
      "name": "Cisto Viável"
    },
    {
      "bounding_box": {
        "h": 27.57,
        "w": 56.12,
        "x": 548.62,
        "y": -3.62
      },
      "name": "Cisto Viável"
    },
    {
      "bounding_box": {
        "h": 34.35,
        "w": 30.71,
        "x": 294.79,
        "y": 147.26
      },
      "name": "Cisto Viável"
    },
    {
      "bounding_box": {
        "h": 56.73,
        "w": 51.52,
        "x": 244.31,
        "y": 255.51
      },
      "name": "Cisto Inviável"
    },
    {
      "bounding_box": {
        "h": 31.23,
        "w": 36.43,
        "x": 234.94,
        "y": 302.87
      },
      "name": "Cisto Inviável"
    },
    {
      "bounding_box": {
        "h": 45.28,
        "w": 42.16,
        "x": 543.56,
        "y": 83.76
      },
      "name": "Cisto Inviável"
    },
    {
      "bounding_box": {
        "h": 34.54,
        "w": 45.01,
        "x": 224.96,
        "y": 162.29
      },
      "name": "Cisto Inviável"
    },
    {
      "bounding_box": {
        "h": 27.55,
        "w": 30.38,
        "x": 282.89,
        "y": 199.03
      },
      "name": "Cisto Inviável"
    },
    {
      "bounding_box": {
        "h": 22.61,
        "w": 38.15,
        "x": 208.0,
        "y": 131.2
      },
      "name": "Cisto Inviável"
    },
    {
      "bounding_box": {
        "h": 53.97,
        "w": 55.75,
        "x": 502.54,
        "y": 106.68
      },
      "name": "Cisto Viável"
    }
  ]
}