{
  "dataset": "Cisto",
  "image": {
    "width": 640,
    "height": 480,
    "original_filename": "Cisto327.jpg",
    "filename": "Cisto327.jpg",
    "url": "https://darwin.v7labs.com/api/images/38437693/original",
    "thumbnail_url": "https://darwin.v7labs.com/api/images/38437693/thumbnail",
    "path": "/",
    "workview_url": "https://darwin.v7labs.com/workview?dataset=38016&image=32"
  },
  "annotations": [
    {
      "bounding_box": {
        "h": 48.31,
        "w": 158.72,
        "x": 81.53,
        "y": 330.48
      },
      "name": "Não Cisto"
    },
    {
      "bounding_box": {
        "h": 30.67,
        "w": 29.9,
        "x": 105.3,
        "y": 388.75
      },
      "name": "Não Cisto"
    },
    {
      "bounding_box": {
        "h": 35.27,
        "w": 41.41,
        "x": 375.21,
        "y": 323.58
      },
      "name": "Não Cisto"
    },
    {
      "bounding_box": {
        "h": 32.97,
        "w": 37.57,
        "x": 497.12,
        "y": 275.27
      },
      "name": "Não Cisto"
    },
    {
      "bounding_box": {
        "h": 31.44,
        "w": 37.57,
        "x": 546.96,
        "y": 310.54
      },
      "name": "Não Cisto"
    },
    {
      "bounding_box": {
        "h": 27.6,
        "w": 27.6,
        "x": 521.66,
        "y": 361.92
      },
      "name": "Não Cisto"
    },
    {
      "bounding_box": {
        "h": 62.11,
        "w": 82.81,
        "x": 191.18,
        "y": 413.29
      },
      "name": "Não Cisto"
    },
    {
      "bounding_box": {
        "h": 59.81,
        "w": 46.01,
        "x": 93.04,
        "y": 105.81
      },
      "name": "Não Cisto"
    },
    {
      "bounding_box": {
        "h": 76.68,
        "w": 46.01,
        "x": 159.74,
        "y": 246.9
      },
      "name": "Não Cisto"
    },
    {
      "bounding_box": {
        "h": 27.6,
        "w": 36.04,
        "x": 332.27,
        "y": 234.63
      },
      "name": "Não Cisto"
    },
    {
      "bounding_box": {
        "h": 54.44,
        "w": 46.01,
        "x": 99.17,
        "y": 7.67
      },
      "name": "Não Cisto"
    },
    {
      "bounding_box": {
        "h": 31.44,
        "w": 52.14,
        "x": 244.09,
        "y": 19.17
      },
      "name": "Não Cisto"
    },
    {
      "bounding_box": {
        "h": 97.38,
        "w": 71.31,
        "x": 22.49,
        "y": 326.65
      },
      "name": "Não Cisto"
    },
    {
      "bounding_box": {
        "h": 98.15,
        "w": 55.21,
        "x": 323.07,
        "y": 366.52
      },
      "name": "Não Cisto"
    },
    {
      "bounding_box": {
        "h": 37.57,
        "w": 49.84,
        "x": 397.44,
        "y": 442.43
      },
      "name": "Não Cisto"
    },
    {
      "bounding_box": {
        "h": 38.34,
        "w": 41.41,
        "x": 154.38,
        "y": 98.91
      },
      "name": "Cisto Inviável"
    },
    {
      "bounding_box": {
        "h": 55.21,
        "w": 53.67,
        "x": 170.48,
        "y": 154.89
      },
      "name": "Cisto Viável"
    },
    {
      "bounding_box": {
        "h": 41.41,
        "w": 36.81,
        "x": 277.06,
        "y": 255.34
      },
      "name": "Cisto Viável"
    }
  ]
}