{
  "dataset": "Cisto",
  "image": {
    "width": 640,
    "height": 480,
    "original_filename": "Cisto368.jpg",
    "filename": "Cisto368.jpg",
    "url": "https://darwin.v7labs.com/api/images/38437715/original",
    "thumbnail_url": "https://darwin.v7labs.com/api/images/38437715/thumbnail",
    "path": "/",
    "workview_url": "https://darwin.v7labs.com/workview?dataset=38016&image=54"
  },
  "annotations": [
    {
      "bounding_box": {
        "h": 54.44,
        "w": 65.94,
        "x": 85.37,
        "y": 134.19
      },
      "name": "Não Cisto"
    },
    {
      "bounding_box": {
        "h": 103.51,
        "w": 66.71,
        "x": 142.88,
        "y": 300.58
      },
      "name": "Não Cisto"
    },
    {
      "bounding_box": {
        "h": 109.65,
        "w": 39.11,
        "x": 286.26,
        "y": 48.31
      },
      "name": "Não Cisto"
    },
    {
      "bounding_box": {
        "h": 50.61,
        "w": 49.07,
        "x": 586.07,
        "y": 3.83
      },
      "name": "Não Cisto"
    },
    {
      "bounding_box": {
        "h": 45.24,
        "w": 40.64,
        "x": 361.41,
        "y": 101.21
      },
      "name": "Não Cisto"
    },
    {
      "bounding_box": {
        "h": 39.11,
        "w": 37.57,
        "x": 435.78,
        "y": 213.93
      },
      "name": "Não Cisto"
    },
    {
      "bounding_box": {
        "h": 40.64,
        "w": 21.47,
        "x": 577.64,
        "y": 259.94
      },
      "name": "Não Cisto"
    },
    {
      "bounding_box": {
        "h": 36.81,
        "w": 31.44,
        "x": 264.79,
        "y": 406.39
      },
      "name": "Não Cisto"
    },
    {
      "bounding_box": {
        "h": 72.84,
        "w": 68.24,
        "x": 254.82,
        "y": 294.44
      },
      "name": "Cisto Viável"
    },
    {
      "bounding_box": {
        "h": 26.84,
        "w": 34.5,
        "x": 108.37,
        "y": 93.55
      },
      "name": "Não Cisto"
    },
    {
      "bounding_box": {
        "h": 19.17,
        "w": 32.2,
        "x": 283.19,
        "y": 0
      },
      "name": "Não Cisto"
    },
    {
      "bounding_box": {
        "h": 39.11,
        "w": 33.74,
        "x": 237.19,
        "y": 176.36
      },
      "name": "Não Cisto"
    },
    {
      "bounding_box": {
        "h": 33.74,
        "w": 44.47,
        "x": 247.92,
        "y": 134.19
      },
      "name": "Não Cisto"
    },
    {
      "bounding_box": {
        "h": 35.68,
        "w": 31.83,
        "x": 321.68,
        "y": 98.92
      },
      "name": "Cisto Inviável"
    },
    {
      "bounding_box": {
        "h": 46.9,
        "w": 39.79,
        "x": 468.28,
        "y": 55.21
      },
      "name": "Cisto Viável"
    },
    {
      "bounding_box": {
        "h": 34.15,
        "w": 33.39,
        "x": 546.22,
        "y": 443.07
      },
      "name": "Cisto Viável"
    },
    {
      "bounding_box": {
        "h": 34.5,
        "w": 32.2,
        "x": 111.44,
        "y": 88.18
      },
      "name": "Não Cisto"
    }
  ]
}