{
  "dataset": "Cisto",
  "image": {
    "width": 640,
    "height": 480,
    "original_filename": "Cisto302.jpg",
    "filename": "Cisto302.jpg",
    "url": "https://darwin.v7labs.com/api/images/38437767/original",
    "thumbnail_url": "https://darwin.v7labs.com/api/images/38437767/thumbnail",
    "path": "/",
    "workview_url": "https://darwin.v7labs.com/workview?dataset=38016&image=106"
  },
  "annotations": [
    {
      "bounding_box": {
        "h": 64.41,
        "w": 131.12,
        "x": 4.86,
        "y": 219.3
      },
      "name": "Não Cisto"
    },
    {
      "bounding_box": {
        "h": 30.67,
        "w": 32.97,
        "x": 31.69,
        "y": 194.76
      },
      "name": "Não Cisto"
    },
    {
      "bounding_box": {
        "h": 23.77,
        "w": 23.77,
        "x": 274.76,
        "y": 127.28
      },
      "name": "Não Cisto"
    },
    {
      "bounding_box": {
        "h": 22.24,
        "w": 29.14,
        "x": 257.12,
        "y": 144.92
      },
      "name": "Não Cisto"
    },
    {
      "bounding_box": {
        "h": 65.94,
        "w": 118.08,
        "x": 278.59,
        "y": 139.55
      },
      "name": "Não Cisto"
    },
    {
      "bounding_box": {
        "h": 43.71,
        "w": 48.31,
        "x": 430.42,
        "y": 129.58
      },
      "name": "Não Cisto"
    },
    {
      "bounding_box": {
        "h": 57.51,
        "w": 85.11,
        "x": 467.22,
        "y": 185.56
      },
      "name": "Não Cisto"
    },
    {
      "bounding_box": {
        "h": 99.68,
        "w": 108.12,
        "x": 71.57,
        "y": 295.97
      },
      "name": "Cisto Viável"
    },
    {
      "bounding_box": {
        "h": 59.04,
        "w": 55.21,
        "x": 206.52,
        "y": 147.99
      },
      "name": "Cisto Viável"
    },
    {
      "bounding_box": {
        "h": 43.71,
        "w": 51.37,
        "x": 493.29,
        "y": 142.62
      },
      "name": "Cisto Viável"
    }
  ]
}