{
  "dataset": "Cisto",
  "image": {
    "width": 640,
    "height": 480,
    "original_filename": "Cisto9.jpg",
    "filename": "Cisto9.jpg",
    "url": "https://darwin.v7labs.com/api/images/38438100/original",
    "thumbnail_url": "https://darwin.v7labs.com/api/images/38438100/thumbnail",
    "path": "/",
    "workview_url": "https://darwin.v7labs.com/workview?dataset=38016&image=439"
  },
  "annotations": [
    {
      "bounding_box": {
        "h": 54.44,
        "w": 43.71,
        "x": 135.97,
        "y": 276.81
      },
      "name": "Não Cisto"
    },
    {
      "bounding_box": {
        "h": 39.11,
        "w": 41.41,
        "x": 188.12,
        "y": 27.6
      },
      "name": "Não Cisto"
    },
    {
      "bounding_box": {
        "h": 55.97,
        "w": 46.77,
        "x": 223.39,
        "y": 104.28
      },
      "name": "Cisto Viável"
    },
    {
      "bounding_box": {
        "h": 39.87,
        "w": 40.64,
        "x": 80.77,
        "y": 198.59
      },
      "name": "Cisto Viável"
    },
    {
      "bounding_box": {
        "h": 56.74,
        "w": 65.18,
        "x": 181.21,
        "y": 334.31
      },
      "name": "Cisto Viável"
    }
  ]
}