{
  "dataset": "Cisto",
  "image": {
    "width": 640,
    "height": 480,
    "original_filename": "Cisto95.jpg",
    "filename": "Cisto95.jpg",
    "url": "https://darwin.v7labs.com/api/images/38437999/original",
    "thumbnail_url": "https://darwin.v7labs.com/api/images/38437999/thumbnail",
    "path": "/",
    "workview_url": "https://darwin.v7labs.com/workview?dataset=38016&image=338"
  },
  "annotations": [
    {
      "bounding_box": {
        "h": 71.04,
        "w": 77.78,
        "x": 18.77,
        "y": 85.78
      },
      "name": "Cisto Viável"
    },
    {
      "bounding_box": {
        "h": 66.56,
        "w": 71.79,
        "x": 204.98,
        "y": 215.16
      },
      "name": "Cisto Viável"
    },
    {
      "bounding_box": {
        "h": 33.65,
        "w": 42.63,
        "x": 288.74,
        "y": 251.8
      },
      "name": "Cisto Viável"
    },
    {
      "bounding_box": {
        "h": 67.31,
        "w": 57.58,
        "x": 412.88,
        "y": 163.56
      },
      "name": "Cisto Viável"
    },
    {
      "bounding_box": {
        "h": 50.11,
        "w": 33.65,
        "x": 311.93,
        "y": 28.2
      },
      "name": "Cisto Viável"
    },
    {
      "bounding_box": {
        "h": 45.62,
        "w": 48.61,
        "x": 364.27,
        "y": 53.63
      },
      "name": "Cisto Viável"
    }
  ]
}