{
  "dataset": "Cisto",
  "image": {
    "width": 640,
    "height": 480,
    "original_filename": "Cisto155.jpg",
    "filename": "Cisto155.jpg",
    "url": "https://darwin.v7labs.com/api/images/38437973/original",
    "thumbnail_url": "https://darwin.v7labs.com/api/images/38437973/thumbnail",
    "path": "/",
    "workview_url": "https://darwin.v7labs.com/workview?dataset=38016&image=312"
  },
  "annotations": [
    {
      "bounding_box": {
        "h": 50.78,
        "w": 60.58,
        "x": 57.42,
        "y": 255.96
      },
      "name": "Cisto Inviável"
    },
    {
      "bounding_box": {
        "h": 57.02,
        "w": 55.23,
        "x": 237.37,
        "y": 177.57
      },
      "name": "Cisto Inviável"
    },
    {
      "bounding_box": {
        "h": 46.32,
        "w": 81.96,
        "x": 299.73,
        "y": 305.85
      },
      "name": "Cisto Inviável"
    },
    {
      "bounding_box": {
        "h": 44.31,
        "w": 50.39,
        "x": 89.69,
        "y": 208.53
      },
      "name": "Cisto Viável"
    },
    {
      "bounding_box": {
        "h": 51.26,
        "w": 37.36,
        "x": 260.85,
        "y": 311.92
      },
      "name": "Cisto Viável"
    },
    {
      "bounding_box": {
        "h": 35.62,
        "w": 35.62,
        "x": 301.69,
        "y": 271.08
      },
      "name": "Cisto Viável"
    },
    {
      "bounding_box": {
        "h": 44.31,
        "w": 38.23,
        "x": 290.4,
        "y": 202.44
      },
      "name": "Cisto Viável"
    },
    {
      "bounding_box": {
        "h": 46.05,
        "w": 38.23,
        "x": 328.63,
        "y": 193.76
      },
      "name": "Cisto Viável"
    },
    {
      "bounding_box": {
        "h": 46.92,
        "w": 37.36,
        "x": 359.91,
        "y": 172.9
      },
      "name": "Cisto Viável"
    },
    {
      "bounding_box": {
        "h": 40.84,
        "w": 39.97,
        "x": 341.66,
        "y": 132.93
      },
      "name": "Cisto Viável"
    },
    {
      "bounding_box": {
        "h": 51.24,
        "w": 53.57,
        "x": 537.9,
        "y": 279.84
      },
      "name": "Cisto Viável"
    },
    {
      "bounding_box": {
        "h": 49.69,
        "w": 43.48,
        "x": 598.46,
        "y": 398.63
      },
      "name": "Cisto Viável"
    },
    {
      "bounding_box": {
        "h": 34.66,
        "w": 37.09,
        "x": 226.8,
        "y": 250.66
      },
      "name": "Cisto Viável"
    },
    {
      "bounding_box": {
        "h": 33.75,
        "w": 27.06,
        "x": 198.52,
        "y": 199.58
      },
      "name": "Não Cisto"
    },
    {
      "bounding_box": {
        "h": 34.16,
        "w": 30.69,
        "x": 332.69,
        "y": 350.72
      },
      "name": "Não Cisto"
    },
    {
      "bounding_box": {
        "h": 36.63,
        "w": 39.61,
        "x": 213.87,
        "y": 364.58
      },
      "name": "Não Cisto"
    }
  ]
}