{
  "dataset": "Cisto",
  "image": {
    "width": 640,
    "height": 480,
    "original_filename": "Cisto156.jpg",
    "filename": "Cisto156.jpg",
    "url": "https://darwin.v7labs.com/api/images/38437920/original",
    "thumbnail_url": "https://darwin.v7labs.com/api/images/38437920/thumbnail",
    "path": "/",
    "workview_url": "https://darwin.v7labs.com/workview?dataset=38016&image=259"
  },
  "annotations": [
    {
      "bounding_box": {
        "h": 85.88,
        "w": 80.51,
        "x": 213.42,
        "y": 296.74
      },
      "name": "Cisto Viável"
    },
    {
      "bounding_box": {
        "h": 50.61,
        "w": 39.87,
        "x": 399.74,
        "y": 6.13
      },
      "name": "Não Cisto"
    },
    {
      "bounding_box": {
        "h": 61.34,
        "w": 42.17,
        "x": 567.67,
        "y": 145.69
      },
      "name": "Não Cisto"
    },
    {
      "bounding_box": {
        "h": 29.14,
        "w": 36.04,
        "x": 83.07,
        "y": 121.15
      },
      "name": "Não Cisto"
    },
    {
      "bounding_box": {
        "h": 43.71,
        "w": 40.64,
        "x": 48.56,
        "y": 68.24
      },
      "name": "Não Cisto"
    }
  ]
}