{
  "dataset": "Cisto",
  "image": {
    "width": 640,
    "height": 480,
    "original_filename": "Cisto125.jpg",
    "filename": "Cisto125.jpg",
    "url": "https://darwin.v7labs.com/api/images/38437897/original",
    "thumbnail_url": "https://darwin.v7labs.com/api/images/38437897/thumbnail",
    "path": "/",
    "workview_url": "https://darwin.v7labs.com/workview?dataset=38016&image=236"
  },
  "annotations": [
    {
      "bounding_box": {
        "h": 57.51,
        "w": 58.27,
        "x": 43.96,
        "y": 200.89
      },
      "name": "Cisto Viável"
    },
    {
      "bounding_box": {
        "h": 71.31,
        "w": 69.01,
        "x": 303.13,
        "y": 292.91
      },
      "name": "Cisto Viável"
    },
    {
      "bounding_box": {
        "h": 33.05,
        "w": 71.18,
        "x": 355.34,
        "y": -2.66
      },
      "name": "Cisto Viável"
    },
    {
      "bounding_box": {
        "h": 52.54,
        "w": 59.32,
        "x": 298.56,
        "y": 6.66
      },
      "name": "Cisto Inviável"
    },
    {
      "bounding_box": {
        "h": 54.23,
        "w": 55.08,
        "x": 242.63,
        "y": 54.97
      },
      "name": "Cisto Inviável"
    },
    {
      "bounding_box": {
        "h": 72.51,
        "w": 67.27,
        "x": 43.84,
        "y": 65.42
      },
      "name": "Não Cisto"
    },
    {
      "bounding_box": {
        "h": 68.91,
        "w": 85.86,
        "x": 115.01,
        "y": 344.46
      },
      "name": "Não Cisto"
    },
    {
      "bounding_box": {
        "h": 64.39,
        "w": 70.04,
        "x": 235.89,
        "y": 371.57
      },
      "name": "Não Cisto"
    },
    {
      "bounding_box": {
        "h": 54.22,
        "w": 77.95,
        "x": 456.18,
        "y": 373.83
      },
      "name": "Não Cisto"
    },
    {
      "bounding_box": {
        "h": 81.34,
        "w": 126.52,
        "x": 300.28,
        "y": 60.91
      },
      "name": "Não Cisto"
    }
  ]
}