{
  "dataset": "Cisto",
  "image": {
    "width": 640,
    "height": 480,
    "original_filename": "Cisto120.jpg",
    "filename": "Cisto120.jpg",
    "url": "https://darwin.v7labs.com/api/images/38437898/original",
    "thumbnail_url": "https://darwin.v7labs.com/api/images/38437898/thumbnail",
    "path": "/",
    "workview_url": "https://darwin.v7labs.com/workview?dataset=38016&image=237"
  },
  "annotations": [
    {
      "bounding_box": {
        "h": 62.11,
        "w": 44.47,
        "x": -0.51,
        "y": 153.35
      },
      "name": "Cisto Viável"
    },
    {
      "bounding_box": {
        "h": 55.21,
        "w": 75.14,
        "x": 158.98,
        "y": 185.56
      },
      "name": "Cisto Viável"
    },
    {
      "bounding_box": {
        "h": 53.67,
        "w": 52.14,
        "x": 195.78,
        "y": 157.96
      },
      "name": "Cisto Viável"
    },
    {
      "bounding_box": {
        "h": 31.44,
        "w": 30.67,
        "x": 433.48,
        "y": 225.43
      },
      "name": "Cisto Viável"
    },
    {
      "bounding_box": {
        "h": 39.11,
        "w": 42.94,
        "x": 49.33,
        "y": 84.35
      },
      "name": "Não Cisto"
    },
    {
      "bounding_box": {
        "h": 35.27,
        "w": 36.81,
        "x": 283.19,
        "y": 95.08
      },
      "name": "Não Cisto"
    },
    {
      "bounding_box": {
        "h": 27.6,
        "w": 35.27,
        "x": 373.67,
        "y": 152.59
      },
      "name": "Não Cisto"
    },
    {
      "bounding_box": {
        "h": 31.44,
        "w": 24.54,
        "x": 273.99,
        "y": 66.71
      },
      "name": "Não Cisto"
    },
    {
      "bounding_box": {
        "h": 50.61,
        "w": 72.08,
        "x": 122.17,
        "y": 286.77
      },
      "name": "Não Cisto"
    },
    {
      "bounding_box": {
        "h": 39.11,
        "w": 47.54,
        "x": 236.42,
        "y": 302.11
      },
      "name": "Não Cisto"
    },
    {
      "bounding_box": {
        "h": 34.5,
        "w": 33.74,
        "x": 241.02,
        "y": 240
      },
      "name": "Não Cisto"
    },
    {
      "bounding_box": {
        "h": 29.9,
        "w": 34.5,
        "x": 202.68,
        "y": 260.7
      },
      "name": "Não Cisto"
    }
  ]
}