{
  "dataset": "Cisto",
  "image": {
    "width": 640,
    "height": 480,
    "original_filename": "Cisto453.jpg",
    "filename": "Cisto453.jpg",
    "url": "https://darwin.v7labs.com/api/images/38437807/original",
    "thumbnail_url": "https://darwin.v7labs.com/api/images/38437807/thumbnail",
    "path": "/",
    "workview_url": "https://darwin.v7labs.com/workview?dataset=38016&image=146"
  },
  "annotations": [
    {
      "bounding_box": {
        "h": 24.54,
        "w": 32.35,
        "x": 290.98,
        "y": 430.56
      },
      "name": "Não Cisto"
    },
    {
      "bounding_box": {
        "h": 39.35,
        "w": 36.49,
        "x": 158.9,
        "y": 339.57
      },
      "name": "Não Cisto"
    },
    {
      "bounding_box": {
        "h": 61.66,
        "w": 54.67,
        "x": 273.87,
        "y": 169.99
      },
      "name": "Cisto Viável"
    }
  ]
}