{
  "dataset": "Cisto",
  "image": {
    "width": 640,
    "height": 480,
    "original_filename": "Cisto499.jpg",
    "filename": "Cisto499_2.jpg",
    "url": "https://darwin.v7labs.com/api/images/38437667/original",
    "thumbnail_url": "https://darwin.v7labs.com/api/images/38437667/thumbnail",
    "path": "/",
    "workview_url": "https://darwin.v7labs.com/workview?dataset=38016&image=6"
  },
  "annotations": [
    {
      "bounding_box": {
        "h": 36.81,
        "w": 48.31,
        "x": 305.43,
        "y": 295.97
      },
      "name": "Cisto Viável"
    },
    {
      "bounding_box": {
        "h": 45.76,
        "w": 64.4,
        "x": 319.58,
        "y": 258.63
      },
      "name": "Cisto Viável"
    },
    {
      "bounding_box": {
        "h": 89.02,
        "w": 92.55,
        "x": 200.13,
        "y": 212.21
      },
      "name": "Não Cisto"
    },
    {
      "bounding_box": {
        "h": 24.02,
        "w": 28.26,
        "x": 460.13,
        "y": 85.03
      },
      "name": "Não Cisto"
    },
    {
      "bounding_box": {
        "h": 25.06,
        "w": 27.07,
        "x": 212.39,
        "y": 376.95
      },
      "name": "Não Cisto"
    },
    {
      "bounding_box": {
        "h": 23.06,
        "w": 28.07,
        "x": 228.44,
        "y": 439.11
      },
      "name": "Não Cisto"
    },
    {
      "bounding_box": {
        "h": 24.06,
        "w": 32.08,
        "x": 329.7,
        "y": 444.13
      },
      "name": "Não Cisto"
    },
    {
      "bounding_box": {
        "h": 20.05,
        "w": 24.06,
        "x": 390.85,
        "y": 318.8
      },
      "name": "Não Cisto"
    },
    {
      "bounding_box": {
        "h": 28.07,
        "w": 22.06,
        "x": 375.82,
        "y": 354.9
      },
      "name": "Não Cisto"
    },
    {
      "bounding_box": {
        "h": 30.08,
        "w": 36.09,
        "x": 321.68,
        "y": 116.28
      },
      "name": "Não Cisto"
    },
    {
      "bounding_box": {
        "h": 26.07,
        "w": 40.1,
        "x": 39.95,
        "y": 57.13
      },
      "name": "Não Cisto"
    },
    {
      "bounding_box": {
        "h": 37.1,
        "w": 42.11,
        "x": 83.06,
        "y": 25.05
      },
      "name": "Não Cisto"
    },
    {
      "bounding_box": {
        "h": 31.08,
        "w": 22.06,
        "x": 285.58,
        "y": 35.07
      },
      "name": "Não Cisto"
    },
    {
      "bounding_box": {
        "h": 29.08,
        "w": 27.07,
        "x": 326.69,
        "y": 77.18
      },
      "name": "Não Cisto"
    },
    {
      "bounding_box": {
        "h": 22.49,
        "w": 19.12,
        "x": 373.48,
        "y": 94.03
      },
      "name": "Não Cisto"
    },
    {
      "bounding_box": {
        "h": 18.7,
        "w": 18.91,
        "x": 354.57,
        "y": 113.78
      },
      "name": "Não Cisto"
    },
    {
      "bounding_box": {
        "h": 22.49,
        "w": 24.17,
        "x": 352.47,
        "y": 73.85
      },
      "name": "Não Cisto"
    },
    {
      "bounding_box": {
        "h": 105.59,
        "w": 26.1,
        "x": 365.24,
        "y": 202.74
      },
      "name": "Não Cisto"
    },
    {
      "bounding_box": {
        "h": 26.36,
        "w": 26.36,
        "x": 411.71,
        "y": 191.77
      },
      "name": "Não Cisto"
    },
    {
      "bounding_box": {
        "h": 57.1,
        "w": 51.13,
        "x": 69.06,
        "y": 411.57
      },
      "name": "Não Cisto"
    },
    {
      "bounding_box": {
        "h": 30.2,
        "w": 36.24,
        "x": 361.84,
        "y": 305.53
      },
      "name": "Cisto Inviável"
    },
    {
      "bounding_box": {
        "h": 30.91,
        "w": 24.87,
        "x": 397.37,
        "y": 224.18
      },
      "name": "Cisto Inviável"
    },
    {
      "bounding_box": {
        "h": 38.32,
        "w": 33.38,
        "x": 296.7,
        "y": 381.7
      },
      "name": "Cisto Inviável"
    },
    {
      "bounding_box": {
        "h": 19.78,
        "w": 21.26,
        "x": 276.92,
        "y": 354.5
      },
      "name": "Não Cisto"
    },
    {
      "bounding_box": {
        "h": 25.71,
        "w": 19.78,
        "x": 354.06,
        "y": 339.91
      },
      "name": "Não Cisto"
    },
    {
      "bounding_box": {
        "h": 34.37,
        "w": 33.62,
        "x": 324.14,
        "y": 365.87
      },
      "name": "Não Cisto"
    }
  ]
}