{
  "dataset": "Cisto",
  "image": {
    "width": 640,
    "height": 480,
    "original_filename": "Cisto11.jpg",
    "filename": "Cisto11.jpg",
    "url": "https://darwin.v7labs.com/api/images/38438145/original",
    "thumbnail_url": "https://darwin.v7labs.com/api/images/38438145/thumbnail",
    "path": "/",
    "workview_url": "https://darwin.v7labs.com/workview?dataset=38016&image=484"
  },
  "annotations": [
    {
      "bounding_box": {
        "h": 38.34,
        "w": 32.2,
        "x": 287.03,
        "y": 63.64
      },
      "name": "Cisto Viável"
    },
    {
      "bounding_box": {
        "h": 50.61,
        "w": 37.57,
        "x": 508.63,
        "y": 58.27
      },
      "name": "Cisto Viável"
    },
    {
      "bounding_box": {
        "h": 58.27,
        "w": 67.48,
        "x": 185.05,
        "y": 133.42
      },
      "name": "Cisto Inviável"
    },
    {
      "bounding_box": {
        "h": 51.37,
        "w": 32.97,
        "x": 53.16,
        "y": 261.47
      },
      "name": "Não Cisto"
    },
    {
      "bounding_box": {
        "h": 36.04,
        "w": 32.97,
        "x": 148.24,
        "y": 57.51
      },
      "name": "Não Cisto"
    },
    {
      "bounding_box": {
        "h": 35.27,
        "w": 36.81,
        "x": 440.38,
        "y": 24.54
      },
      "name": "Não Cisto"
    }
  ]
}