{
  "dataset": "Cisto",
  "image": {
    "width": 640,
    "height": 480,
    "original_filename": "Cisto164.jpg",
    "filename": "Cisto164.jpg",
    "url": "https://darwin.v7labs.com/api/images/38437941/original",
    "thumbnail_url": "https://darwin.v7labs.com/api/images/38437941/thumbnail",
    "path": "/",
    "workview_url": "https://darwin.v7labs.com/workview?dataset=38016&image=280"
  },
  "annotations": [
    {
      "bounding_box": {
        "h": 20.58,
        "w": 29.35,
        "x": 59.12,
        "y": 245.0
      },
      "name": "Cisto Viável"
    },
    {
      "bounding_box": {
        "h": 50.85,
        "w": 46.99,
        "x": 176.27,
        "y": 276.54
      },
      "name": "Cisto Viável"
    },
    {
      "bounding_box": {
        "h": 42.48,
        "w": 41.2,
        "x": 279.26,
        "y": 252.72
      },
      "name": "Cisto Viável"
    },
    {
      "bounding_box": {
        "h": 47.63,
        "w": 47.63,
        "x": 482.02,
        "y": 216.68
      },
      "name": "Cisto Viável"
    },
    {
      "bounding_box": {
        "h": 47.63,
        "w": 46.99,
        "x": 477.51,
        "y": 315.8
      },
      "name": "Cisto Viável"
    },
    {
      "bounding_box": {
        "h": 79.82,
        "w": 63.08,
        "x": 529.65,
        "y": 234.7
      },
      "name": "Cisto Viável"
    },
    {
      "bounding_box": {
        "h": 58.16,
        "w": 48.56,
        "x": 237.3,
        "y": 222.08
      },
      "name": "Cisto Inviável"
    },
    {
      "bounding_box": {
        "h": 126.27,
        "w": 101.43,
        "x": 328.82,
        "y": 52.66
      },
      "name": "Não Cisto"
    },
    {
      "bounding_box": {
        "h": 38.3,
        "w": 62.1,
        "x": 413.7,
        "y": 290.72
      },
      "name": "Não Cisto"
    },
    {
      "bounding_box": {
        "h": 36.23,
        "w": 52.79,
        "x": 493.39,
        "y": 366.28
      },
      "name": "Não Cisto"
    },
    {
      "bounding_box": {
        "h": 67.28,
        "w": 64.17,
        "x": 192.2,
        "y": 58.87
      },
      "name": "Não Cisto"
    },
    {
      "bounding_box": {
        "h": 33.12,
        "w": 30.02,
        "x": 100.08,
        "y": 300.04
      },
      "name": "Não Cisto"
    },
    {
      "bounding_box": {
        "h": 35.19,
        "w": 69.35,
        "x": 291.56,
        "y": 306.25
      },
      "name": "Não Cisto"
    }
  ]
}