{
  "dataset": "Cisto",
  "image": {
    "width": 640,
    "height": 480,
    "original_filename": "Cisto52.jpg",
    "filename": "Cisto52.jpg",
    "url": "https://darwin.v7labs.com/api/images/38438142/original",
    "thumbnail_url": "https://darwin.v7labs.com/api/images/38438142/thumbnail",
    "path": "/",
    "workview_url": "https://darwin.v7labs.com/workview?dataset=38016&image=481"
  },
  "annotations": [
    {
      "bounding_box": {
        "h": 51.37,
        "w": 57.51,
        "x": 218.79,
        "y": 211.63
      },
      "name": "Cisto Viável"
    }
  ]
}