{
  "dataset": "Cisto",
  "image": {
    "width": 640,
    "height": 480,
    "original_filename": "Cisto468.jpg",
    "filename": "Cisto468.jpg",
    "url": "https://darwin.v7labs.com/api/images/38437828/original",
    "thumbnail_url": "https://darwin.v7labs.com/api/images/38437828/thumbnail",
    "path": "/",
    "workview_url": "https://darwin.v7labs.com/workview?dataset=38016&image=167"
  },
  "annotations": [
    {
      "bounding_box": {
        "h": 43.22,
        "w": 61.86,
        "x": 200.54,
        "y": 234.44
      },
      "name": "Cisto Inviável"
    }
  ]
}