{
  "dataset": "Cisto",
  "image": {
    "width": 640,
    "height": 480,
    "original_filename": "Cisto264.jpg",
    "filename": "Cisto264.jpg",
    "url": "https://darwin.v7labs.com/api/images/38438089/original",
    "thumbnail_url": "https://darwin.v7labs.com/api/images/38438089/thumbnail",
    "path": "/",
    "workview_url": "https://darwin.v7labs.com/workview?dataset=38016&image=428"
  },
  "annotations": [
    {
      "bounding_box": {
        "h": 36.73,
        "w": 44.08,
        "x": 356.87,
        "y": 63.2
      },
      "name": "Cisto Viável"
    },
    {
      "bounding_box": {
        "h": 31.98,
        "w": 28.62,
        "x": 404.23,
        "y": 384.49
      },
      "name": "Cisto Viável"
    },
    {
      "bounding_box": {
        "h": 34.44,
        "w": 27.6,
        "x": 363.98,
        "y": 121.01
      },
      "name": "Cisto Inviável"
    }
  ]
}