{
  "dataset": "Cisto",
  "image": {
    "width": 640,
    "height": 480,
    "original_filename": "Cisto256.jpg",
    "filename": "Cisto256.jpg",
    "url": "https://darwin.v7labs.com/api/images/38438006/original",
    "thumbnail_url": "https://darwin.v7labs.com/api/images/38438006/thumbnail",
    "path": "/",
    "workview_url": "https://darwin.v7labs.com/workview?dataset=38016&image=345"
  },
  "annotations": [
    {
      "bounding_box": {
        "h": 58.27,
        "w": 46.01,
        "x": 433.48,
        "y": 157.96
      },
      "name": "Cisto Viável"
    },
    {
      "bounding_box": {
        "h": 43.71,
        "w": 61.34,
        "x": 448.82,
        "y": 210.1
      },
      "name": "Cisto Viável"
    },
    {
      "bounding_box": {
        "h": 42.17,
        "w": 33.74,
        "x": 565.37,
        "y": 155.65
      },
      "name": "Cisto Viável"
    },
    {
      "bounding_box": {
        "h": 49.45,
        "w": 109.25,
        "x": 45.33,
        "y": 164.58
      },
      "name": "Cisto Viável"
    },
    {
      "bounding_box": {
        "h": 26.88,
        "w": 61.24,
        "x": 311.94,
        "y": 307.92
      },
      "name": "Não Cisto"
    },
    {
      "bounding_box": {
        "h": 33.86,
        "w": 40.33,
        "x": 209.38,
        "y": 298.96
      },
      "name": "Não Cisto"
    },
    {
      "bounding_box": {
        "h": 40.83,
        "w": 50.78,
        "x": 536.98,
        "y": 264.11
      },
      "name": "Não Cisto"
    },
    {
      "bounding_box": {
        "h": 29.87,
        "w": 37.84,
        "x": 157.6,
        "y": 310.91
      },
      "name": "Não Cisto"
    }
  ]
}