{
  "dataset": "Cisto",
  "image": {
    "width": 640,
    "height": 480,
    "original_filename": "Cisto408.jpg",
    "filename": "Cisto408.jpg",
    "url": "https://darwin.v7labs.com/api/images/38437845/original",
    "thumbnail_url": "https://darwin.v7labs.com/api/images/38437845/thumbnail",
    "path": "/",
    "workview_url": "https://darwin.v7labs.com/workview?dataset=38016&image=184"
  },
  "annotations": [
    {
      "bounding_box": {
        "h": 92.01,
        "w": 80.51,
        "x": 142.11,
        "y": 329.71
      },
      "name": "Não Cisto"
    },
    {
      "bounding_box": {
        "h": 57.51,
        "w": 74.38,
        "x": 308.5,
        "y": 210.1
      },
      "name": "Não Cisto"
    },
    {
      "bounding_box": {
        "h": 36.04,
        "w": 36.04,
        "x": 163.58,
        "y": 170.99
      },
      "name": "Cisto Viável"
    },
    {
      "bounding_box": {
        "h": 38.95,
        "w": 34.6,
        "x": 110.32,
        "y": 228.91
      },
      "name": "Cisto Viável"
    },
    {
      "bounding_box": {
        "h": 38.36,
        "w": 40.06,
        "x": 182.45,
        "y": 291.81
      },
      "name": "Cisto Inviável"
    }
  ]
}