{
  "dataset": "Cisto",
  "image": {
    "width": 640,
    "height": 480,
    "original_filename": "Cisto276.jpg",
    "filename": "Cisto276.jpg",
    "url": "https://darwin.v7labs.com/api/images/38438076/original",
    "thumbnail_url": "https://darwin.v7labs.com/api/images/38438076/thumbnail",
    "path": "/",
    "workview_url": "https://darwin.v7labs.com/workview?dataset=38016&image=415"
  },
  "annotations": [
    {
      "bounding_box": {
        "h": 37.74,
        "w": 54.25,
        "x": 89.68,
        "y": 139.63
      },
      "name": "Cisto Viável"
    },
    {
      "bounding_box": {
        "h": 40.1,
        "w": 36.16,
        "x": 165.15,
        "y": 105.82
      },
      "name": "Cisto Viável"
    },
    {
      "bounding_box": {
        "h": 40.88,
        "w": 65.25,
        "x": 414.37,
        "y": 31.14
      },
      "name": "Cisto Viável"
    },
    {
      "bounding_box": {
        "h": 40.88,
        "w": 29.87,
        "x": 498.49,
        "y": 39.0
      },
      "name": "Cisto Viável"
    },
    {
      "bounding_box": {
        "h": 44.26,
        "w": 47.36,
        "x": 279.48,
        "y": 144.77
      },
      "name": "Cisto Viável"
    },
    {
      "bounding_box": {
        "h": 39.68,
        "w": 40.92,
        "x": 255.45,
        "y": 0.46
      },
      "name": "Cisto Viável"
    },
    {
      "bounding_box": {
        "h": 28.51,
        "w": 40.98,
        "x": 157.6,
        "y": 310.91
      },
      "name": "Não Cisto"
    },
    {
      "bounding_box": {
        "h": 41.87,
        "w": 32.96,
        "x": 363.39,
        "y": 349.22
      },
      "name": "Não Cisto"
    },
    {
      "bounding_box": {
        "h": 30.29,
        "w": 33.85,
        "x": 402.59,
        "y": 217.37
      },
      "name": "Não Cisto"
    },
    {
      "bounding_box": {
        "h": 30.29,
        "w": 43.65,
        "x": 161.16,
        "y": 78.39
      },
      "name": "Não Cisto"
    }
  ]
}