{
  "dataset": "Cisto",
  "image": {
    "width": 640,
    "height": 480,
    "original_filename": "Cisto150.jpg",
    "filename": "Cisto150.jpg",
    "url": "https://darwin.v7labs.com/api/images/38438004/original",
    "thumbnail_url": "https://darwin.v7labs.com/api/images/38438004/thumbnail",
    "path": "/",
    "workview_url": "https://darwin.v7labs.com/workview?dataset=38016&image=343"
  },
  "annotations": [
    {
      "bounding_box": {
        "h": 50.24,
        "w": 51.15,
        "x": 37.49,
        "y": 106.56
      },
      "name": "Cisto Viável"
    },
    {
      "bounding_box": {
        "h": 42.93,
        "w": 36.54,
        "x": 15.57,
        "y": 147.67
      },
      "name": "Cisto Viável"
    },
    {
      "bounding_box": {
        "h": 51.15,
        "w": 53.89,
        "x": 207.39,
        "y": 166.85
      },
      "name": "Cisto Viável"
    },
    {
      "bounding_box": {
        "h": 51.15,
        "w": 54.8,
        "x": 399.21,
        "y": 86.47
      },
      "name": "Cisto Viável"
    },
    {
      "bounding_box": {
        "h": 42.02,
        "w": 38.36,
        "x": 464.06,
        "y": 67.28
      },
      "name": "Cisto Viável"
    },
    {
      "bounding_box": {
        "h": 37.45,
        "w": 45.67,
        "x": 464.97,
        "y": 106.56
      },
      "name": "Cisto Viável"
    },
    {
      "bounding_box": {
        "h": 43.84,
        "w": 40.19,
        "x": 421.13,
        "y": 234.44
      },
      "name": "Cisto Viável"
    },
    {
      "bounding_box": {
        "h": 49.32,
        "w": 52.06,
        "x": 292.34,
        "y": 227.13
      },
      "name": "Cisto Viável"
    },
    {
      "bounding_box": {
        "h": 43.89,
        "w": 57.5,
        "x": 529.18,
        "y": 1.8
      },
      "name": "Cisto Viável"
    },
    {
      "bounding_box": {
        "h": 34.71,
        "w": 21.1,
        "x": 311.42,
        "y": 38.2
      },
      "name": "Cisto Viável"
    },
    {
      "bounding_box": {
        "h": 38.97,
        "w": 45.69,
        "x": 423.88,
        "y": 45.55
      },
      "name": "Cisto Inviável"
    },
    {
      "bounding_box": {
        "h": 53.31,
        "w": 55.55,
        "x": 556.48,
        "y": 110.51
      },
      "name": "Cisto Inviável"
    },
    {
      "bounding_box": {
        "h": 53.04,
        "w": 44.04,
        "x": 317.91,
        "y": 108.7
      },
      "name": "Cisto Viável"
    }
  ]
}