{
  "dataset": "Cisto",
  "image": {
    "width": 640,
    "height": 480,
    "original_filename": "Cisto280.jpg",
    "filename": "Cisto280.jpg",
    "url": "https://darwin.v7labs.com/api/images/38437738/original",
    "thumbnail_url": "https://darwin.v7labs.com/api/images/38437738/thumbnail",
    "path": "/",
    "workview_url": "https://darwin.v7labs.com/workview?dataset=38016&image=77"
  },
  "annotations": [
    {
      "bounding_box": {
        "h": 64.26,
        "w": 58.34,
        "x": 344.16,
        "y": 167.75
      },
      "name": "Cisto Viável"
    },
    {
      "bounding_box": {
        "h": 23.68,
        "w": 26.21,
        "x": 223.25,
        "y": 199.88
      },
      "name": "Cisto Viável"
    },
    {
      "bounding_box": {
        "h": 34.67,
        "w": 49.89,
        "x": 22.85,
        "y": 112.79
      },
      "name": "Cisto Inviável"
    },
    {
      "bounding_box": {
        "h": 26.45,
        "w": 23.04,
        "x": 158.46,
        "y": 39.27
      },
      "name": "Não Cisto"
    },
    {
      "bounding_box": {
        "h": 26.45,
        "w": 28.16,
        "x": 199.42,
        "y": 5.99
      },
      "name": "Não Cisto"
    },
    {
      "bounding_box": {
        "h": 26.45,
        "w": 24.75,
        "x": 159.32,
        "y": 90.47
      },
      "name": "Não Cisto"
    },
    {
      "bounding_box": {
        "h": 20.48,
        "w": 23.89,
        "x": 120.06,
        "y": 99.86
      },
      "name": "Não Cisto"
    },
    {
      "bounding_box": {
        "h": 20.48,
        "w": 21.33,
        "x": 137.13,
        "y": 116.92
      },
      "name": "Não Cisto"
    },
    {
      "bounding_box": {
        "h": 21.33,
        "w": 40.11,
        "x": 167.0,
        "y": 117.78
      },
      "name": "Não Cisto"
    },
    {
      "bounding_box": {
        "h": 24.75,
        "w": 35.84,
        "x": 307.8,
        "y": 72.55
      },
      "name": "Não Cisto"
    },
    {
      "bounding_box": {
        "h": 24.75,
        "w": 29.01,
        "x": 370.09,
        "y": 81.94
      },
      "name": "Não Cisto"
    },
    {
      "bounding_box": {
        "h": 21.33,
        "w": 22.19,
        "x": 377.77,
        "y": 0.87
      },
      "name": "Não Cisto"
    },
    {
      "bounding_box": {
        "h": 39.25,
        "w": 41.81,
        "x": 550.99,
        "y": 128.87
      },
      "name": "Não Cisto"
    },
    {
      "bounding_box": {
        "h": 29.01,
        "w": 38.4,
        "x": 268.54,
        "y": 145.94
      },
      "name": "Não Cisto"
    },
    {
      "bounding_box": {
        "h": 28.16,
        "w": 24.75,
        "x": 33.88,
        "y": 291.0
      },
      "name": "Não Cisto"
    },
    {
      "bounding_box": {
        "h": 22.19,
        "w": 26.45,
        "x": 11.69,
        "y": 409.61
      },
      "name": "Não Cisto"
    },
    {
      "bounding_box": {
        "h": 28.16,
        "w": 42.67,
        "x": 88.49,
        "y": 390.84
      },
      "name": "Não Cisto"
    },
    {
      "bounding_box": {
        "h": 62.29,
        "w": 31.57,
        "x": 121.77,
        "y": 238.95
      },
      "name": "Não Cisto"
    },
    {
      "bounding_box": {
        "h": 50.35,
        "w": 23.04,
        "x": 427.26,
        "y": 233.83
      },
      "name": "Não Cisto"
    },
    {
      "bounding_box": {
        "h": 29.01,
        "w": 46.08,
        "x": 584.27,
        "y": 293.56
      },
      "name": "Não Cisto"
    },
    {
      "bounding_box": {
        "h": 37.55,
        "w": 78.51,
        "x": 540.75,
        "y": 365.24
      },
      "name": "Não Cisto"
    },
    {
      "bounding_box": {
        "h": 37.55,
        "w": 44.37,
        "x": 336.81,
        "y": 417.29
      },
      "name": "Não Cisto"
    },
    {
      "bounding_box": {
        "h": 20.48,
        "w": 49.49,
        "x": 300.97,
        "y": 338.79
      },
      "name": "Não Cisto"
    },
    {
      "bounding_box": {
        "h": 29.87,
        "w": 98.13,
        "x": 120.92,
        "y": 320.87
      },
      "name": "Não Cisto"
    },
    {
      "bounding_box": {
        "h": 23.04,
        "w": 25.6,
        "x": 491.26,
        "y": 68.28
      },
      "name": "Cisto Inviável"
    },
    {
      "bounding_box": {
        "h": 28.16,
        "w": 25.6,
        "x": 384.59,
        "y": 241.51
      },
      "name": "Cisto Inviável"
    },
    {
      "bounding_box": {
        "h": 22.19,
        "w": 23.89,
        "x": 318.03,
        "y": 244.92
      },
      "name": "Cisto Inviável"
    },
    {
      "bounding_box": {
        "h": 28.16,
        "w": 34.13,
        "x": 288.17,
        "y": 245.78
      },
      "name": "Cisto Inviável"
    },
    {
      "bounding_box": {
        "h": 31.57,
        "w": 24.75,
        "x": 168.7,
        "y": 341.35
      },
      "name": "Cisto Inviável"
    },
    {
      "bounding_box": {
        "h": 24.75,
        "w": 29.01,
        "x": 239.53,
        "y": 339.64
      },
      "name": "Cisto Viável"
    },
    {
      "bounding_box": {
        "h": 30.72,
        "w": 53.76,
        "x": 229.29,
        "y": 311.48
      },
      "name": "Cisto Viável"
    },
    {
      "bounding_box": {
        "h": 24.75,
        "w": 24.75,
        "x": 287.32,
        "y": 373.77
      },
      "name": "Cisto Inviável"
    },
    {
      "bounding_box": {
        "h": 37.55,
        "w": 26.45,
        "x": 492.97,
        "y": 408.76
      },
      "name": "Não Cisto"
    }
  ]
}