{
  "dataset": "Cisto",
  "image": {
    "width": 640,
    "height": 480,
    "original_filename": "Cisto472.jpg",
    "filename": "Cisto472.jpg",
    "url": "https://darwin.v7labs.com/api/images/38437818/original",
    "thumbnail_url": "https://darwin.v7labs.com/api/images/38437818/thumbnail",
    "path": "/",
    "workview_url": "https://darwin.v7labs.com/workview?dataset=38016&image=157"
  },
  "annotations": [
    {
      "bounding_box": {
        "h": 40.62,
        "w": 36.93,
        "x": 38.66,
        "y": 155.45
      },
      "name": "Não Cisto"
    },
    {
      "bounding_box": {
        "h": 36.93,
        "w": 41.36,
        "x": 81.49,
        "y": 163.58
      },
      "name": "Não Cisto"
    },
    {
      "bounding_box": {
        "h": 56.13,
        "w": 57.61,
        "x": 373.96,
        "y": 199.77
      },
      "name": "Não Cisto"
    },
    {
      "bounding_box": {
        "h": 28.8,
        "w": 53.91,
        "x": 536.44,
        "y": 430.19
      },
      "name": "Não Cisto"
    },
    {
      "bounding_box": {
        "h": 33.97,
        "w": 45.05,
        "x": 368.79,
        "y": 149.54
      },
      "name": "Cisto Viável"
    },
    {
      "bounding_box": {
        "h": 63.52,
        "w": 62.78,
        "x": 503.2,
        "y": 258.85
      },
      "name": "Cisto Viável"
    },
    {
      "bounding_box": {
        "h": 54.65,
        "w": 37.67,
        "x": 599.22,
        "y": 147.33
      },
      "name": "Cisto Viável"
    },
    {
      "bounding_box": {
        "h": 50.22,
        "w": 46.53,
        "x": 159.78,
        "y": 270.67
      },
      "name": "Cisto Inviável"
    },
    {
      "bounding_box": {
        "h": 52.44,
        "w": 50.96,
        "x": 547.52,
        "y": 118.53
      },
      "name": "Cisto Inviável"
    }
  ]
}