{
  "dataset": "Cisto",
  "image": {
    "width": 640,
    "height": 480,
    "original_filename": "Cisto330.jpg",
    "filename": "Cisto330.jpg",
    "url": "https://darwin.v7labs.com/api/images/38437750/original",
    "thumbnail_url": "https://darwin.v7labs.com/api/images/38437750/thumbnail",
    "path": "/",
    "workview_url": "https://darwin.v7labs.com/workview?dataset=38016&image=89"
  },
  "annotations": [
    {
      "bounding_box": {
        "h": 55.21,
        "w": 47.54,
        "x": 11.76,
        "y": 421.73
      },
      "name": "Não Cisto"
    },
    {
      "bounding_box": {
        "h": 51.37,
        "w": 54.44,
        "x": 4.09,
        "y": 302.88
      },
      "name": "Não Cisto"
    },
    {
      "bounding_box": {
        "h": 49.84,
        "w": 51.37,
        "x": 66.2,
        "y": 247.67
      },
      "name": "Não Cisto"
    },
    {
      "bounding_box": {
        "h": 62.11,
        "w": 52.91,
        "x": 191.18,
        "y": 332.78
      },
      "name": "Não Cisto"
    },
    {
      "bounding_box": {
        "h": 44.47,
        "w": 54.44,
        "x": 273.99,
        "y": 325.11
      },
      "name": "Não Cisto"
    },
    {
      "bounding_box": {
        "h": 69.78,
        "w": 49.84,
        "x": 398.98,
        "y": 261.47
      },
      "name": "Não Cisto"
    },
    {
      "bounding_box": {
        "h": 31.44,
        "w": 39.87,
        "x": 517.83,
        "y": 249.97
      },
      "name": "Não Cisto"
    },
    {
      "bounding_box": {
        "h": 65.18,
        "w": 89.71,
        "x": 476.42,
        "y": 123.45
      },
      "name": "Não Cisto"
    },
    {
      "bounding_box": {
        "h": 77.44,
        "w": 64.41,
        "x": 569.97,
        "y": 41.41
      },
      "name": "Não Cisto"
    },
    {
      "bounding_box": {
        "h": 52.14,
        "w": 75.14,
        "x": 293.16,
        "y": 118.08
      },
      "name": "Não Cisto"
    },
    {
      "bounding_box": {
        "h": 43.71,
        "w": 55.21,
        "x": 290.86,
        "y": 197.06
      },
      "name": "Não Cisto"
    },
    {
      "bounding_box": {
        "h": 38.34,
        "w": 37.57,
        "x": 231.05,
        "y": 239.23
      },
      "name": "Não Cisto"
    },
    {
      "bounding_box": {
        "h": 31.44,
        "w": 45.24,
        "x": 191.95,
        "y": 249.2
      },
      "name": "Não Cisto"
    },
    {
      "bounding_box": {
        "h": 61.34,
        "w": 59.81,
        "x": 52.4,
        "y": 68.24
      },
      "name": "Não Cisto"
    },
    {
      "bounding_box": {
        "h": 32.97,
        "w": 34.5,
        "x": 290.86,
        "y": 88.18
      },
      "name": "Não Cisto"
    },
    {
      "bounding_box": {
        "h": 24.03,
        "w": 32.61,
        "x": 495.5,
        "y": 24.26
      },
      "name": "Não Cisto"
    },
    {
      "bounding_box": {
        "h": 26.6,
        "w": 32.61,
        "x": 444.02,
        "y": 98.91
      },
      "name": "Não Cisto"
    },
    {
      "bounding_box": {
        "h": 36.04,
        "w": 44.62,
        "x": 229.5,
        "y": 159.84
      },
      "name": "Cisto Viável"
    },
    {
      "bounding_box": {
        "h": 29.17,
        "w": 24.03,
        "x": 126.53,
        "y": 104.92
      },
      "name": "Não Cisto"
    },
    {
      "bounding_box": {
        "h": 29.17,
        "w": 30.89,
        "x": 18.41,
        "y": 183.86
      },
      "name": "Não Cisto"
    }
  ]
}