{
  "dataset": "Cisto",
  "image": {
    "width": 640,
    "height": 480,
    "original_filename": "Cisto431.jpg",
    "filename": "Cisto431.jpg",
    "url": "https://darwin.v7labs.com/api/images/38437803/original",
    "thumbnail_url": "https://darwin.v7labs.com/api/images/38437803/thumbnail",
    "path": "/",
    "workview_url": "https://darwin.v7labs.com/workview?dataset=38016&image=142"
  },
  "annotations": [
    {
      "bounding_box": {
        "h": 68.08,
        "w": 71.66,
        "x": 209.62,
        "y": 293.27
      },
      "name": "Cisto Inviável"
    },
    {
      "bounding_box": {
        "h": 69.87,
        "w": 57.92,
        "x": 215.59,
        "y": 182.8
      },
      "name": "Cisto Viável"
    },
    {
      "bounding_box": {
        "h": 62.7,
        "w": 50.16,
        "x": 352.34,
        "y": 169.66
      },
      "name": "Cisto Viável"
    },
    {
      "bounding_box": {
        "h": 33.89,
        "w": 43.25,
        "x": 162.82,
        "y": 280.52
      },
      "name": "Não Cisto"
    },
    {
      "bounding_box": {
        "h": 75.81,
        "w": 83.17,
        "x": 141.13,
        "y": 205.26
      },
      "name": "Não Cisto"
    }
  ]
}