{
  "dataset": "Cisto",
  "image": {
    "width": 640,
    "height": 480,
    "original_filename": "Cisto30.jpg",
    "filename": "Cisto30.jpg",
    "url": "https://darwin.v7labs.com/api/images/38438127/original",
    "thumbnail_url": "https://darwin.v7labs.com/api/images/38438127/thumbnail",
    "path": "/",
    "workview_url": "https://darwin.v7labs.com/workview?dataset=38016&image=466"
  },
  "annotations": [
    {
      "bounding_box": {
        "h": 41.41,
        "w": 46.77,
        "x": 212.65,
        "y": 0
      },
      "name": "Cisto Viável"
    },
    {
      "bounding_box": {
        "h": 43.71,
        "w": 53.67,
        "x": 315.4,
        "y": 0
      },
      "name": "Cisto Viável"
    },
    {
      "bounding_box": {
        "h": 49.84,
        "w": 73.61,
        "x": 205.75,
        "y": 282.17
      },
      "name": "Cisto Viável"
    },
    {
      "bounding_box": {
        "h": 39.11,
        "w": 47.54,
        "x": 162.04,
        "y": 69.78
      },
      "name": "Não Cisto"
    },
    {
      "bounding_box": {
        "h": 32.2,
        "w": 41.41,
        "x": 233.35,
        "y": 162.56
      },
      "name": "Não Cisto"
    },
    {
      "bounding_box": {
        "h": 29.9,
        "w": 32.97,
        "x": 293.16,
        "y": 257.64
      },
      "name": "Não Cisto"
    }
  ]
}