{
  "dataset": "Cisto",
  "image": {
    "width": 640,
    "height": 480,
    "original_filename": "Cisto361.jpg",
    "filename": "Cisto361.jpg",
    "url": "https://darwin.v7labs.com/api/images/38437758/original",
    "thumbnail_url": "https://darwin.v7labs.com/api/images/38437758/thumbnail",
    "path": "/",
    "workview_url": "https://darwin.v7labs.com/workview?dataset=38016&image=97"
  },
  "annotations": [
    {
      "bounding_box": {
        "h": 40.64,
        "w": 42.17,
        "x": 301.6,
        "y": 270.67
      },
      "name": "Cisto Viável"
    },
    {
      "bounding_box": {
        "h": 52.13,
        "w": 34.75,
        "x": 561.02,
        "y": 310.68
      },
      "name": "Cisto Viável"
    },
    {
      "bounding_box": {
        "h": 77.33,
        "w": 49.53,
        "x": 332.51,
        "y": 290.69
      },
      "name": "Cisto Inviável"
    },
    {
      "bounding_box": {
        "h": 51.26,
        "w": 57.35,
        "x": 194.36,
        "y": 285.48
      },
      "name": "Cisto Inviável"
    },
    {
      "bounding_box": {
        "h": 50.39,
        "w": 35.62,
        "x": 74.45,
        "y": 48.28
      },
      "name": "Não Cisto"
    },
    {
      "bounding_box": {
        "h": 20.85,
        "w": 24.33,
        "x": 126.59,
        "y": 116.92
      },
      "name": "Não Cisto"
    },
    {
      "bounding_box": {
        "h": 74.72,
        "w": 33.89,
        "x": 150.91,
        "y": 175.13
      },
      "name": "Não Cisto"
    },
    {
      "bounding_box": {
        "h": 65.17,
        "w": 46.05,
        "x": 65.77,
        "y": 188.17
      },
      "name": "Não Cisto"
    },
    {
      "bounding_box": {
        "h": 41.71,
        "w": 30.41,
        "x": 49.26,
        "y": 391.48
      },
      "name": "Não Cisto"
    },
    {
      "bounding_box": {
        "h": 33.89,
        "w": 43.44,
        "x": 97.04,
        "y": 428.84
      },
      "name": "Não Cisto"
    },
    {
      "bounding_box": {
        "h": 37.36,
        "w": 28.67,
        "x": 246.49,
        "y": 389.74
      },
      "name": "Não Cisto"
    },
    {
      "bounding_box": {
        "h": 30.41,
        "w": 29.54,
        "x": 261.26,
        "y": 437.53
      },
      "name": "Não Cisto"
    },
    {
      "bounding_box": {
        "h": 49.53,
        "w": 48.66,
        "x": 323.82,
        "y": 135.16
      },
      "name": "Não Cisto"
    },
    {
      "bounding_box": {
        "h": 74.72,
        "w": 51.26,
        "x": 362.92,
        "y": 13.52
      },
      "name": "Não Cisto"
    },
    {
      "bounding_box": {
        "h": 29.54,
        "w": 46.05,
        "x": 437.64,
        "y": 0.49
      },
      "name": "Não Cisto"
    },
    {
      "bounding_box": {
        "h": 52.13,
        "w": 76.46,
        "x": 564.5,
        "y": 36.11
      },
      "name": "Não Cisto"
    }
  ]
}