{
  "dataset": "Cisto",
  "image": {
    "width": 640,
    "height": 480,
    "original_filename": "Cisto147.jpg",
    "filename": "Cisto147.jpg",
    "url": "https://darwin.v7labs.com/api/images/38437938/original",
    "thumbnail_url": "https://darwin.v7labs.com/api/images/38437938/thumbnail",
    "path": "/",
    "workview_url": "https://darwin.v7labs.com/workview?dataset=38016&image=277"
  },
  "annotations": [
    {
      "bounding_box": {
        "h": 31.02,
        "w": 36.19,
        "x": 373.88,
        "y": 73.53
      },
      "name": "Cisto Viável"
    },
    {
      "bounding_box": {
        "h": 36.19,
        "w": 36.93,
        "x": 368.71,
        "y": 111.94
      },
      "name": "Cisto Viável"
    },
    {
      "bounding_box": {
        "h": 49.48,
        "w": 29.54,
        "x": 401.2,
        "y": 86.09
      },
      "name": "Cisto Viável"
    },
    {
      "bounding_box": {
        "h": 36.93,
        "w": 40.62,
        "x": 305.19,
        "y": 147.39
      },
      "name": "Cisto Viável"
    },
    {
      "bounding_box": {
        "h": 28.8,
        "w": 29.54,
        "x": 268.26,
        "y": 183.58
      },
      "name": "Cisto Viável"
    },
    {
      "bounding_box": {
        "h": 32.45,
        "w": 39.19,
        "x": 36.64,
        "y": 371.37
      },
      "name": "Cisto Viável"
    },
    {
      "bounding_box": {
        "h": 28.16,
        "w": 41.02,
        "x": 142.57,
        "y": 128.9
      },
      "name": "Cisto Viável"
    },
    {
      "bounding_box": {
        "h": 39.8,
        "w": 49.59,
        "x": 375.85,
        "y": 149.11
      },
      "name": "Cisto Inviável"
    },
    {
      "bounding_box": {
        "h": 41.21,
        "w": 28.22,
        "x": 395.49,
        "y": 41.78
      },
      "name": "Cisto Inviável"
    },
    {
      "bounding_box": {
        "h": 43.9,
        "w": 39.42,
        "x": 197.94,
        "y": 25.66
      },
      "name": "Cisto Inviável"
    },
    {
      "bounding_box": {
        "h": 31.57,
        "w": 46.6,
        "x": 347.9,
        "y": -0.1
      },
      "name": "Cisto Viável"
    },
    {
      "bounding_box": {
        "h": 25.09,
        "w": 29.61,
        "x": 270.42,
        "y": 253.3
      },
      "name": "Não Cisto"
    },
    {
      "bounding_box": {
        "h": 31.11,
        "w": 34.12,
        "x": 246.33,
        "y": 274.37
      },
      "name": "Não Cisto"
    },
    {
      "bounding_box": {
        "h": 41.65,
        "w": 38.14,
        "x": 453.08,
        "y": 193.08
      },
      "name": "Não Cisto"
    },
    {
      "bounding_box": {
        "h": 35.13,
        "w": 65.24,
        "x": 375.8,
        "y": 244.27
      },
      "name": "Não Cisto"
    },
    {
      "bounding_box": {
        "h": 28.6,
        "w": 29.61,
        "x": 297.01,
        "y": 238.75
      },
      "name": "Não Cisto"
    },
    {
      "bounding_box": {
        "h": 57.68,
        "w": 27.73,
        "x": 328.39,
        "y": 325.31
      },
      "name": "Não Cisto"
    },
    {
      "bounding_box": {
        "h": 60.45,
        "w": 42.7,
        "x": 119.86,
        "y": 353.03
      },
      "name": "Não Cisto"
    },
    {
      "bounding_box": {
        "h": 32.87,
        "w": 40.17,
        "x": 177.29,
        "y": 221.08
      },
      "name": "Não Cisto"
    },
    {
      "bounding_box": {
        "h": 33.05,
        "w": 36.57,
        "x": 477.75,
        "y": 146.94
      },
      "name": "Não Cisto"
    }
  ]
}