{
  "dataset": "Cisto",
  "image": {
    "width": 640,
    "height": 480,
    "original_filename": "Cisto405.jpg",
    "filename": "Cisto405.jpg",
    "url": "https://darwin.v7labs.com/api/images/38437829/original",
    "thumbnail_url": "https://darwin.v7labs.com/api/images/38437829/thumbnail",
    "path": "/",
    "workview_url": "https://darwin.v7labs.com/workview?dataset=38016&image=168"
  },
  "annotations": [
    {
      "bounding_box": {
        "h": 54.45,
        "w": 65.15,
        "x": 501.13,
        "y": 111.99
      },
      "name": "Cisto Viável"
    },
    {
      "bounding_box": {
        "h": 39.87,
        "w": 55.42,
        "x": 457.37,
        "y": 215.06
      },
      "name": "Não Cisto"
    },
    {
      "bounding_box": {
        "h": 54.45,
        "w": 51.53,
        "x": 150.12,
        "y": 76.02
      },
      "name": "Não Cisto"
    },
    {
      "bounding_box": {
        "h": 54.45,
        "w": 58.34,
        "x": 184.15,
        "y": 185.89
      },
      "name": "Não Cisto"
    }
  ]
}