{
  "dataset": "Cisto",
  "image": {
    "width": 640,
    "height": 480,
    "original_filename": "Cisto425.jpg",
    "filename": "Cisto425.jpg",
    "url": "https://darwin.v7labs.com/api/images/38437875/original",
    "thumbnail_url": "https://darwin.v7labs.com/api/images/38437875/thumbnail",
    "path": "/",
    "workview_url": "https://darwin.v7labs.com/workview?dataset=38016&image=214"
  },
  "annotations": [
    {
      "bounding_box": {
        "h": 46.77,
        "w": 50.61,
        "x": 142.11,
        "y": 302.11
      },
      "name": "Cisto Viável"
    },
    {
      "bounding_box": {
        "h": 61.34,
        "w": 54.44,
        "x": 169.71,
        "y": 142.62
      },
      "name": "Cisto Viável"
    },
    {
      "bounding_box": {
        "h": 60.58,
        "w": 69.01,
        "x": 269.39,
        "y": 172.52
      },
      "name": "Cisto Viável"
    },
    {
      "bounding_box": {
        "h": 58.18,
        "w": 57.75,
        "x": 524.53,
        "y": 362.1
      },
      "name": "Cisto Inviável"
    },
    {
      "bounding_box": {
        "h": 53.88,
        "w": 89.49,
        "x": 281.98,
        "y": 128.85
      },
      "name": "Não Cisto"
    },
    {
      "bounding_box": {
        "h": 31.75,
        "w": 34.64,
        "x": 587.0,
        "y": 331.88
      },
      "name": "Não Cisto"
    },
    {
      "bounding_box": {
        "h": 42.34,
        "w": 51.96,
        "x": 513.87,
        "y": 248.17
      },
      "name": "Não Cisto"
    },
    {
      "bounding_box": {
        "h": 43.21,
        "w": 45.82,
        "x": 375.53,
        "y": 143.47
      },
      "name": "Cisto Viável"
    }
  ]
}