{
  "dataset": "Cisto",
  "image": {
    "width": 640,
    "height": 480,
    "original_filename": "Cisto182.jpg",
    "filename": "Cisto182.jpg",
    "url": "https://darwin.v7labs.com/api/images/38438066/original",
    "thumbnail_url": "https://darwin.v7labs.com/api/images/38438066/thumbnail",
    "path": "/",
    "workview_url": "https://darwin.v7labs.com/workview?dataset=38016&image=405"
  },
  "annotations": [
    {
      "bounding_box": {
        "h": 36.04,
        "w": 28.37,
        "x": 340.7,
        "y": 197.06
      },
      "name": "Cisto Viável"
    },
    {
      "bounding_box": {
        "h": 41.41,
        "w": 40.64,
        "x": 411.25,
        "y": 295.97
      },
      "name": "Cisto Viável"
    },
    {
      "bounding_box": {
        "h": 30.67,
        "w": 24.54,
        "x": 540.06,
        "y": 13.8
      },
      "name": "Cisto Viável"
    },
    {
      "bounding_box": {
        "h": 23.0,
        "w": 34.5,
        "x": 212.65,
        "y": 144.92
      },
      "name": "Não Cisto"
    },
    {
      "bounding_box": {
        "h": 46.01,
        "w": 48.31,
        "x": 565.37,
        "y": 108.12
      },
      "name": "Não Cisto"
    },
    {
      "bounding_box": {
        "h": 28.37,
        "w": 40.64,
        "x": 283.19,
        "y": 403.32
      },
      "name": "Não Cisto"
    },
    {
      "bounding_box": {
        "h": 42.94,
        "w": 52.14,
        "x": 93.8,
        "y": 129.58
      },
      "name": "Não Cisto"
    }
  ]
}