{
  "dataset": "Cisto",
  "image": {
    "width": 640,
    "height": 480,
    "original_filename": "Cisto326.jpg",
    "filename": "Cisto326.jpg",
    "url": "https://darwin.v7labs.com/api/images/38437687/original",
    "thumbnail_url": "https://darwin.v7labs.com/api/images/38437687/thumbnail",
    "path": "/",
    "workview_url": "https://darwin.v7labs.com/workview?dataset=38016&image=26"
  },
  "annotations": [
    {
      "bounding_box": {
        "h": 46.01,
        "w": 36.04,
        "x": 307.73,
        "y": 136.49
      },
      "name": "Cisto Inviável"
    },
    {
      "bounding_box": {
        "h": 61.34,
        "w": 76.68,
        "x": 331.5,
        "y": 174.82
      },
      "name": "Cisto Inviável"
    },
    {
      "bounding_box": {
        "h": 52.14,
        "w": 51.37,
        "x": 163.58,
        "y": 262.24
      },
      "name": "Não Cisto"
    },
    {
      "bounding_box": {
        "h": 33.74,
        "w": 29.9,
        "x": 288.56,
        "y": 354.25
      },
      "name": "Não Cisto"
    },
    {
      "bounding_box": {
        "h": 31.44,
        "w": 28.37,
        "x": 524.73,
        "y": 405.62
      },
      "name": "Não Cisto"
    },
    {
      "bounding_box": {
        "h": 22.24,
        "w": 24.54,
        "x": 615.21,
        "y": 179.42
      },
      "name": "Não Cisto"
    },
    {
      "bounding_box": {
        "h": 36.04,
        "w": 49.07,
        "x": 154.38,
        "y": 157.96
      },
      "name": "Não Cisto"
    },
    {
      "bounding_box": {
        "h": 29.9,
        "w": 19.94,
        "x": 198.08,
        "y": 124.22
      },
      "name": "Não Cisto"
    },
    {
      "bounding_box": {
        "h": 29.9,
        "w": 44.47,
        "x": 301.6,
        "y": 52.14
      },
      "name": "Não Cisto"
    }
  ]
}