{
  "dataset": "Cisto",
  "image": {
    "width": 640,
    "height": 480,
    "original_filename": "Cisto384.jpg",
    "filename": "Cisto384.jpg",
    "url": "https://darwin.v7labs.com/api/images/38437884/original",
    "thumbnail_url": "https://darwin.v7labs.com/api/images/38437884/thumbnail",
    "path": "/",
    "workview_url": "https://darwin.v7labs.com/workview?dataset=38016&image=223"
  },
  "annotations": [
    {
      "bounding_box": {
        "h": 41.84,
        "w": 35.99,
        "x": 568.03,
        "y": 419.64
      },
      "name": "Cisto Viável"
    },
    {
      "bounding_box": {
        "h": 33.48,
        "w": 36.82,
        "x": 600.67,
        "y": 53.92
      },
      "name": "Cisto Viável"
    },
    {
      "bounding_box": {
        "h": 37.84,
        "w": 29.96,
        "x": 611.42,
        "y": 89.29
      },
      "name": "Cisto Viável"
    },
    {
      "bounding_box": {
        "h": 26.35,
        "w": 25.9,
        "x": 588.67,
        "y": 102.81
      },
      "name": "Cisto Viável"
    },
    {
      "bounding_box": {
        "h": 26.35,
        "w": 31.76,
        "x": 601.74,
        "y": 124.65
      },
      "name": "Cisto Viável"
    },
    {
      "bounding_box": {
        "h": 39.42,
        "w": 39.87,
        "x": 601.06,
        "y": 152.81
      },
      "name": "Cisto Viável"
    },
    {
      "bounding_box": {
        "h": 35.37,
        "w": 28.92,
        "x": 493.35,
        "y": 205.53
      },
      "name": "Cisto Viável"
    },
    {
      "bounding_box": {
        "h": 32.92,
        "w": 25.8,
        "x": 523.38,
        "y": 257.81
      },
      "name": "Cisto Viável"
    },
    {
      "bounding_box": {
        "h": 49.5,
        "w": 42.24,
        "x": 375.14,
        "y": 155.7
      },
      "name": "Não Cisto"
    },
    {
      "bounding_box": {
        "h": 42.9,
        "w": 44.88,
        "x": 418.7,
        "y": 138.54
      },
      "name": "Não Cisto"
    },
    {
      "bounding_box": {
        "h": 21.12,
        "w": 34.32,
        "x": 396.26,
        "y": 208.49
      },
      "name": "Não Cisto"
    },
    {
      "bounding_box": {
        "h": 40.92,
        "w": 30.36,
        "x": 207.51,
        "y": 306.83
      },
      "name": "Não Cisto"
    },
    {
      "bounding_box": {
        "h": 39.6,
        "w": 41.58,
        "x": 271.53,
        "y": 151.08
      },
      "name": "Não Cisto"
    },
    {
      "bounding_box": {
        "h": 35.91,
        "w": 67.66,
        "x": 473.57,
        "y": 433.44
      },
      "name": "Não Cisto"
    },
    {
      "bounding_box": {
        "h": 46.39,
        "w": 61.09,
        "x": 1.71,
        "y": 302.74
      },
      "name": "Não Cisto"
    }
  ]
}