{
  "dataset": "Cisto",
  "image": {
    "width": 640,
    "height": 480,
    "original_filename": "Cisto15.jpg",
    "filename": "Cisto15.jpg",
    "url": "https://darwin.v7labs.com/api/images/38438139/original",
    "thumbnail_url": "https://darwin.v7labs.com/api/images/38438139/thumbnail",
    "path": "/",
    "workview_url": "https://darwin.v7labs.com/workview?dataset=38016&image=478"
  },
  "annotations": [
    {
      "bounding_box": {
        "h": 37.19,
        "w": 44.63,
        "x": 232.53,
        "y": 98.92
      },
      "name": "Cisto Viável"
    },
    {
      "bounding_box": {
        "h": 44.63,
        "w": 54.55,
        "x": 182.94,
        "y": 388.2
      },
      "name": "Cisto Viável"
    },
    {
      "bounding_box": {
        "h": 35.54,
        "w": 42.15,
        "x": 228.39,
        "y": 366.71
      },
      "name": "Cisto Viável"
    },
    {
      "bounding_box": {
        "h": 77.69,
        "w": 52.07,
        "x": 206.08,
        "y": 164.22
      },
      "name": "Cisto Inviável"
    },
    {
      "bounding_box": {
        "h": 31.57,
        "w": 24.94,
        "x": 291.47,
        "y": 424.39
      },
      "name": "Cisto Inviável"
    },
    {
      "bounding_box": {
        "h": 44.19,
        "w": 31.57,
        "x": 234.34,
        "y": 399.45
      },
      "name": "Cisto Inviável"
    },
    {
      "bounding_box": {
        "h": 32.53,
        "w": 29.7,
        "x": 288.38,
        "y": 345.5
      },
      "name": "Não Cisto"
    },
    {
      "bounding_box": {
        "h": 29.35,
        "w": 20.51,
        "x": 317.73,
        "y": 428.95
      },
      "name": "Não Cisto"
    },
    {
      "bounding_box": {
        "h": 29.35,
        "w": 24.05,
        "x": 288.38,
        "y": 381.21
      },
      "name": "Não Cisto"
    },
    {
      "bounding_box": {
        "h": 36.08,
        "w": 49.8,
        "x": 119.09,
        "y": 328.67
      },
      "name": "Não Cisto"
    }
  ]
}