{
  "dataset": "Cisto",
  "image": {
    "width": 640,
    "height": 480,
    "original_filename": "Cisto76.jpg",
    "filename": "Cisto76.jpg",
    "url": "https://darwin.v7labs.com/api/images/38437892/original",
    "thumbnail_url": "https://darwin.v7labs.com/api/images/38437892/thumbnail",
    "path": "/",
    "workview_url": "https://darwin.v7labs.com/workview?dataset=38016&image=231"
  },
  "annotations": [
    {
      "bounding_box": {
        "h": 66.71,
        "w": 56.74,
        "x": 333.04,
        "y": 257.64
      },
      "name": "Cisto Viável"
    },
    {
      "bounding_box": {
        "h": 35.72,
        "w": 28.73,
        "x": 469.54,
        "y": 256.03
      },
      "name": "Não Cisto"
    },
    {
      "bounding_box": {
        "h": 50.47,
        "w": 75.31,
        "x": 67.35,
        "y": 422.96
      },
      "name": "Não Cisto"
    }
  ]
}