{
  "dataset": "Cisto",
  "image": {
    "width": 640,
    "height": 480,
    "original_filename": "Cisto360.jpg",
    "filename": "Cisto360.jpg",
    "url": "https://darwin.v7labs.com/api/images/38437694/original",
    "thumbnail_url": "https://darwin.v7labs.com/api/images/38437694/thumbnail",
    "path": "/",
    "workview_url": "https://darwin.v7labs.com/workview?dataset=38016&image=33"
  },
  "annotations": [
    {
      "bounding_box": {
        "h": 39.87,
        "w": 43.71,
        "x": 89.2,
        "y": 256.1
      },
      "name": "Cisto Viável"
    },
    {
      "bounding_box": {
        "h": 32.2,
        "w": 35.27,
        "x": 187.35,
        "y": 411.76
      },
      "name": "Cisto Viável"
    },
    {
      "bounding_box": {
        "h": 35.27,
        "w": 39.11,
        "x": 33.23,
        "y": 371.12
      },
      "name": "Cisto Viável"
    },
    {
      "bounding_box": {
        "h": 32.97,
        "w": 27.6,
        "x": 63.9,
        "y": 407.16
      },
      "name": "Cisto Viável"
    },
    {
      "bounding_box": {
        "h": 52.14,
        "w": 58.27,
        "x": 171.25,
        "y": 108.88
      },
      "name": "Não Cisto"
    },
    {
      "bounding_box": {
        "h": 34.5,
        "w": 58.27,
        "x": 158.21,
        "y": 46.77
      },
      "name": "Não Cisto"
    },
    {
      "bounding_box": {
        "h": 31.44,
        "w": 36.81,
        "x": 155.14,
        "y": 19.17
      },
      "name": "Não Cisto"
    },
    {
      "bounding_box": {
        "h": 42.17,
        "w": 49.84,
        "x": 55.46,
        "y": 191.69
      },
      "name": "Não Cisto"
    },
    {
      "bounding_box": {
        "h": 56.74,
        "w": 42.94,
        "x": 208.05,
        "y": 156.42
      },
      "name": "Não Cisto"
    },
    {
      "bounding_box": {
        "h": 34.5,
        "w": 35.27,
        "x": 349.14,
        "y": 227.73
      },
      "name": "Não Cisto"
    },
    {
      "bounding_box": {
        "h": 36.81,
        "w": 31.44,
        "x": 342.24,
        "y": 274.5
      },
      "name": "Não Cisto"
    },
    {
      "bounding_box": {
        "h": 27.6,
        "w": 46.01,
        "x": 249.46,
        "y": 329.71
      },
      "name": "Não Cisto"
    },
    {
      "bounding_box": {
        "h": 29.14,
        "w": 40.64,
        "x": 288.56,
        "y": 393.35
      },
      "name": "Não Cisto"
    },
    {
      "bounding_box": {
        "h": 44.47,
        "w": 46.01,
        "x": 391.31,
        "y": 304.41
      },
      "name": "Não Cisto"
    },
    {
      "bounding_box": {
        "h": 37.57,
        "w": 60.58,
        "x": 371.37,
        "y": 351.95
      },
      "name": "Não Cisto"
    },
    {
      "bounding_box": {
        "h": 55.97,
        "w": 44.47,
        "x": 419.68,
        "y": 408.69
      },
      "name": "Não Cisto"
    },
    {
      "bounding_box": {
        "h": 35.27,
        "w": 54.44,
        "x": 211.88,
        "y": 437.83
      },
      "name": "Não Cisto"
    },
    {
      "bounding_box": {
        "h": 32.97,
        "w": 39.87,
        "x": 148.24,
        "y": 392.59
      },
      "name": "Não Cisto"
    },
    {
      "bounding_box": {
        "h": 37.57,
        "w": 42.94,
        "x": 99.17,
        "y": 373.42
      },
      "name": "Não Cisto"
    },
    {
      "bounding_box": {
        "h": 26.07,
        "w": 26.07,
        "x": 46.26,
        "y": 239.23
      },
      "name": "Não Cisto"
    },
    {
      "bounding_box": {
        "h": 30.67,
        "w": 62.88,
        "x": 2.56,
        "y": 134.95
      },
      "name": "Não Cisto"
    },
    {
      "bounding_box": {
        "h": 100.45,
        "w": 89.71,
        "x": 525.5,
        "y": 172.52
      },
      "name": "Não Cisto"
    },
    {
      "bounding_box": {
        "h": 124.98,
        "w": 50.61,
        "x": 513.23,
        "y": 291.37
      },
      "name": "Não Cisto"
    },
    {
      "bounding_box": {
        "h": 68.24,
        "w": 64.41,
        "x": 479.49,
        "y": 371.88
      },
      "name": "Não Cisto"
    },
    {
      "bounding_box": {
        "h": 62.11,
        "w": 93.55,
        "x": 331.5,
        "y": 154.12
      },
      "name": "Não Cisto"
    },
    {
      "bounding_box": {
        "h": 71.31,
        "w": 84.35,
        "x": 379.81,
        "y": 19.17
      },
      "name": "Não Cisto"
    },
    {
      "bounding_box": {
        "h": 59.04,
        "w": 55.21,
        "x": 400.51,
        "y": 87.41
      },
      "name": "Não Cisto"
    },
    {
      "bounding_box": {
        "h": 47.54,
        "w": 115.78,
        "x": 61.6,
        "y": 136.49
      },
      "name": "Não Cisto"
    },
    {
      "bounding_box": {
        "h": 41.41,
        "w": 59.04,
        "x": 156.68,
        "y": 174.82
      },
      "name": "Não Cisto"
    },
    {
      "bounding_box": {
        "h": 40.64,
        "w": 67.48,
        "x": 142.11,
        "y": 209.33
      },
      "name": "Não Cisto"
    },
    {
      "bounding_box": {
        "h": 27.6,
        "w": 23.77,
        "x": 23.26,
        "y": 261.47
      },
      "name": "Não Cisto"
    },
    {
      "bounding_box": {
        "h": 37.57,
        "w": 72.08,
        "x": 57.76,
        "y": 316.68
      },
      "name": "Não Cisto"
    },
    {
      "bounding_box": {
        "h": 42.17,
        "w": 28.37,
        "x": 126.77,
        "y": 302.11
      },
      "name": "Não Cisto"
    },
    {
      "bounding_box": {
        "h": 30.67,
        "w": 30.67,
        "x": 273.99,
        "y": 230.03
      },
      "name": "Não Cisto"
    },
    {
      "bounding_box": {
        "h": 26.07,
        "w": 22.24,
        "x": 301.6,
        "y": 250.73
      },
      "name": "Não Cisto"
    },
    {
      "bounding_box": {
        "h": 26.07,
        "w": 29.9,
        "x": 560,
        "y": 374.19
      },
      "name": "Não Cisto"
    },
    {
      "bounding_box": {
        "h": 36.04,
        "w": 30.67,
        "x": 392.08,
        "y": 427.09
      },
      "name": "Não Cisto"
    }
  ]
}