{
  "dataset": "Cisto",
  "image": {
    "width": 640,
    "height": 480,
    "original_filename": "Cisto275.jpg",
    "filename": "Cisto275.jpg",
    "url": "https://darwin.v7labs.com/api/images/38438034/original",
    "thumbnail_url": "https://darwin.v7labs.com/api/images/38438034/thumbnail",
    "path": "/",
    "workview_url": "https://darwin.v7labs.com/workview?dataset=38016&image=373"
  },
  "annotations": [
    {
      "bounding_box": {
        "h": 37.57,
        "w": 46.77,
        "x": 234.12,
        "y": 3.83
      },
      "name": "Cisto Inviável"
    },
    {
      "bounding_box": {
        "h": 56.74,
        "w": 52.14,
        "x": 357.57,
        "y": 346.58
      },
      "name": "Não Cisto"
    },
    {
      "bounding_box": {
        "h": 44.47,
        "w": 32.2,
        "x": 107.6,
        "y": 220.83
      },
      "name": "Não Cisto"
    }
  ]
}