{
  "dataset": "Cisto",
  "image": {
    "width": 640,
    "height": 480,
    "original_filename": "Cisto177.jpg",
    "filename": "Cisto177.jpg",
    "url": "https://darwin.v7labs.com/api/images/38438082/original",
    "thumbnail_url": "https://darwin.v7labs.com/api/images/38438082/thumbnail",
    "path": "/",
    "workview_url": "https://darwin.v7labs.com/workview?dataset=38016&image=421"
  },
  "annotations": [
    {
      "bounding_box": {
        "h": 76.68,
        "w": 72.08,
        "x": 211.88,
        "y": 170.22
      },
      "name": "Cisto Viável"
    }
  ]
}