{
  "dataset": "Cisto",
  "image": {
    "width": 640,
    "height": 480,
    "original_filename": "Cisto8.jpg",
    "filename": "Cisto8.jpg",
    "url": "https://darwin.v7labs.com/api/images/38438110/original",
    "thumbnail_url": "https://darwin.v7labs.com/api/images/38438110/thumbnail",
    "path": "/",
    "workview_url": "https://darwin.v7labs.com/workview?dataset=38016&image=449"
  },
  "annotations": [
    {
      "bounding_box": {
        "h": 63.64,
        "w": 78.98,
        "x": 243.32,
        "y": 130.35
      },
      "name": "Cisto Viável"
    },
    {
      "bounding_box": {
        "h": 59.64,
        "w": 43.77,
        "x": 329.22,
        "y": 122.14
      },
      "name": "Cisto Viável"
    },
    {
      "bounding_box": {
        "h": 39.39,
        "w": 45.41,
        "x": 259.19,
        "y": 187.25
      },
      "name": "Cisto Inviável"
    }
  ]
}