{
  "dataset": "Cisto",
  "image": {
    "width": 640,
    "height": 480,
    "original_filename": "Cisto199.jpg",
    "filename": "Cisto199.jpg",
    "url": "https://darwin.v7labs.com/api/images/38438018/original",
    "thumbnail_url": "https://darwin.v7labs.com/api/images/38438018/thumbnail",
    "path": "/",
    "workview_url": "https://darwin.v7labs.com/workview?dataset=38016&image=357"
  },
  "annotations": [
    {
      "bounding_box": {
        "h": 62.24,
        "w": 84.79,
        "x": 268.49,
        "y": 261.51
      },
      "name": "Cisto Inviável"
    },
    {
      "bounding_box": {
        "h": 45.1,
        "w": 65.85,
        "x": 391.17,
        "y": 301.21
      },
      "name": "Cisto Inviável"
    },
    {
      "bounding_box": {
        "h": 52.32,
        "w": 43.3,
        "x": 316.3,
        "y": 1.72
      },
      "name": "Cisto Inviável"
    },
    {
      "bounding_box": {
        "h": 40.59,
        "w": 58.63,
        "x": 390.27,
        "y": 97.34
      },
      "name": "Cisto Inviável"
    },
    {
      "bounding_box": {
        "h": 43.3,
        "w": 54.12,
        "x": 355.09,
        "y": 286.77
      },
      "name": "Cisto Viável"
    },
    {
      "bounding_box": {
        "h": 37.89,
        "w": 55.93,
        "x": 408.31,
        "y": 345.41
      },
      "name": "Cisto Viável"
    },
    {
      "bounding_box": {
        "h": 55.93,
        "w": 49.61,
        "x": 348.78,
        "y": 366.15
      },
      "name": "Cisto Viável"
    },
    {
      "bounding_box": {
        "h": 64.95,
        "w": 40.59,
        "x": 395.68,
        "y": 374.27
      },
      "name": "Cisto Viável"
    },
    {
      "bounding_box": {
        "h": 48.71,
        "w": 36.08,
        "x": 355.09,
        "y": 83.81
      },
      "name": "Cisto Viável"
    },
    {
      "bounding_box": {
        "h": 46.01,
        "w": 45.1,
        "x": 382.15,
        "y": 128.91
      },
      "name": "Cisto Viável"
    },
    {
      "bounding_box": {
        "h": 36.98,
        "w": 46.91,
        "x": 545.43,
        "y": 2.62
      },
      "name": "Cisto Viável"
    }
  ]
}