{
  "dataset": "Cisto",
  "image": {
    "width": 640,
    "height": 480,
    "original_filename": "Cisto381.jpg",
    "filename": "Cisto381.jpg",
    "url": "https://darwin.v7labs.com/api/images/38437685/original",
    "thumbnail_url": "https://darwin.v7labs.com/api/images/38437685/thumbnail",
    "path": "/",
    "workview_url": "https://darwin.v7labs.com/workview?dataset=38016&image=24"
  },
  "annotations": [
    {
      "bounding_box": {
        "h": 49.31,
        "w": 39.83,
        "x": 244.9,
        "y": 18.2
      },
      "name": "Não Cisto"
    },
    {
      "bounding_box": {
        "h": 50.26,
        "w": 47.42,
        "x": 315.07,
        "y": 40.02
      },
      "name": "Não Cisto"
    },
    {
      "bounding_box": {
        "h": 49.31,
        "w": 35.09,
        "x": 351.11,
        "y": 3.98
      },
      "name": "Não Cisto"
    },
    {
      "bounding_box": {
        "h": 56.9,
        "w": 52.16,
        "x": 567.33,
        "y": 25.79
      },
      "name": "Não Cisto"
    },
    {
      "bounding_box": {
        "h": 50.26,
        "w": 52.16,
        "x": 457.32,
        "y": 161.4
      },
      "name": "Não Cisto"
    },
    {
      "bounding_box": {
        "h": 47.42,
        "w": 48.36,
        "x": 510.43,
        "y": 200.28
      },
      "name": "Não Cisto"
    },
    {
      "bounding_box": {
        "h": 67.33,
        "w": 51.21,
        "x": 93.17,
        "y": 183.21
      },
      "name": "Não Cisto"
    },
    {
      "bounding_box": {
        "h": 52.16,
        "w": 44.57,
        "x": 22.04,
        "y": 159.5
      },
      "name": "Não Cisto"
    },
    {
      "bounding_box": {
        "h": 53.11,
        "w": 43.62,
        "x": 6.87,
        "y": 287.53
      },
      "name": "Não Cisto"
    },
    {
      "bounding_box": {
        "h": 85.35,
        "w": 88.19,
        "x": 1.18,
        "y": 395.64
      },
      "name": "Não Cisto"
    },
    {
      "bounding_box": {
        "h": 55.95,
        "w": 78.71,
        "x": 316.97,
        "y": 307.44
      },
      "name": "Não Cisto"
    },
    {
      "bounding_box": {
        "h": 64.49,
        "w": 87.25,
        "x": 271.45,
        "y": 257.18
      },
      "name": "Não Cisto"
    },
    {
      "bounding_box": {
        "h": 119.49,
        "w": 79.66,
        "x": 153.86,
        "y": 135.8
      },
      "name": "Não Cisto"
    },
    {
      "bounding_box": {
        "h": 81.56,
        "w": 85.35,
        "x": 250.59,
        "y": 74.16
      },
      "name": "Não Cisto"
    },
    {
      "bounding_box": {
        "h": 27.5,
        "w": 45.52,
        "x": 208.86,
        "y": 70.36
      },
      "name": "Não Cisto"
    },
    {
      "bounding_box": {
        "h": 32.24,
        "w": 31.29,
        "x": 175.67,
        "y": 39.07
      },
      "name": "Não Cisto"
    },
    {
      "bounding_box": {
        "h": 23.9,
        "w": 25.39,
        "x": 378.62,
        "y": 277.49
      },
      "name": "Cisto Inviável"
    },
    {
      "bounding_box": {
        "h": 44.76,
        "w": 44.76,
        "x": 458.12,
        "y": 100.8
      },
      "name": "Cisto Inviável"
    },
    {
      "bounding_box": {
        "h": 46.58,
        "w": 39.28,
        "x": 154.86,
        "y": 331.9
      },
      "name": "Cisto Viável"
    },
    {
      "bounding_box": {
        "h": 17.09,
        "w": 22.98,
        "x": 278.94,
        "y": 228.66
      },
      "name": "Cisto Viável"
    },
    {
      "bounding_box": {
        "h": 52.22,
        "w": 54.97,
        "x": 498.23,
        "y": 291.81
      },
      "name": "Não Cisto"
    },
    {
      "bounding_box": {
        "h": 44.64,
        "w": 40.06,
        "x": 249.21,
        "y": 371.89
      },
      "name": "Não Cisto"
    },
    {
      "bounding_box": {
        "h": 24.32,
        "w": 23.51,
        "x": 407.69,
        "y": 115.65
      },
      "name": "Não Cisto"
    }
  ]
}