{
  "dataset": "Cisto",
  "image": {
    "width": 640,
    "height": 480,
    "original_filename": "Cisto102.jpg",
    "filename": "Cisto102.jpg",
    "url": "https://darwin.v7labs.com/api/images/38437936/original",
    "thumbnail_url": "https://darwin.v7labs.com/api/images/38437936/thumbnail",
    "path": "/",
    "workview_url": "https://darwin.v7labs.com/workview?dataset=38016&image=275"
  },
  "annotations": [
    {
      "bounding_box": {
        "h": 39.74,
        "w": 42.48,
        "x": 257.48,
        "y": 164.48
      },
      "name": "Cisto Viável"
    },
    {
      "bounding_box": {
        "h": 65.64,
        "w": 67.88,
        "x": -0.44,
        "y": 184.69
      },
      "name": "Não Cisto"
    },
    {
      "bounding_box": {
        "h": 56.1,
        "w": 40.95,
        "x": 94.93,
        "y": 117.37
      },
      "name": "Não Cisto"
    },
    {
      "bounding_box": {
        "h": 53.85,
        "w": 65.64,
        "x": 379.91,
        "y": 233.49
      },
      "name": "Não Cisto"
    },
    {
      "bounding_box": {
        "h": 39.27,
        "w": 51.05,
        "x": 503.33,
        "y": 232.37
      },
      "name": "Não Cisto"
    }
  ]
}