{
  "dataset": "Cisto",
  "image": {
    "width": 640,
    "height": 480,
    "original_filename": "Cisto148.jpg",
    "filename": "Cisto148.jpg",
    "url": "https://darwin.v7labs.com/api/images/38437945/original",
    "thumbnail_url": "https://darwin.v7labs.com/api/images/38437945/thumbnail",
    "path": "/",
    "workview_url": "https://darwin.v7labs.com/workview?dataset=38016&image=284"
  },
  "annotations": [
    {
      "bounding_box": {
        "h": 39.87,
        "w": 46.77,
        "x": 347.6,
        "y": 207.03
      },
      "name": "Cisto Viável"
    }
  ]
}