{
  "dataset": "Cisto",
  "image": {
    "width": 640,
    "height": 480,
    "original_filename": "Cisto20.jpg",
    "filename": "Cisto20.jpg",
    "url": "https://darwin.v7labs.com/api/images/38438106/original",
    "thumbnail_url": "https://darwin.v7labs.com/api/images/38438106/thumbnail",
    "path": "/",
    "workview_url": "https://darwin.v7labs.com/workview?dataset=38016&image=445"
  },
  "annotations": [
    {
      "bounding_box": {
        "h": 55.97,
        "w": 45.24,
        "x": 250.22,
        "y": 147.99
      },
      "name": "Cisto Viável"
    },
    {
      "bounding_box": {
        "h": 42.17,
        "w": 37.57,
        "x": 291.63,
        "y": 181.73
      },
      "name": "Cisto Viável"
    },
    {
      "bounding_box": {
        "h": 32.15,
        "w": 53.0,
        "x": 184.76,
        "y": -2.47
      },
      "name": "Cisto Inviável"
    }
  ]
}