{
  "dataset": "Cisto",
  "image": {
    "width": 640,
    "height": 480,
    "original_filename": "Cisto501.jpg",
    "filename": "Cisto501.jpg",
    "url": "https://darwin.v7labs.com/api/images/38435374/original",
    "thumbnail_url": "https://darwin.v7labs.com/api/images/38435374/thumbnail",
    "path": "/",
    "workview_url": "https://darwin.v7labs.com/workview?dataset=38016&image=1"
  },
  "annotations": [
    {
      "bounding_box": {
        "h": 54.91,
        "w": 62.64,
        "x": 295.87,
        "y": 415.89
      },
      "name": "Cisto Viável"
    },
    {
      "bounding_box": {
        "h": 65.42,
        "w": 50.12,
        "x": 160.98,
        "y": 47.22
      },
      "name": "Cisto Viável"
    },
    {
      "bounding_box": {
        "h": 34.99,
        "w": 33.31,
        "x": 303.47,
        "y": 112.96
      },
      "name": "Não Cisto"
    },
    {
      "bounding_box": {
        "h": 40.0,
        "w": 58.63,
        "x": 183.05,
        "y": 202.47
      },
      "name": "Cisto Inviável"
    },
    {
      "bounding_box": {
        "h": 35.94,
        "w": 37.81,
        "x": 323.21,
        "y": 333.2
      },
      "name": "Não Cisto"
    },
    {
      "bounding_box": {
        "h": 58.9,
        "w": 48.47,
        "x": 202.41,
        "y": 18.86
      },
      "name": "Cisto Inviável"
    },
    {
      "bounding_box": {
        "h": 45.09,
        "w": 54.96,
        "x": 235.39,
        "y": 56.91
      },
      "name": "Cisto Viável"
    },
    {
      "bounding_box": {
        "h": 46.82,
        "w": 47.31,
        "x": 255.61,
        "y": 9.92
      },
      "name": "Cisto Inviável"
    },
    {
      "bounding_box": {
        "h": 46.38,
        "w": 49.16,
        "x": 406.95,
        "y": 419.81
      },
      "name": "Cisto Viável"
    },
    {
      "bounding_box": {
        "h": 14.01,
        "w": 19.93,
        "x": 434.25,
        "y": 465.71
      },
      "name": "Não Cisto"
    },
    {
      "bounding_box": {
        "h": 28.24,
        "w": 28.38,
        "x": 352.44,
        "y": 392.37
      },
      "name": "Não Cisto"
    },
    {
      "bounding_box": {
        "h": 30.45,
        "w": 25.54,
        "x": 354.0,
        "y": 304.11
      },
      "name": "Não Cisto"
    },
    {
      "bounding_box": {
        "h": 32.72,
        "w": 44.52,
        "x": 254.42,
        "y": 321.24
      },
      "name": "Cisto Viável"
    },
    {
      "bounding_box": {
        "h": 21.69,
        "w": 24.48,
        "x": 170.45,
        "y": 341.53
      },
      "name": "Não Cisto"
    },
    {
      "bounding_box": {
        "h": 31.5,
        "w": 23.32,
        "x": 307.46,
        "y": 371.98
      },
      "name": "Não Cisto"
    },
    {
      "bounding_box": {
        "h": 14.91,
        "w": 24.1,
        "x": 308.94,
        "y": 283.26
      },
      "name": "Não Cisto"
    },
    {
      "bounding_box": {
        "h": 22.83,
        "w": 33.46,
        "x": 309.1,
        "y": 297.37
      },
      "name": "Não Cisto"
    },
    {
      "bounding_box": {
        "h": 23.79,
        "w": 27.37,
        "x": 268.13,
        "y": 298.23
      },
      "name": "Não Cisto"
    },
    {
      "bounding_box": {
        "h": 61.06,
        "w": 39.45,
        "x": 276.95,
        "y": 235.76
      },
      "name": "Não Cisto"
    },
    {
      "bounding_box": {
        "h": 47.58,
        "w": 52.14,
        "x": 218.66,
        "y": 250.04
      },
      "name": "Não Cisto"
    },
    {
      "bounding_box": {
        "h": 29.54,
        "w": 28.94,
        "x": 189.72,
        "y": 247.06
      },
      "name": "Não Cisto"
    },
    {
      "bounding_box": {
        "h": 51.01,
        "w": 37.54,
        "x": 283.38,
        "y": 183.9
      },
      "name": "Não Cisto"
    }
  ]
}