{
  "dataset": "Cisto",
  "image": {
    "width": 640,
    "height": 480,
    "original_filename": "Cisto37.jpg",
    "filename": "Cisto37.jpg",
    "url": "https://darwin.v7labs.com/api/images/38438101/original",
    "thumbnail_url": "https://darwin.v7labs.com/api/images/38438101/thumbnail",
    "path": "/",
    "workview_url": "https://darwin.v7labs.com/workview?dataset=38016&image=440"
  },
  "annotations": [
    {
      "bounding_box": {
        "h": 40.64,
        "w": 52.14,
        "x": 71.57,
        "y": 173.29
      },
      "name": "Cisto Viável"
    },
    {
      "bounding_box": {
        "h": 47.54,
        "w": 49.84,
        "x": 122.94,
        "y": 168.69
      },
      "name": "Cisto Viável"
    },
    {
      "bounding_box": {
        "h": 59.04,
        "w": 46.77,
        "x": 183.51,
        "y": 81.28
      },
      "name": "Cisto Viável"
    },
    {
      "bounding_box": {
        "h": 51.37,
        "w": 71.31,
        "x": 425.81,
        "y": 305.18
      },
      "name": "Cisto Viável"
    },
    {
      "bounding_box": {
        "h": 38.51,
        "w": 30.4,
        "x": 364.85,
        "y": 187.56
      },
      "name": "Cisto Viável"
    },
    {
      "bounding_box": {
        "h": 37.59,
        "w": 34.78,
        "x": 97.9,
        "y": 211.46
      },
      "name": "Cisto Inviável"
    },
    {
      "bounding_box": {
        "h": 26.93,
        "w": 24.68,
        "x": 188.22,
        "y": 161.54
      },
      "name": "Não Cisto"
    },
    {
      "bounding_box": {
        "h": 31.65,
        "w": 44.67,
        "x": 321.28,
        "y": 193.99
      },
      "name": "Cisto Inviável"
    }
  ]
}