{
  "dataset": "Cisto",
  "image": {
    "width": 640,
    "height": 480,
    "original_filename": "Cisto306.jpg",
    "filename": "Cisto306.jpg",
    "url": "https://darwin.v7labs.com/api/images/38437739/original",
    "thumbnail_url": "https://darwin.v7labs.com/api/images/38437739/thumbnail",
    "path": "/",
    "workview_url": "https://darwin.v7labs.com/workview?dataset=38016&image=78"
  },
  "annotations": [
    {
      "bounding_box": {
        "h": 38.0,
        "w": 48.51,
        "x": 222.45,
        "y": 148.75
      },
      "name": "Cisto Viável"
    },
    {
      "bounding_box": {
        "h": 34.76,
        "w": 46.08,
        "x": 474.68,
        "y": 249.81
      },
      "name": "Cisto Viável"
    },
    {
      "bounding_box": {
        "h": 38.0,
        "w": 39.61,
        "x": 580.59,
        "y": 162.5
      },
      "name": "Cisto Viável"
    },
    {
      "bounding_box": {
        "h": 50.12,
        "w": 58.21,
        "x": 280.66,
        "y": 77.61
      },
      "name": "Cisto Viável"
    },
    {
      "bounding_box": {
        "h": 38.0,
        "w": 37.19,
        "x": 136.76,
        "y": 123.69
      },
      "name": "Cisto Viável"
    },
    {
      "bounding_box": {
        "h": 42.04,
        "w": 46.89,
        "x": 107.65,
        "y": 95.4
      },
      "name": "Cisto Viável"
    },
    {
      "bounding_box": {
        "h": 34.76,
        "w": 50.12,
        "x": 120.59,
        "y": 156.84
      },
      "name": "Cisto Viável"
    },
    {
      "bounding_box": {
        "h": 22.64,
        "w": 30.72,
        "x": 55.92,
        "y": 66.29
      },
      "name": "Cisto Viável"
    },
    {
      "bounding_box": {
        "h": 50.12,
        "w": 67.91,
        "x": 469.02,
        "y": 129.35
      },
      "name": "Cisto Inviável"
    },
    {
      "bounding_box": {
        "h": 58.21,
        "w": 62.25,
        "x": 70.47,
        "y": 156.03
      },
      "name": "Cisto Viável"
    },
    {
      "bounding_box": {
        "h": 47.7,
        "w": 55.78,
        "x": 225.69,
        "y": 189.18
      },
      "name": "Cisto Viável"
    },
    {
      "bounding_box": {
        "h": 29.91,
        "w": 24.25,
        "x": 391.41,
        "y": 138.24
      },
      "name": "Cisto Viável"
    },
    {
      "bounding_box": {
        "h": 24.25,
        "w": 33.15,
        "x": 9.03,
        "y": 169.77
      },
      "name": "Não Cisto"
    },
    {
      "bounding_box": {
        "h": 27.49,
        "w": 42.04,
        "x": 16.3,
        "y": 18.6
      },
      "name": "Não Cisto"
    },
    {
      "bounding_box": {
        "h": 80.03,
        "w": 31.53,
        "x": 381.71,
        "y": 58.21
      },
      "name": "Não Cisto"
    },
    {
      "bounding_box": {
        "h": 67.1,
        "w": 156.84,
        "x": 435.88,
        "y": 184.32
      },
      "name": "Não Cisto"
    },
    {
      "bounding_box": {
        "h": 31.53,
        "w": 41.23,
        "x": 462.56,
        "y": 219.9
      },
      "name": "Cisto Viável"
    },
    {
      "bounding_box": {
        "h": 60.63,
        "w": 96.2,
        "x": 29.24,
        "y": 211.81
      },
      "name": "Não Cisto"
    },
    {
      "bounding_box": {
        "h": 49.31,
        "w": 67.1,
        "x": 135.14,
        "y": 225.55
      },
      "name": "Não Cisto"
    },
    {
      "bounding_box": {
        "h": 62.25,
        "w": 58.21,
        "x": 182.84,
        "y": 233.64
      },
      "name": "Não Cisto"
    },
    {
      "bounding_box": {
        "h": 59.02,
        "w": 89.74,
        "x": 148.08,
        "y": 179.47
      },
      "name": "Não Cisto"
    },
    {
      "bounding_box": {
        "h": 30.72,
        "w": 35.57,
        "x": 173.95,
        "y": 159.26
      },
      "name": "Cisto Inviável"
    },
    {
      "bounding_box": {
        "h": 40.56,
        "w": 38.19,
        "x": 83.14,
        "y": 65.19
      },
      "name": "Não Cisto"
    },
    {
      "bounding_box": {
        "h": 66.61,
        "w": 75.22,
        "x": 321.1,
        "y": 135.24
      },
      "name": "Não Cisto"
    }
  ]
}