{
  "dataset": "Cisto",
  "image": {
    "width": 640,
    "height": 480,
    "original_filename": "Cisto331.jpg",
    "filename": "Cisto331.jpg",
    "url": "https://darwin.v7labs.com/api/images/38437712/original",
    "thumbnail_url": "https://darwin.v7labs.com/api/images/38437712/thumbnail",
    "path": "/",
    "workview_url": "https://darwin.v7labs.com/workview?dataset=38016&image=51"
  },
  "annotations": [
    {
      "bounding_box": {
        "h": 46.77,
        "w": 49.07,
        "x": 150.54,
        "y": 304.41
      },
      "name": "Não Cisto"
    },
    {
      "bounding_box": {
        "h": 41.41,
        "w": 37.57,
        "x": 381.34,
        "y": 248.43
      },
      "name": "Não Cisto"
    },
    {
      "bounding_box": {
        "h": 22.24,
        "w": 31.44,
        "x": 300.83,
        "y": 31.44
      },
      "name": "Não Cisto"
    },
    {
      "bounding_box": {
        "h": 31.44,
        "w": 36.81,
        "x": 350.67,
        "y": 68.24
      },
      "name": "Não Cisto"
    },
    {
      "bounding_box": {
        "h": 72.84,
        "w": 44.47,
        "x": 395.14,
        "y": 99.68
      },
      "name": "Não Cisto"
    },
    {
      "bounding_box": {
        "h": 36.81,
        "w": 59.81,
        "x": 344.54,
        "y": 98.91
      },
      "name": "Cisto Inviável"
    },
    {
      "bounding_box": {
        "h": 28.7,
        "w": 35.45,
        "x": 366.65,
        "y": 159.53
      },
      "name": "Cisto Viável"
    }
  ]
}