{
  "dataset": "Cisto",
  "image": {
    "width": 640,
    "height": 480,
    "original_filename": "Cisto70.jpg",
    "filename": "Cisto70.jpg",
    "url": "https://darwin.v7labs.com/api/images/38438136/original",
    "thumbnail_url": "https://darwin.v7labs.com/api/images/38438136/thumbnail",
    "path": "/",
    "workview_url": "https://darwin.v7labs.com/workview?dataset=38016&image=475"
  },
  "annotations": [
    {
      "bounding_box": {
        "h": 46.01,
        "w": 41.41,
        "x": 132.14,
        "y": 93.55
      },
      "name": "Cisto Viável"
    },
    {
      "bounding_box": {
        "h": 48.31,
        "w": 42.17,
        "x": 298.53,
        "y": 91.25
      },
      "name": "Cisto Viável"
    },
    {
      "bounding_box": {
        "h": 43.71,
        "w": 52.91,
        "x": 329.97,
        "y": 344.28
      },
      "name": "Cisto Viável"
    },
    {
      "bounding_box": {
        "h": 42.17,
        "w": 49.07,
        "x": 243.32,
        "y": 401.02
      },
      "name": "Cisto Viável"
    },
    {
      "bounding_box": {
        "h": 30.67,
        "w": 33.74,
        "x": 405.88,
        "y": 418.66
      },
      "name": "Cisto Viável"
    },
    {
      "bounding_box": {
        "h": 39.87,
        "w": 40.64,
        "x": 380.58,
        "y": 285.24
      },
      "name": "Não Cisto"
    },
    {
      "bounding_box": {
        "h": 47.54,
        "w": 46.77,
        "x": 415.08,
        "y": 242.3
      },
      "name": "Não Cisto"
    },
    {
      "bounding_box": {
        "h": 36.04,
        "w": 56.74,
        "x": 444.22,
        "y": 145.69
      },
      "name": "Não Cisto"
    },
    {
      "bounding_box": {
        "h": 36.81,
        "w": 24.54,
        "x": 174.31,
        "y": 384.92
      },
      "name": "Não Cisto"
    },
    {
      "bounding_box": {
        "h": 30.67,
        "w": 36.81,
        "x": 198.08,
        "y": 368.05
      },
      "name": "Não Cisto"
    }
  ]
}