{
  "dataset": "Cisto",
  "image": {
    "width": 640,
    "height": 480,
    "original_filename": "Cisto473.jpg",
    "filename": "Cisto473.jpg",
    "url": "https://darwin.v7labs.com/api/images/38437849/original",
    "thumbnail_url": "https://darwin.v7labs.com/api/images/38437849/thumbnail",
    "path": "/",
    "workview_url": "https://darwin.v7labs.com/workview?dataset=38016&image=188"
  },
  "annotations": [
    {
      "bounding_box": {
        "h": 34.5,
        "w": 40.64,
        "x": 87.67,
        "y": 227.73
      },
      "name": "Cisto Viável"
    },
    {
      "bounding_box": {
        "h": 32.2,
        "w": 43.71,
        "x": 329.97,
        "y": 314.38
      },
      "name": "Cisto Viável"
    },
    {
      "bounding_box": {
        "h": 30.67,
        "w": 40.64,
        "x": 439.62,
        "y": 67.48
      },
      "name": "Cisto Viável"
    },
    {
      "bounding_box": {
        "h": 42.52,
        "w": 44.85,
        "x": 143.05,
        "y": 178.9
      },
      "name": "Cisto Inviável"
    },
    {
      "bounding_box": {
        "h": 42.01,
        "w": 27.63,
        "x": 260.28,
        "y": 311.17
      },
      "name": "Cisto Inviável"
    },
    {
      "bounding_box": {
        "h": 42.63,
        "w": 49.63,
        "x": 524.39,
        "y": 342.76
      },
      "name": "Cisto Inviável"
    },
    {
      "bounding_box": {
        "h": 16.54,
        "w": 35.63,
        "x": 311.22,
        "y": 286.13
      },
      "name": "Cisto Viável"
    },
    {
      "bounding_box": {
        "h": 35.63,
        "w": 54.09,
        "x": 63.69,
        "y": 296.31
      },
      "name": "Cisto Inviável"
    },
    {
      "bounding_box": {
        "h": 29.91,
        "w": 29.27,
        "x": 64.96,
        "y": 228.86
      },
      "name": "Cisto Inviável"
    },
    {
      "bounding_box": {
        "h": 30.63,
        "w": 52.59,
        "x": 443.27,
        "y": 325.32
      },
      "name": "Cisto Inviável"
    },
    {
      "bounding_box": {
        "h": 48.61,
        "w": 59.77,
        "x": 155.18,
        "y": 119.19
      },
      "name": "Não Cisto"
    },
    {
      "bounding_box": {
        "h": 26.3,
        "w": 27.89,
        "x": 86.64,
        "y": 143.89
      },
      "name": "Não Cisto"
    },
    {
      "bounding_box": {
        "h": 39.84,
        "w": 40.64,
        "x": 75.49,
        "y": 172.58
      },
      "name": "Não Cisto"
    },
    {
      "bounding_box": {
        "h": 58.17,
        "w": 43.03,
        "x": 251.6,
        "y": 119.99
      },
      "name": "Não Cisto"
    },
    {
      "bounding_box": {
        "h": 51.0,
        "w": 78.89,
        "x": 325.71,
        "y": 164.61
      },
      "name": "Não Cisto"
    }
  ]
}