{
  "dataset": "Cisto",
  "image": {
    "width": 640,
    "height": 480,
    "original_filename": "Cisto185.jpg",
    "filename": "Cisto185.jpg",
    "url": "https://darwin.v7labs.com/api/images/38437984/original",
    "thumbnail_url": "https://darwin.v7labs.com/api/images/38437984/thumbnail",
    "path": "/",
    "workview_url": "https://darwin.v7labs.com/workview?dataset=38016&image=323"
  },
  "annotations": [
    {
      "bounding_box": {
        "h": 58.96,
        "w": 38.52,
        "x": 18.2,
        "y": 76.24
      },
      "name": "Cisto Inviável"
    },
    {
      "bounding_box": {
        "h": 67.61,
        "w": 58.96,
        "x": 132.98,
        "y": 91.18
      },
      "name": "Cisto Inviável"
    },
    {
      "bounding_box": {
        "h": 58.18,
        "w": 70.76,
        "x": 290.22,
        "y": 217.75
      },
      "name": "Cisto Inviável"
    },
    {
      "bounding_box": {
        "h": 37.74,
        "w": 32.23,
        "x": 342.11,
        "y": 290.08
      },
      "name": "Cisto Inviável"
    },
    {
      "bounding_box": {
        "h": 42.44,
        "w": 31.95,
        "x": 145.85,
        "y": 271.85
      },
      "name": "Cisto Inviável"
    },
    {
      "bounding_box": {
        "h": 35.76,
        "w": 41.01,
        "x": 443.1,
        "y": 74.51
      },
      "name": "Cisto Inviável"
    },
    {
      "bounding_box": {
        "h": 41.67,
        "w": 47.17,
        "x": 353.62,
        "y": 156.35
      },
      "name": "Cisto Viável"
    },
    {
      "bounding_box": {
        "h": 24.37,
        "w": 37.74,
        "x": 321.38,
        "y": 324.59
      },
      "name": "Cisto Viável"
    },
    {
      "bounding_box": {
        "h": 53.69,
        "w": 26.65,
        "x": 345.24,
        "y": 330.36
      },
      "name": "Cisto Inviável"
    },
    {
      "bounding_box": {
        "h": 25.13,
        "w": 25.89,
        "x": 213.44,
        "y": 431.44
      },
      "name": "Cisto Viável"
    },
    {
      "bounding_box": {
        "h": 36.55,
        "w": 37.32,
        "x": 249.99,
        "y": 394.12
      },
      "name": "Cisto Viável"
    },
    {
      "bounding_box": {
        "h": 32.83,
        "w": 36.7,
        "x": 91.51,
        "y": 369.82
      },
      "name": "Não Cisto"
    },
    {
      "bounding_box": {
        "h": 30.42,
        "w": 34.28,
        "x": 317.0,
        "y": 362.09
      },
      "name": "Não Cisto"
    },
    {
      "bounding_box": {
        "h": 38.82,
        "w": 47.24,
        "x": 105.88,
        "y": 187.02
      },
      "name": "Cisto Viável"
    },
    {
      "bounding_box": {
        "h": 31.8,
        "w": 25.72,
        "x": 263.5,
        "y": 243.14
      },
      "name": "Cisto Inviável"
    }
  ]
}