{
  "dataset": "Cisto",
  "image": {
    "width": 640,
    "height": 480,
    "original_filename": "Cisto477.jpg",
    "filename": "Cisto477.jpg",
    "url": "https://darwin.v7labs.com/api/images/38437831/original",
    "thumbnail_url": "https://darwin.v7labs.com/api/images/38437831/thumbnail",
    "path": "/",
    "workview_url": "https://darwin.v7labs.com/workview?dataset=38016&image=170"
  },
  "annotations": [
    {
      "bounding_box": {
        "h": 66.1,
        "w": 47.56,
        "x": 293.85,
        "y": 160.81
      },
      "name": "Cisto Viável"
    },
    {
      "bounding_box": {
        "h": 68.52,
        "w": 60.46,
        "x": 551.8,
        "y": 313.96
      },
      "name": "Cisto Viável"
    },
    {
      "bounding_box": {
        "h": 43.14,
        "w": 57.33,
        "x": 212.28,
        "y": 25.88
      },
      "name": "Cisto Viável"
    },
    {
      "bounding_box": {
        "h": 35.69,
        "w": 34.2,
        "x": 204.37,
        "y": 152.24
      },
      "name": "Não Cisto"
    },
    {
      "bounding_box": {
        "h": 50.56,
        "w": 43.87,
        "x": 490.62,
        "y": 157.45
      },
      "name": "Não Cisto"
    },
    {
      "bounding_box": {
        "h": 38.66,
        "w": 33.46,
        "x": 363.48,
        "y": 196.11
      },
      "name": "Não Cisto"
    },
    {
      "bounding_box": {
        "h": 43.12,
        "w": 49.07,
        "x": 350.09,
        "y": 375.29
      },
      "name": "Não Cisto"
    },
    {
      "bounding_box": {
        "h": 32.71,
        "w": 35.69,
        "x": 231.13,
        "y": 99.45
      },
      "name": "Não Cisto"
    }
  ]
}