{
  "dataset": "Cisto",
  "image": {
    "width": 640,
    "height": 480,
    "original_filename": "Cisto498.jpg",
    "filename": "Cisto498.jpg",
    "url": "https://darwin.v7labs.com/api/images/38437668/original",
    "thumbnail_url": "https://darwin.v7labs.com/api/images/38437668/thumbnail",
    "path": "/",
    "workview_url": "https://darwin.v7labs.com/workview?dataset=38016&image=7"
  },
  "annotations": [
    {
      "bounding_box": {
        "h": 57.51,
        "w": 53.67,
        "x": 137.51,
        "y": 1.53
      },
      "name": "Não Cisto"
    },
    {
      "bounding_box": {
        "h": 46.77,
        "w": 44.47,
        "x": 218.79,
        "y": 23.0
      },
      "name": "Não Cisto"
    },
    {
      "bounding_box": {
        "h": 30.67,
        "w": 27.6,
        "x": 145.18,
        "y": 295.97
      },
      "name": "Não Cisto"
    },
    {
      "bounding_box": {
        "h": 45.24,
        "w": 43.71,
        "x": 74.63,
        "y": 218.53
      },
      "name": "Não Cisto"
    },
    {
      "bounding_box": {
        "h": 26.84,
        "w": 33.74,
        "x": 264.79,
        "y": 354.25
      },
      "name": "Não Cisto"
    },
    {
      "bounding_box": {
        "h": 37.57,
        "w": 33.74,
        "x": 516.29,
        "y": 203.19
      },
      "name": "Não Cisto"
    },
    {
      "bounding_box": {
        "h": 32.2,
        "w": 28.37,
        "x": 606.77,
        "y": 212.4
      },
      "name": "Não Cisto"
    },
    {
      "bounding_box": {
        "h": 67.48,
        "w": 48.31,
        "x": -0.51,
        "y": 243.83
      },
      "name": "Cisto Inviável"
    },
    {
      "bounding_box": {
        "h": 27.6,
        "w": 32.2,
        "x": 451.88,
        "y": 162.56
      },
      "name": "Cisto Inviável"
    },
    {
      "bounding_box": {
        "h": 56.74,
        "w": 51.37,
        "x": 312.33,
        "y": 270.67
      },
      "name": "Cisto Viável"
    }
  ]
}