{
  "dataset": "Cisto",
  "image": {
    "width": 640,
    "height": 480,
    "original_filename": "Cisto89.jpg",
    "filename": "Cisto89.jpg",
    "url": "https://darwin.v7labs.com/api/images/38437912/original",
    "thumbnail_url": "https://darwin.v7labs.com/api/images/38437912/thumbnail",
    "path": "/",
    "workview_url": "https://darwin.v7labs.com/workview?dataset=38016&image=251"
  },
  "annotations": [
    {
      "bounding_box": {
        "h": 49.07,
        "w": 50.61,
        "x": 193.48,
        "y": 78.21
      },
      "name": "Cisto Inviável"
    },
    {
      "bounding_box": {
        "h": 57.51,
        "w": 59.04,
        "x": 59.3,
        "y": 292.14
      },
      "name": "Cisto Inviável"
    },
    {
      "bounding_box": {
        "h": 48.31,
        "w": 39.87,
        "x": 93.04,
        "y": 170.22
      },
      "name": "Cisto Viável"
    },
    {
      "bounding_box": {
        "h": 30.67,
        "w": 33.74,
        "x": 159.74,
        "y": 182.49
      },
      "name": "Cisto Viável"
    },
    {
      "bounding_box": {
        "h": 45.88,
        "w": 55.71,
        "x": 408.49,
        "y": 112.83
      },
      "name": "Não Cisto"
    },
    {
      "bounding_box": {
        "h": 75.38,
        "w": 68.17,
        "x": 503.53,
        "y": 78.09
      },
      "name": "Não Cisto"
    },
    {
      "bounding_box": {
        "h": 94.39,
        "w": 59.65,
        "x": 396.69,
        "y": 199.35
      },
      "name": "Não Cisto"
    },
    {
      "bounding_box": {
        "h": 60.3,
        "w": 71.45,
        "x": 396.03,
        "y": 359.28
      },
      "name": "Não Cisto"
    },
    {
      "bounding_box": {
        "h": 60.96,
        "w": 47.19,
        "x": 354.09,
        "y": 425.49
      },
      "name": "Não Cisto"
    },
    {
      "bounding_box": {
        "h": 115.36,
        "w": 88.49,
        "x": 493.04,
        "y": 173.13
      },
      "name": "Não Cisto"
    }
  ]
}