{
  "dataset": "Cisto",
  "image": {
    "width": 640,
    "height": 480,
    "original_filename": "Cisto406.jpg",
    "filename": "Cisto406.jpg",
    "url": "https://darwin.v7labs.com/api/images/38437878/original",
    "thumbnail_url": "https://darwin.v7labs.com/api/images/38437878/thumbnail",
    "path": "/",
    "workview_url": "https://darwin.v7labs.com/workview?dataset=38016&image=217"
  },
  "annotations": [
    {
      "bounding_box": {
        "h": 67.3,
        "w": 74.93,
        "x": 303.86,
        "y": 42.33
      },
      "name": "Não Cisto"
    },
    {
      "bounding_box": {
        "h": 54.81,
        "w": 52.04,
        "x": 554.33,
        "y": 107.55
      },
      "name": "Não Cisto"
    },
    {
      "bounding_box": {
        "h": 57.59,
        "w": 104.76,
        "x": 326.76,
        "y": 306.67
      },
      "name": "Não Cisto"
    },
    {
      "bounding_box": {
        "h": 83.69,
        "w": 64.0,
        "x": 97.26,
        "y": 213.33
      },
      "name": "Não Cisto"
    },
    {
      "bounding_box": {
        "h": 47.93,
        "w": 54.65,
        "x": 317.05,
        "y": 204.55
      },
      "name": "Cisto Viável"
    },
    {
      "bounding_box": {
        "h": 34.04,
        "w": 35.84,
        "x": 272.25,
        "y": 225.6
      },
      "name": "Cisto Viável"
    },
    {
      "bounding_box": {
        "h": 25.09,
        "w": 20.61,
        "x": 255.23,
        "y": 252.48
      },
      "name": "Cisto Viável"
    },
    {
      "bounding_box": {
        "h": 46.37,
        "w": 48.39,
        "x": 194.45,
        "y": 305.37
      },
      "name": "Cisto Viável"
    },
    {
      "bounding_box": {
        "h": 36.32,
        "w": 42.43,
        "x": 413.97,
        "y": 119.48
      },
      "name": "Cisto Inviável"
    },
    {
      "bounding_box": {
        "h": 46.55,
        "w": 86.97,
        "x": 214.72,
        "y": 424.96
      },
      "name": "Cisto Inviável"
    }
  ]
}