{
  "dataset": "Cisto",
  "image": {
    "width": 640,
    "height": 480,
    "original_filename": "Cisto158.jpg",
    "filename": "Cisto158.jpg",
    "url": "https://darwin.v7labs.com/api/images/38438005/original",
    "thumbnail_url": "https://darwin.v7labs.com/api/images/38438005/thumbnail",
    "path": "/",
    "workview_url": "https://darwin.v7labs.com/workview?dataset=38016&image=344"
  },
  "annotations": [
    {
      "bounding_box": {
        "h": 55.21,
        "w": 60.58,
        "x": 293.16,
        "y": 170.22
      },
      "name": "Cisto Viável"
    },
    {
      "bounding_box": {
        "h": 46.01,
        "w": 48.31,
        "x": 165.88,
        "y": 237.7
      },
      "name": "Cisto Viável"
    },
    {
      "bounding_box": {
        "h": 55.39,
        "w": 51.13,
        "x": 570.31,
        "y": 57.21
      },
      "name": "Cisto Viável"
    },
    {
      "bounding_box": {
        "h": 30.53,
        "w": 24.98,
        "x": 434.25,
        "y": 68.95
      },
      "name": "Não Cisto"
    },
    {
      "bounding_box": {
        "h": 59.67,
        "w": 59.67,
        "x": 477.26,
        "y": 44.67
      },
      "name": "Não Cisto"
    }
  ]
}