{
  "dataset": "Cisto",
  "image": {
    "width": 640,
    "height": 480,
    "original_filename": "Cisto267.jpg",
    "filename": "Cisto267.jpg",
    "url": "https://darwin.v7labs.com/api/images/38438064/original",
    "thumbnail_url": "https://darwin.v7labs.com/api/images/38438064/thumbnail",
    "path": "/",
    "workview_url": "https://darwin.v7labs.com/workview?dataset=38016&image=403"
  },
  "annotations": [
    {
      "bounding_box": {
        "h": 75.14,
        "w": 62.11,
        "x": 249.46,
        "y": 209.33
      },
      "name": "Cisto Viável"
    }
  ]
}