{
  "dataset": "Cisto",
  "image": {
    "width": 640,
    "height": 480,
    "original_filename": "Cisto128.jpg",
    "filename": "Cisto128.jpg",
    "url": "https://darwin.v7labs.com/api/images/38437903/original",
    "thumbnail_url": "https://darwin.v7labs.com/api/images/38437903/thumbnail",
    "path": "/",
    "workview_url": "https://darwin.v7labs.com/workview?dataset=38016&image=242"
  },
  "annotations": [
    {
      "bounding_box": {
        "h": 50.15,
        "w": 50.15,
        "x": 242.08,
        "y": 208.56
      },
      "name": "Cisto Inviável"
    },
    {
      "bounding_box": {
        "h": 46.97,
        "w": 47.76,
        "x": 253.23,
        "y": 163.18
      },
      "name": "Cisto Viável"
    },
    {
      "bounding_box": {
        "h": 46.17,
        "w": 53.34,
        "x": 479.31,
        "y": 358.22
      },
      "name": "Cisto Viável"
    },
    {
      "bounding_box": {
        "h": 40.6,
        "w": 43.78,
        "x": 125.86,
        "y": 321.6
      },
      "name": "Cisto Viável"
    },
    {
      "bounding_box": {
        "h": 27.95,
        "w": 41.93,
        "x": 72.13,
        "y": 236.33
      },
      "name": "Cisto Viável"
    },
    {
      "bounding_box": {
        "h": 98.61,
        "w": 70.65,
        "x": 243.72,
        "y": 30.58
      },
      "name": "Não Cisto"
    },
    {
      "bounding_box": {
        "h": 76.09,
        "w": 41.15,
        "x": 347.76,
        "y": 54.65
      },
      "name": "Não Cisto"
    },
    {
      "bounding_box": {
        "h": 62.89,
        "w": 83.85,
        "x": 538.76,
        "y": 102.01
      },
      "name": "Não Cisto"
    },
    {
      "bounding_box": {
        "h": 44.26,
        "w": 41.93,
        "x": 429.29,
        "y": 173.44
      },
      "name": "Não Cisto"
    },
    {
      "bounding_box": {
        "h": 36.49,
        "w": 55.13,
        "x": 276.33,
        "y": 265.06
      },
      "name": "Não Cisto"
    },
    {
      "bounding_box": {
        "h": 39.6,
        "w": 49.69,
        "x": 217.33,
        "y": 391.62
      },
      "name": "Não Cisto"
    },
    {
      "bounding_box": {
        "h": 78.42,
        "w": 55.13,
        "x": 104.74,
        "y": 192.08
      },
      "name": "Não Cisto"
    }
  ]
}