{
  "dataset": "Cisto",
  "image": {
    "width": 640,
    "height": 480,
    "original_filename": "Cisto433.jpg",
    "filename": "Cisto433.jpg",
    "url": "https://darwin.v7labs.com/api/images/38437795/original",
    "thumbnail_url": "https://darwin.v7labs.com/api/images/38437795/thumbnail",
    "path": "/",
    "workview_url": "https://darwin.v7labs.com/workview?dataset=38016&image=134"
  },
  "annotations": [
    {
      "bounding_box": {
        "h": 41.45,
        "w": 45.66,
        "x": 136.26,
        "y": 213.14
      },
      "name": "Cisto Viável"
    },
    {
      "bounding_box": {
        "h": 39.34,
        "w": 34.42,
        "x": 337.18,
        "y": 210.33
      },
      "name": "Cisto Viável"
    },
    {
      "bounding_box": {
        "h": 30.91,
        "w": 40.75,
        "x": 427.1,
        "y": 216.66
      },
      "name": "Cisto Viável"
    },
    {
      "bounding_box": {
        "h": 47.07,
        "w": 41.45,
        "x": 451.69,
        "y": 247.57
      },
      "name": "Cisto Viável"
    },
    {
      "bounding_box": {
        "h": 48.47,
        "w": 46.37,
        "x": 561.99,
        "y": 225.09
      },
      "name": "Cisto Viável"
    },
    {
      "bounding_box": {
        "h": 37.23,
        "w": 34.42,
        "x": 602.74,
        "y": 251.78
      },
      "name": "Cisto Viável"
    },
    {
      "bounding_box": {
        "h": 27.4,
        "w": 42.15,
        "x": 240.23,
        "y": 248.97
      },
      "name": "Cisto Viável"
    },
    {
      "bounding_box": {
        "h": 48.47,
        "w": 56.91,
        "x": 283.79,
        "y": 225.09
      },
      "name": "Cisto Viável"
    },
    {
      "bounding_box": {
        "h": 30.26,
        "w": 32.79,
        "x": 86.01,
        "y": 194.2
      },
      "name": "Não Cisto"
    },
    {
      "bounding_box": {
        "h": 41.61,
        "w": 34.05,
        "x": 383.6,
        "y": 198.61
      },
      "name": "Não Cisto"
    },
    {
      "bounding_box": {
        "h": 56.11,
        "w": 52.96,
        "x": 369.1,
        "y": 250.94
      },
      "name": "Não Cisto"
    },
    {
      "bounding_box": {
        "h": 49.18,
        "w": 47.92,
        "x": 394.32,
        "y": 383.35
      },
      "name": "Não Cisto"
    },
    {
      "bounding_box": {
        "h": 47.29,
        "w": 124.84,
        "x": 444.76,
        "y": 326.6
      },
      "name": "Não Cisto"
    },
    {
      "bounding_box": {
        "h": 59.9,
        "w": 46.66,
        "x": 545.64,
        "y": 280.58
      },
      "name": "Não Cisto"
    },
    {
      "bounding_box": {
        "h": 56.74,
        "w": 27.74,
        "x": 585.99,
        "y": 399.74
      },
      "name": "Não Cisto"
    },
    {
      "bounding_box": {
        "h": 39.09,
        "w": 38.46,
        "x": 312.99,
        "y": 413.61
      },
      "name": "Não Cisto"
    },
    {
      "bounding_box": {
        "h": 36.57,
        "w": 57.37,
        "x": 199.5,
        "y": 357.5
      },
      "name": "Não Cisto"
    },
    {
      "bounding_box": {
        "h": 27.74,
        "w": 28.37,
        "x": 43.77,
        "y": 201.76
      },
      "name": "Não Cisto"
    },
    {
      "bounding_box": {
        "h": 41.61,
        "w": 42.87,
        "x": 199.5,
        "y": 200.5
      },
      "name": "Não Cisto"
    },
    {
      "bounding_box": {
        "h": 21.44,
        "w": 25.85,
        "x": 295.33,
        "y": 204.92
      },
      "name": "Não Cisto"
    }
  ]
}