{
  "dataset": "Cisto",
  "image": {
    "width": 640,
    "height": 480,
    "original_filename": "Cisto341.jpg",
    "filename": "Cisto341.jpg",
    "url": "https://darwin.v7labs.com/api/images/38437718/original",
    "thumbnail_url": "https://darwin.v7labs.com/api/images/38437718/thumbnail",
    "path": "/",
    "workview_url": "https://darwin.v7labs.com/workview?dataset=38016&image=57"
  },
  "annotations": [
    {
      "bounding_box": {
        "h": 33.74,
        "w": 72.08,
        "x": 130.61,
        "y": 249.2
      },
      "name": "Cisto Inviável"
    },
    {
      "bounding_box": {
        "h": 39.11,
        "w": 56.74,
        "x": 477.19,
        "y": 257.64
      },
      "name": "Cisto Inviável"
    },
    {
      "bounding_box": {
        "h": 47.54,
        "w": 48.31,
        "x": 541.6,
        "y": 288.31
      },
      "name": "Cisto Inviável"
    },
    {
      "bounding_box": {
        "h": 38.34,
        "w": 42.94,
        "x": 182.75,
        "y": 269.9
      },
      "name": "Cisto Viável"
    },
    {
      "bounding_box": {
        "h": 52.14,
        "w": 53.67,
        "x": 371.37,
        "y": 230.03
      },
      "name": "Cisto Viável"
    },
    {
      "bounding_box": {
        "h": 36.81,
        "w": 24.54,
        "x": 228.75,
        "y": 292.91
      },
      "name": "Não Cisto"
    },
    {
      "bounding_box": {
        "h": 22.24,
        "w": 26.07,
        "x": 282.43,
        "y": 286.01
      },
      "name": "Não Cisto"
    },
    {
      "bounding_box": {
        "h": 22.24,
        "w": 25.3,
        "x": 303.9,
        "y": 309.01
      },
      "name": "Não Cisto"
    },
    {
      "bounding_box": {
        "h": 36.04,
        "w": 37.57,
        "x": 303.9,
        "y": 260.7
      },
      "name": "Não Cisto"
    },
    {
      "bounding_box": {
        "h": 58.27,
        "w": 69.01,
        "x": 455.72,
        "y": 171.76
      },
      "name": "Não Cisto"
    },
    {
      "bounding_box": {
        "h": 25.3,
        "w": 33.74,
        "x": 338.4,
        "y": 292.14
      },
      "name": "Não Cisto"
    },
    {
      "bounding_box": {
        "h": 98.91,
        "w": 115.02,
        "x": 234.12,
        "y": 139.55
      },
      "name": "Não Cisto"
    },
    {
      "bounding_box": {
        "h": 90.75,
        "w": 75.24,
        "x": 85.33,
        "y": 155.5
      },
      "name": "Não Cisto"
    },
    {
      "bounding_box": {
        "h": 109.09,
        "w": 134.48,
        "x": 106.49,
        "y": 78.39
      },
      "name": "Não Cisto"
    },
    {
      "bounding_box": {
        "h": 101.57,
        "w": 31.98,
        "x": 58.05,
        "y": 125.88
      },
      "name": "Não Cisto"
    },
    {
      "bounding_box": {
        "h": 58.06,
        "w": 52.98,
        "x": 248.59,
        "y": 234.81
      },
      "name": "Não Cisto"
    }
  ]
}