{
  "dataset": "Cisto",
  "image": {
    "width": 640,
    "height": 480,
    "original_filename": "Cisto439.jpg",
    "filename": "Cisto439.jpg",
    "url": "https://darwin.v7labs.com/api/images/38437788/original",
    "thumbnail_url": "https://darwin.v7labs.com/api/images/38437788/thumbnail",
    "path": "/",
    "workview_url": "https://darwin.v7labs.com/workview?dataset=38016&image=127"
  },
  "annotations": [
    {
      "bounding_box": {
        "h": 44.58,
        "w": 46.17,
        "x": 362.53,
        "y": 110.9
      },
      "name": "Cisto Viável"
    },
    {
      "bounding_box": {
        "h": 54.93,
        "w": 43.78,
        "x": 197.74,
        "y": 131.6
      },
      "name": "Cisto Viável"
    },
    {
      "bounding_box": {
        "h": 39.01,
        "w": 34.23,
        "x": 261.43,
        "y": 114.09
      },
      "name": "Cisto Viável"
    },
    {
      "bounding_box": {
        "h": 39.8,
        "w": 50.95,
        "x": 241.52,
        "y": 64.73
      },
      "name": "Não Cisto"
    },
    {
      "bounding_box": {
        "h": 54.93,
        "w": 27.86,
        "x": 235.16,
        "y": 102.15
      },
      "name": "Não Cisto"
    },
    {
      "bounding_box": {
        "h": 31.84,
        "w": 35.03,
        "x": 150.77,
        "y": 372.81
      },
      "name": "Não Cisto"
    },
    {
      "bounding_box": {
        "h": 269.07,
        "w": 128.17,
        "x": 313.97,
        "y": 150.71
      },
      "name": "Não Cisto"
    },
    {
      "bounding_box": {
        "h": 99.51,
        "w": 62.89,
        "x": 554.38,
        "y": 143.54
      },
      "name": "Não Cisto"
    }
  ]
}