{
  "dataset": "Cisto",
  "image": {
    "width": 640,
    "height": 480,
    "original_filename": "Cisto71.jpg",
    "filename": "Cisto71.jpg",
    "url": "https://darwin.v7labs.com/api/images/38438156/original",
    "thumbnail_url": "https://darwin.v7labs.com/api/images/38438156/thumbnail",
    "path": "/",
    "workview_url": "https://darwin.v7labs.com/workview?dataset=38016&image=495"
  },
  "annotations": [
    {
      "bounding_box": {
        "h": 63.64,
        "w": 82.04,
        "x": 300.83,
        "y": 121.15
      },
      "name": "Cisto Viável"
    },
    {
      "bounding_box": {
        "h": 67.48,
        "w": 85.88,
        "x": 439.62,
        "y": 295.97
      },
      "name": "Cisto Inviável"
    }
  ]
}