{
  "dataset": "Cisto",
  "image": {
    "width": 640,
    "height": 480,
    "original_filename": "Cisto313.jpg",
    "filename": "Cisto313.jpg",
    "url": "https://darwin.v7labs.com/api/images/38437769/original",
    "thumbnail_url": "https://darwin.v7labs.com/api/images/38437769/thumbnail",
    "path": "/",
    "workview_url": "https://darwin.v7labs.com/workview?dataset=38016&image=108"
  },
  "annotations": [
    {
      "bounding_box": {
        "h": 66.54,
        "w": 45.63,
        "x": 135.65,
        "y": 12.08
      },
      "name": "Não Cisto"
    },
    {
      "bounding_box": {
        "h": 45.63,
        "w": 57.03,
        "x": 118.54,
        "y": 121.39
      },
      "name": "Não Cisto"
    },
    {
      "bounding_box": {
        "h": 48.48,
        "w": 45.63,
        "x": 263.97,
        "y": 186.97
      },
      "name": "Não Cisto"
    },
    {
      "bounding_box": {
        "h": 48.48,
        "w": 37.07,
        "x": 387.54,
        "y": 96.67
      },
      "name": "Não Cisto"
    },
    {
      "bounding_box": {
        "h": 70.34,
        "w": 65.59,
        "x": 546.27,
        "y": 133.74
      },
      "name": "Não Cisto"
    },
    {
      "bounding_box": {
        "h": 75.09,
        "w": 41.82,
        "x": 534.87,
        "y": 286.78
      },
      "name": "Não Cisto"
    },
    {
      "bounding_box": {
        "h": 36.12,
        "w": 34.22,
        "x": 565.28,
        "y": 411.3
      },
      "name": "Não Cisto"
    },
    {
      "bounding_box": {
        "h": 57.03,
        "w": 69.39,
        "x": 93.83,
        "y": 268.72
      },
      "name": "Não Cisto"
    },
    {
      "bounding_box": {
        "h": 104.56,
        "w": 45.63,
        "x": 58.66,
        "y": 273.47
      },
      "name": "Não Cisto"
    },
    {
      "bounding_box": {
        "h": 34.22,
        "w": 29.47,
        "x": 32.99,
        "y": 53.9
      },
      "name": "Não Cisto"
    },
    {
      "bounding_box": {
        "h": 28.52,
        "w": 44.67,
        "x": 41.55,
        "y": 85.27
      },
      "name": "Não Cisto"
    },
    {
      "bounding_box": {
        "h": 72.24,
        "w": 34.22,
        "x": 10.18,
        "y": 297.23
      },
      "name": "Não Cisto"
    },
    {
      "bounding_box": {
        "h": 42.77,
        "w": 31.37,
        "x": 71.96,
        "y": 414.15
      },
      "name": "Não Cisto"
    },
    {
      "bounding_box": {
        "h": 38.02,
        "w": 41.82,
        "x": 150.86,
        "y": 445.51
      },
      "name": "Não Cisto"
    },
    {
      "bounding_box": {
        "h": 52.28,
        "w": 60.83,
        "x": 447.42,
        "y": 373.27
      },
      "name": "Não Cisto"
    },
    {
      "bounding_box": {
        "h": 32.32,
        "w": 28.52,
        "x": 350.47,
        "y": 145.15
      },
      "name": "Não Cisto"
    },
    {
      "bounding_box": {
        "h": 69.39,
        "w": 70.34,
        "x": 340.96,
        "y": 220.24
      },
      "name": "Cisto Inviável"
    }
  ]
}