{
  "dataset": "Cisto",
  "image": {
    "width": 640,
    "height": 480,
    "original_filename": "Cisto393.jpg",
    "filename": "Cisto393.jpg",
    "url": "https://darwin.v7labs.com/api/images/38437813/original",
    "thumbnail_url": "https://darwin.v7labs.com/api/images/38437813/thumbnail",
    "path": "/",
    "workview_url": "https://darwin.v7labs.com/workview?dataset=38016&image=152"
  },
  "annotations": [
    {
      "bounding_box": {
        "h": 52.64,
        "w": 59.04,
        "x": 274.83,
        "y": 270.29
      },
      "name": "Cisto Inviável"
    },
    {
      "bounding_box": {
        "h": 60.47,
        "w": 50.51,
        "x": 14.47,
        "y": 297.33
      },
      "name": "Cisto Inviável"
    },
    {
      "bounding_box": {
        "h": 64.73,
        "w": 55.49,
        "x": 230.72,
        "y": 136.56
      },
      "name": "Cisto Viável"
    },
    {
      "bounding_box": {
        "h": 71.85,
        "w": 70.43,
        "x": 331.74,
        "y": 243.26
      },
      "name": "Cisto Viável"
    },
    {
      "bounding_box": {
        "h": 80.38,
        "w": 59.75,
        "x": 553.68,
        "y": 184.22
      },
      "name": "Cisto Viável"
    },
    {
      "bounding_box": {
        "h": 28.1,
        "w": 29.97,
        "x": 10.27,
        "y": 119.56
      },
      "name": "Não Cisto"
    },
    {
      "bounding_box": {
        "h": 44.02,
        "w": 29.03,
        "x": 73.02,
        "y": 173.88
      },
      "name": "Não Cisto"
    },
    {
      "bounding_box": {
        "h": 36.53,
        "w": 31.84,
        "x": 139.51,
        "y": 152.34
      },
      "name": "Não Cisto"
    },
    {
      "bounding_box": {
        "h": 29.97,
        "w": 29.97,
        "x": 174.16,
        "y": 148.59
      },
      "name": "Não Cisto"
    },
    {
      "bounding_box": {
        "h": 24.35,
        "w": 26.22,
        "x": 35.56,
        "y": 206.65
      },
      "name": "Não Cisto"
    },
    {
      "bounding_box": {
        "h": 33.72,
        "w": 41.21,
        "x": 454.19,
        "y": 167.32
      },
      "name": "Não Cisto"
    },
    {
      "bounding_box": {
        "h": 36.53,
        "w": 45.89,
        "x": 542.22,
        "y": 137.35
      },
      "name": "Não Cisto"
    },
    {
      "bounding_box": {
        "h": 55.26,
        "w": 84.29,
        "x": 387.7,
        "y": 375.23
      },
      "name": "Não Cisto"
    },
    {
      "bounding_box": {
        "h": 33.72,
        "w": 36.53,
        "x": 237.85,
        "y": 377.1
      },
      "name": "Não Cisto"
    },
    {
      "bounding_box": {
        "h": 43.08,
        "w": 52.45,
        "x": 275.31,
        "y": 380.85
      },
      "name": "Não Cisto"
    },
    {
      "bounding_box": {
        "h": 57.13,
        "w": 40.27,
        "x": 459.81,
        "y": 317.17
      },
      "name": "Não Cisto"
    },
    {
      "bounding_box": {
        "h": 55.26,
        "w": 50.57,
        "x": 539.41,
        "y": 416.44
      },
      "name": "Não Cisto"
    },
    {
      "bounding_box": {
        "h": 44.02,
        "w": 31.84,
        "x": 378.33,
        "y": 347.14
      },
      "name": "Não Cisto"
    }
  ]
}