{
  "dataset": "Cisto",
  "image": {
    "width": 640,
    "height": 480,
    "original_filename": "Cisto174.jpg",
    "filename": "Cisto174.jpg",
    "url": "https://darwin.v7labs.com/api/images/38437946/original",
    "thumbnail_url": "https://darwin.v7labs.com/api/images/38437946/thumbnail",
    "path": "/",
    "workview_url": "https://darwin.v7labs.com/workview?dataset=38016&image=285"
  },
  "annotations": [
    {
      "bounding_box": {
        "h": 43.71,
        "w": 49.07,
        "x": 583.0,
        "y": 200.89
      },
      "name": "Cisto Viável"
    },
    {
      "bounding_box": {
        "h": 37.57,
        "w": 45.24,
        "x": 491.76,
        "y": 197.06
      },
      "name": "Cisto Viável"
    },
    {
      "bounding_box": {
        "h": 45.24,
        "w": 46.01,
        "x": 451.88,
        "y": 190.16
      },
      "name": "Cisto Viável"
    },
    {
      "bounding_box": {
        "h": 37.57,
        "w": 36.81,
        "x": 234.12,
        "y": 304.41
      },
      "name": "Cisto Viável"
    },
    {
      "bounding_box": {
        "h": 32.2,
        "w": 35.27,
        "x": 200.38,
        "y": 313.61
      },
      "name": "Cisto Viável"
    },
    {
      "bounding_box": {
        "h": 42.17,
        "w": 32.97,
        "x": 278.59,
        "y": 277.57
      },
      "name": "Cisto Viável"
    },
    {
      "bounding_box": {
        "h": 23.88,
        "w": 27.1,
        "x": 304.7,
        "y": 265.93
      },
      "name": "Cisto Viável"
    },
    {
      "bounding_box": {
        "h": 35.83,
        "w": 55.5,
        "x": 393.46,
        "y": 107.75
      },
      "name": "Cisto Viável"
    },
    {
      "bounding_box": {
        "h": 27.06,
        "w": 30.19,
        "x": 217.85,
        "y": 349.88
      },
      "name": "Cisto Viável"
    },
    {
      "bounding_box": {
        "h": 52.61,
        "w": 60.47,
        "x": 67.13,
        "y": 326.11
      },
      "name": "Não Cisto"
    },
    {
      "bounding_box": {
        "h": 71.96,
        "w": 94.93,
        "x": 131.23,
        "y": 194.9
      },
      "name": "Não Cisto"
    },
    {
      "bounding_box": {
        "h": 62.28,
        "w": 50.79,
        "x": 371.89,
        "y": 278.95
      },
      "name": "Não Cisto"
    },
    {
      "bounding_box": {
        "h": 41.72,
        "w": 47.16,
        "x": 257.61,
        "y": 382.35
      },
      "name": "Não Cisto"
    },
    {
      "bounding_box": {
        "h": 84.64,
        "w": 46.58,
        "x": 598.95,
        "y": 98.22
      },
      "name": "Não Cisto"
    },
    {
      "bounding_box": {
        "h": 33.64,
        "w": 30.8,
        "x": 342.47,
        "y": 297.49
      },
      "name": "Não Cisto"
    },
    {
      "bounding_box": {
        "h": 68.91,
        "w": 51.07,
        "x": 361.11,
        "y": 173.86
      },
      "name": "Não Cisto"
    }
  ]
}