{
  "dataset": "Cisto",
  "image": {
    "width": 640,
    "height": 480,
    "original_filename": "Cisto216.jpg",
    "filename": "Cisto216.jpg",
    "url": "https://darwin.v7labs.com/api/images/38438041/original",
    "thumbnail_url": "https://darwin.v7labs.com/api/images/38438041/thumbnail",
    "path": "/",
    "workview_url": "https://darwin.v7labs.com/workview?dataset=38016&image=380"
  },
  "annotations": [
    {
      "bounding_box": {
        "h": 36.04,
        "w": 42.94,
        "x": 267.86,
        "y": 333.55
      },
      "name": "Cisto Viável"
    },
    {
      "bounding_box": {
        "h": 43.71,
        "w": 60.58,
        "x": 308.5,
        "y": 293.67
      },
      "name": "Cisto Viável"
    },
    {
      "bounding_box": {
        "h": 42.94,
        "w": 49.84,
        "x": 325.37,
        "y": 253.04
      },
      "name": "Cisto Viável"
    },
    {
      "bounding_box": {
        "h": 78.98,
        "w": 82.04,
        "x": 509.39,
        "y": 316.68
      },
      "name": "Não Cisto"
    }
  ]
}