{
  "dataset": "Cisto",
  "image": {
    "width": 640,
    "height": 480,
    "original_filename": "Cisto417.jpg",
    "filename": "Cisto417.jpg",
    "url": "https://darwin.v7labs.com/api/images/38437819/original",
    "thumbnail_url": "https://darwin.v7labs.com/api/images/38437819/thumbnail",
    "path": "/",
    "workview_url": "https://darwin.v7labs.com/workview?dataset=38016&image=158"
  },
  "annotations": [
    {
      "bounding_box": {
        "h": 51.52,
        "w": 56.73,
        "x": 217.19,
        "y": -1.79
      },
      "name": "Cisto Viável"
    },
    {
      "bounding_box": {
        "h": 58.08,
        "w": 53.46,
        "x": 261.95,
        "y": 251.6
      },
      "name": "Cisto Viável"
    },
    {
      "bounding_box": {
        "h": 47.37,
        "w": 55.73,
        "x": 376.03,
        "y": 388.61
      },
      "name": "Cisto Viável"
    },
    {
      "bounding_box": {
        "h": 63.16,
        "w": 53.56,
        "x": 297.7,
        "y": 385.52
      },
      "name": "Cisto Viável"
    },
    {
      "bounding_box": {
        "h": 43.27,
        "w": 34.85,
        "x": 490.22,
        "y": 262.93
      },
      "name": "Cisto Viável"
    },
    {
      "bounding_box": {
        "h": 37.91,
        "w": 29.1,
        "x": 316.75,
        "y": 228.47
      },
      "name": "Cisto Viável"
    },
    {
      "bounding_box": {
        "h": 42.89,
        "w": 31.02,
        "x": 347.38,
        "y": 213.53
      },
      "name": "Cisto Viável"
    },
    {
      "bounding_box": {
        "h": 32.28,
        "w": 26.31,
        "x": 518.54,
        "y": 142.94
      },
      "name": "Cisto Viável"
    },
    {
      "bounding_box": {
        "h": 41.88,
        "w": 42.26,
        "x": 347.42,
        "y": 359.55
      },
      "name": "Cisto Inviável"
    },
    {
      "bounding_box": {
        "h": 67.88,
        "w": 71.86,
        "x": 243.56,
        "y": 38.51
      },
      "name": "Não Cisto"
    },
    {
      "bounding_box": {
        "h": 45.56,
        "w": 47.7,
        "x": 305.63,
        "y": 97.22
      },
      "name": "Não Cisto"
    },
    {
      "bounding_box": {
        "h": 39.44,
        "w": 40.97,
        "x": 371.37,
        "y": 102.73
      },
      "name": "Não Cisto"
    },
    {
      "bounding_box": {
        "h": 29.05,
        "w": 37.61,
        "x": 352.11,
        "y": 20.17
      },
      "name": "Não Cisto"
    },
    {
      "bounding_box": {
        "h": 48.92,
        "w": 50.15,
        "x": 369.23,
        "y": 49.22
      },
      "name": "Não Cisto"
    },
    {
      "bounding_box": {
        "h": 30.88,
        "w": 25.07,
        "x": 418.76,
        "y": 87.74
      },
      "name": "Não Cisto"
    },
    {
      "bounding_box": {
        "h": 16.82,
        "w": 20.18,
        "x": 418.76,
        "y": 120.46
      },
      "name": "Não Cisto"
    },
    {
      "bounding_box": {
        "h": 33.33,
        "w": 31.19,
        "x": 500.71,
        "y": 47.08
      },
      "name": "Não Cisto"
    },
    {
      "bounding_box": {
        "h": 20.49,
        "w": 23.24,
        "x": 410.51,
        "y": 140.34
      },
      "name": "Não Cisto"
    },
    {
      "bounding_box": {
        "h": 34.04,
        "w": 60.07,
        "x": 342.51,
        "y": 296.72
      },
      "name": "Não Cisto"
    },
    {
      "bounding_box": {
        "h": 20.02,
        "w": 18.36,
        "x": 380.22,
        "y": 229.98
      },
      "name": "Não Cisto"
    },
    {
      "bounding_box": {
        "h": 24.36,
        "w": 17.35,
        "x": 397.24,
        "y": 220.3
      },
      "name": "Não Cisto"
    },
    {
      "bounding_box": {
        "h": 21.03,
        "w": 22.69,
        "x": 513.71,
        "y": 307.74
      },
      "name": "Não Cisto"
    },
    {
      "bounding_box": {
        "h": 18.69,
        "w": 32.37,
        "x": 401.58,
        "y": 283.37
      },
      "name": "Não Cisto"
    },
    {
      "bounding_box": {
        "h": 27.37,
        "w": 39.71,
        "x": 396.57,
        "y": 255.67
      },
      "name": "Não Cisto"
    },
    {
      "bounding_box": {
        "h": 22.69,
        "w": 24.03,
        "x": 374.88,
        "y": 333.77
      },
      "name": "Não Cisto"
    },
    {
      "bounding_box": {
        "h": 36.04,
        "w": 42.38,
        "x": 398.58,
        "y": 344.45
      },
      "name": "Não Cisto"
    },
    {
      "bounding_box": {
        "h": 76.7,
        "w": 102.27,
        "x": 219.86,
        "y": 174.91
      },
      "name": "Não Cisto"
    },
    {
      "bounding_box": {
        "h": 20.01,
        "w": 38.43,
        "x": 441.2,
        "y": 450.77
      },
      "name": "Não Cisto"
    },
    {
      "bounding_box": {
        "h": 20.01,
        "w": 36.03,
        "x": 108.96,
        "y": 297.06
      },
      "name": "Não Cisto"
    }
  ]
}