{
  "dataset": "Cisto",
  "image": {
    "width": 640,
    "height": 480,
    "original_filename": "Cisto133.jpg",
    "filename": "Cisto133.jpg",
    "url": "https://darwin.v7labs.com/api/images/38437918/original",
    "thumbnail_url": "https://darwin.v7labs.com/api/images/38437918/thumbnail",
    "path": "/",
    "workview_url": "https://darwin.v7labs.com/workview?dataset=38016&image=257"
  },
  "annotations": [
    {
      "bounding_box": {
        "h": 76.68,
        "w": 57.51,
        "x": 224.92,
        "y": 332.78
      },
      "name": "Não Cisto"
    },
    {
      "bounding_box": {
        "h": 39.87,
        "w": 78.21,
        "x": 248.69,
        "y": 111.95
      },
      "name": "Não Cisto"
    },
    {
      "bounding_box": {
        "h": 69.01,
        "w": 55.21,
        "x": 390.54,
        "y": 145.69
      },
      "name": "Não Cisto"
    },
    {
      "bounding_box": {
        "h": 63.64,
        "w": 64.41,
        "x": 351.44,
        "y": 343.51
      },
      "name": "Cisto Viável"
    }
  ]
}