{
  "dataset": "Cisto",
  "image": {
    "width": 640,
    "height": 480,
    "original_filename": "Cisto222.jpg",
    "filename": "Cisto222.jpg",
    "url": "https://darwin.v7labs.com/api/images/38438038/original",
    "thumbnail_url": "https://darwin.v7labs.com/api/images/38438038/thumbnail",
    "path": "/",
    "workview_url": "https://darwin.v7labs.com/workview?dataset=38016&image=377"
  },
  "annotations": [
    {
      "bounding_box": {
        "h": 58.27,
        "w": 69.78,
        "x": 297.0,
        "y": 243.07
      },
      "name": "Cisto Viável"
    }
  ]
}