{
  "dataset": "Cisto",
  "image": {
    "width": 640,
    "height": 480,
    "original_filename": "Cisto265.jpg",
    "filename": "Cisto265.jpg",
    "url": "https://darwin.v7labs.com/api/images/38438040/original",
    "thumbnail_url": "https://darwin.v7labs.com/api/images/38438040/thumbnail",
    "path": "/",
    "workview_url": "https://darwin.v7labs.com/workview?dataset=38016&image=379"
  },
  "annotations": [
    {
      "bounding_box": {
        "h": 78.98,
        "w": 55.21,
        "x": 386.71,
        "y": 203.19
      },
      "name": "Cisto Viável"
    },
    {
      "bounding_box": {
        "h": 43.71,
        "w": 43.71,
        "x": 454.19,
        "y": 236.17
      },
      "name": "Cisto Viável"
    },
    {
      "bounding_box": {
        "h": 44.47,
        "w": 52.14,
        "x": 488.69,
        "y": 423.26
      },
      "name": "Cisto Viável"
    }
  ]
}