{
  "dataset": "Cisto",
  "image": {
    "width": 640,
    "height": 480,
    "original_filename": "Cisto173.jpg",
    "filename": "Cisto173.jpg",
    "url": "https://darwin.v7labs.com/api/images/38437955/original",
    "thumbnail_url": "https://darwin.v7labs.com/api/images/38437955/thumbnail",
    "path": "/",
    "workview_url": "https://darwin.v7labs.com/workview?dataset=38016&image=294"
  },
  "annotations": [
    {
      "bounding_box": {
        "h": 44.47,
        "w": 41.41,
        "x": 300.83,
        "y": 315.91
      },
      "name": "Não Cisto"
    },
    {
      "bounding_box": {
        "h": 38.34,
        "w": 42.94,
        "x": 341.47,
        "y": 375.72
      },
      "name": "Não Cisto"
    },
    {
      "bounding_box": {
        "h": 50.61,
        "w": 44.47,
        "x": 591.44,
        "y": 152.59
      },
      "name": "Não Cisto"
    },
    {
      "bounding_box": {
        "h": 39.87,
        "w": 31.44,
        "x": 605.24,
        "y": 204.73
      },
      "name": "Não Cisto"
    },
    {
      "bounding_box": {
        "h": 55.21,
        "w": 69.01,
        "x": 83.83,
        "y": 93.55
      },
      "name": "Cisto Inviável"
    },
    {
      "bounding_box": {
        "h": 73.61,
        "w": 75.91,
        "x": 320.77,
        "y": 199.36
      },
      "name": "Cisto Viável"
    }
  ]
}