{
  "dataset": "Cisto",
  "image": {
    "width": 640,
    "height": 480,
    "original_filename": "Cisto307.jpg",
    "filename": "Cisto307.jpg",
    "url": "https://darwin.v7labs.com/api/images/38437722/original",
    "thumbnail_url": "https://darwin.v7labs.com/api/images/38437722/thumbnail",
    "path": "/",
    "workview_url": "https://darwin.v7labs.com/workview?dataset=38016&image=61"
  },
  "annotations": [
    {
      "bounding_box": {
        "h": 95.85,
        "w": 177.89,
        "x": 7.16,
        "y": 212.4
      },
      "name": "Não Cisto"
    },
    {
      "bounding_box": {
        "h": 28.37,
        "w": 32.97,
        "x": 561.53,
        "y": 316.68
      },
      "name": "Não Cisto"
    },
    {
      "bounding_box": {
        "h": 34.5,
        "w": 34.5,
        "x": 553.1,
        "y": 278.34
      },
      "name": "Não Cisto"
    },
    {
      "bounding_box": {
        "h": 41.41,
        "w": 36.04,
        "x": 557.7,
        "y": 159.49
      },
      "name": "Não Cisto"
    },
    {
      "bounding_box": {
        "h": 22.24,
        "w": 17.64,
        "x": 596.04,
        "y": 135.72
      },
      "name": "Não Cisto"
    },
    {
      "bounding_box": {
        "h": 23.77,
        "w": 23.77,
        "x": 571.5,
        "y": 109.65
      },
      "name": "Não Cisto"
    },
    {
      "bounding_box": {
        "h": 30.67,
        "w": 46.77,
        "x": 579.17,
        "y": 199.36
      },
      "name": "Não Cisto"
    },
    {
      "bounding_box": {
        "h": 42.17,
        "w": 49.84,
        "x": 271.69,
        "y": 146.45
      },
      "name": "Cisto Viável"
    }
  ]
}