{
  "dataset": "Cisto",
  "image": {
    "width": 640,
    "height": 480,
    "original_filename": "Cisto465.jpg",
    "filename": "Cisto465.jpg",
    "url": "https://darwin.v7labs.com/api/images/38437832/original",
    "thumbnail_url": "https://darwin.v7labs.com/api/images/38437832/thumbnail",
    "path": "/",
    "workview_url": "https://darwin.v7labs.com/workview?dataset=38016&image=171"
  },
  "annotations": [
    {
      "bounding_box": {
        "h": 87.76,
        "w": 73.85,
        "x": 369.23,
        "y": 166.97
      },
      "name": "Não Cisto"
    },
    {
      "bounding_box": {
        "h": 52.13,
        "w": 45.18,
        "x": 229.34,
        "y": 219.1
      },
      "name": "Cisto Viável"
    },
    {
      "bounding_box": {
        "h": 42.17,
        "w": 34.22,
        "x": 26.93,
        "y": 143.54
      },
      "name": "Cisto Inviável"
    }
  ]
}