{
  "dataset": "Cisto",
  "image": {
    "width": 640,
    "height": 480,
    "original_filename": "Cisto87.jpg",
    "filename": "Cisto87.jpg",
    "url": "https://darwin.v7labs.com/api/images/38438002/original",
    "thumbnail_url": "https://darwin.v7labs.com/api/images/38438002/thumbnail",
    "path": "/",
    "workview_url": "https://darwin.v7labs.com/workview?dataset=38016&image=341"
  },
  "annotations": [
    {
      "bounding_box": {
        "h": 79.73,
        "w": 82.65,
        "x": 177.34,
        "y": 203.14
      },
      "name": "Cisto Viável"
    },
    {
      "bounding_box": {
        "h": 47.64,
        "w": 35.98,
        "x": 394.17,
        "y": 93.27
      },
      "name": "Não Cisto"
    },
    {
      "bounding_box": {
        "h": 62.23,
        "w": 71.95,
        "x": 314.44,
        "y": 376.21
      },
      "name": "Não Cisto"
    }
  ]
}