{
  "dataset": "Cisto",
  "image": {
    "width": 640,
    "height": 480,
    "original_filename": "Cisto377.jpg",
    "filename": "Cisto377.jpg",
    "url": "https://darwin.v7labs.com/api/images/38437740/original",
    "thumbnail_url": "https://darwin.v7labs.com/api/images/38437740/thumbnail",
    "path": "/",
    "workview_url": "https://darwin.v7labs.com/workview?dataset=38016&image=79"
  },
  "annotations": [
    {
      "bounding_box": {
        "h": 39.11,
        "w": 52.91,
        "x": 66.96,
        "y": 47.54
      },
      "name": "Não Cisto"
    },
    {
      "bounding_box": {
        "h": 88.95,
        "w": 87.41,
        "x": 52.4,
        "y": 85.11
      },
      "name": "Não Cisto"
    },
    {
      "bounding_box": {
        "h": 46.77,
        "w": 33.74,
        "x": 28.63,
        "y": 335.08
      },
      "name": "Não Cisto"
    },
    {
      "bounding_box": {
        "h": 42.94,
        "w": 43.71,
        "x": 186.58,
        "y": 207.03
      },
      "name": "Não Cisto"
    },
    {
      "bounding_box": {
        "h": 20.7,
        "w": 85.11,
        "x": 270.93,
        "y": 355.78
      },
      "name": "Não Cisto"
    },
    {
      "bounding_box": {
        "h": 61.34,
        "w": 69.01,
        "x": 515.53,
        "y": 190.93
      },
      "name": "Não Cisto"
    },
    {
      "bounding_box": {
        "h": 46.77,
        "w": 84.35,
        "x": 74.63,
        "y": 170.22
      },
      "name": "Cisto Viável"
    },
    {
      "bounding_box": {
        "h": 54.44,
        "w": 60.58,
        "x": 198.85,
        "y": 258.4
      },
      "name": "Cisto Viável"
    },
    {
      "bounding_box": {
        "h": 55.21,
        "w": 34.5,
        "x": 267.86,
        "y": 251.5
      },
      "name": "Cisto Viável"
    },
    {
      "bounding_box": {
        "h": 44.47,
        "w": 48.31,
        "x": 323.83,
        "y": 179.42
      },
      "name": "Cisto Viável"
    },
    {
      "bounding_box": {
        "h": 26.84,
        "w": 42.17,
        "x": 309.27,
        "y": 232.33
      },
      "name": "Cisto Viável"
    },
    {
      "bounding_box": {
        "h": 41.41,
        "w": 46.01,
        "x": 300.83,
        "y": 320.51
      },
      "name": "Cisto Viável"
    },
    {
      "bounding_box": {
        "h": 62.11,
        "w": 87.41,
        "x": 222.62,
        "y": 370.35
      },
      "name": "Cisto Viável"
    },
    {
      "bounding_box": {
        "h": 39.87,
        "w": 34.5,
        "x": 268.63,
        "y": 318.21
      },
      "name": "Cisto Viável"
    },
    {
      "bounding_box": {
        "h": 36.04,
        "w": 36.81,
        "x": 154.38,
        "y": 361.15
      },
      "name": "Cisto Inviável"
    },
    {
      "bounding_box": {
        "h": 85.88,
        "w": 93.55,
        "x": 78.47,
        "y": 309.78
      },
      "name": "Não Cisto"
    },
    {
      "bounding_box": {
        "h": 20.7,
        "w": 29.14,
        "x": 129.07,
        "y": 409.46
      },
      "name": "Não Cisto"
    },
    {
      "bounding_box": {
        "h": 24.54,
        "w": 31.44,
        "x": 444.98,
        "y": 179.42
      },
      "name": "Não Cisto"
    },
    {
      "bounding_box": {
        "h": 33.74,
        "w": 26.07,
        "x": 494.82,
        "y": 220.06
      },
      "name": "Não Cisto"
    },
    {
      "bounding_box": {
        "h": 27.6,
        "w": 26.07,
        "x": 473.35,
        "y": 203.96
      },
      "name": "Não Cisto"
    },
    {
      "bounding_box": {
        "h": 31.44,
        "w": 29.9,
        "x": 488.69,
        "y": 188.63
      },
      "name": "Não Cisto"
    }
  ]
}