{
  "dataset": "Cisto",
  "image": {
    "width": 640,
    "height": 480,
    "original_filename": "Cisto297.jpg",
    "filename": "Cisto297.jpg",
    "url": "https://darwin.v7labs.com/api/images/38437749/original",
    "thumbnail_url": "https://darwin.v7labs.com/api/images/38437749/thumbnail",
    "path": "/",
    "workview_url": "https://darwin.v7labs.com/workview?dataset=38016&image=88"
  },
  "annotations": [
    {
      "bounding_box": {
        "h": 44.47,
        "w": 49.07,
        "x": 210.35,
        "y": 157.96
      },
      "name": "Cisto Viável"
    },
    {
      "bounding_box": {
        "h": 25.3,
        "w": 24.54,
        "x": 321.53,
        "y": 16.1
      },
      "name": "Não Cisto"
    },
    {
      "bounding_box": {
        "h": 26.84,
        "w": 23.0,
        "x": 345.3,
        "y": 101.21
      },
      "name": "Não Cisto"
    },
    {
      "bounding_box": {
        "h": 25.3,
        "w": 21.47,
        "x": 488.69,
        "y": 111.18
      },
      "name": "Não Cisto"
    },
    {
      "bounding_box": {
        "h": 29.9,
        "w": 35.27,
        "x": 382.11,
        "y": 163.32
      },
      "name": "Não Cisto"
    },
    {
      "bounding_box": {
        "h": 25.3,
        "w": 23.77,
        "x": 428.12,
        "y": 252.27
      },
      "name": "Não Cisto"
    },
    {
      "bounding_box": {
        "h": 23.77,
        "w": 29.9,
        "x": 549.27,
        "y": 266.07
      },
      "name": "Não Cisto"
    },
    {
      "bounding_box": {
        "h": 93.55,
        "w": 112.72,
        "x": 347.6,
        "y": 294.44
      },
      "name": "Não Cisto"
    },
    {
      "bounding_box": {
        "h": 21.47,
        "w": 33.74,
        "x": 272.46,
        "y": 358.08
      },
      "name": "Não Cisto"
    },
    {
      "bounding_box": {
        "h": 25.3,
        "w": 40.64,
        "x": 288.56,
        "y": 401.79
      },
      "name": "Não Cisto"
    },
    {
      "bounding_box": {
        "h": 23.77,
        "w": 32.2,
        "x": 412.01,
        "y": 420.96
      },
      "name": "Não Cisto"
    },
    {
      "bounding_box": {
        "h": 27.6,
        "w": 46.77,
        "x": 359.11,
        "y": 387.99
      },
      "name": "Não Cisto"
    },
    {
      "bounding_box": {
        "h": 29.14,
        "w": 34.5,
        "x": 334.57,
        "y": 433.99
      },
      "name": "Não Cisto"
    },
    {
      "bounding_box": {
        "h": 23.0,
        "w": 19.94,
        "x": 235.65,
        "y": 443.96
      },
      "name": "Não Cisto"
    },
    {
      "bounding_box": {
        "h": 26.56,
        "w": 19.63,
        "x": 260.57,
        "y": 449.32
      },
      "name": "Não Cisto"
    },
    {
      "bounding_box": {
        "h": 26.67,
        "w": 27.39,
        "x": 320.65,
        "y": 259.34
      },
      "name": "Não Cisto"
    },
    {
      "bounding_box": {
        "h": 22.35,
        "w": 34.6,
        "x": 211.07,
        "y": 267.27
      },
      "name": "Não Cisto"
    },
    {
      "bounding_box": {
        "h": 23.79,
        "w": 36.76,
        "x": 106.55,
        "y": 412.16
      },
      "name": "Não Cisto"
    },
    {
      "bounding_box": {
        "h": 100.2,
        "w": 93.71,
        "x": 87.08,
        "y": 296.82
      },
      "name": "Não Cisto"
    },
    {
      "bounding_box": {
        "h": 67.76,
        "w": 79.3,
        "x": 33.02,
        "y": 282.41
      },
      "name": "Não Cisto"
    },
    {
      "bounding_box": {
        "h": 51.18,
        "w": 45.42,
        "x": 15.0,
        "y": 428.02
      },
      "name": "Não Cisto"
    },
    {
      "bounding_box": {
        "h": 25.23,
        "w": 28.84,
        "x": 33.74,
        "y": 360.26
      },
      "name": "Não Cisto"
    },
    {
      "bounding_box": {
        "h": 33.88,
        "w": 43.97,
        "x": 37.34,
        "y": 106.51
      },
      "name": "Não Cisto"
    },
    {
      "bounding_box": {
        "h": 54.07,
        "w": 83.62,
        "x": 118.08,
        "y": 114.44
      },
      "name": "Não Cisto"
    },
    {
      "bounding_box": {
        "h": 39.65,
        "w": 65.6,
        "x": 126.01,
        "y": 195.18
      },
      "name": "Não Cisto"
    },
    {
      "bounding_box": {
        "h": 28.11,
        "w": 25.23,
        "x": 81.32,
        "y": 198.78
      },
      "name": "Não Cisto"
    },
    {
      "bounding_box": {
        "h": 28.11,
        "w": 53.35,
        "x": 140.43,
        "y": 275.2
      },
      "name": "Não Cisto"
    },
    {
      "bounding_box": {
        "h": 24.73,
        "w": 32.97,
        "x": 46.76,
        "y": 43.14
      },
      "name": "Não Cisto"
    },
    {
      "bounding_box": {
        "h": 22.67,
        "w": 21.64,
        "x": 79.73,
        "y": 27.69
      },
      "name": "Não Cisto"
    },
    {
      "bounding_box": {
        "h": 28.85,
        "w": 31.94,
        "x": 97.25,
        "y": 5.02
      },
      "name": "Não Cisto"
    },
    {
      "bounding_box": {
        "h": 25.76,
        "w": 24.73,
        "x": 168.35,
        "y": 32.84
      },
      "name": "Não Cisto"
    },
    {
      "bounding_box": {
        "h": 37.09,
        "w": 97.89,
        "x": 369.28,
        "y": 37.99
      },
      "name": "Não Cisto"
    },
    {
      "bounding_box": {
        "h": 61.82,
        "w": 84.49,
        "x": 515.59,
        "y": 293.53
      },
      "name": "Não Cisto"
    },
    {
      "bounding_box": {
        "h": 31.94,
        "w": 34.0,
        "x": 585.66,
        "y": 439.85
      },
      "name": "Não Cisto"
    },
    {
      "bounding_box": {
        "h": 41.34,
        "w": 72.08,
        "x": 191.2,
        "y": 369.56
      },
      "name": "Não Cisto"
    },
    {
      "bounding_box": {
        "h": 35.19,
        "w": 36.21,
        "x": 213.06,
        "y": 297.82
      },
      "name": "Não Cisto"
    },
    {
      "bounding_box": {
        "h": 40.99,
        "w": 31.77,
        "x": 192.91,
        "y": 314.22
      },
      "name": "Não Cisto"
    }
  ]
}