{
  "dataset": "Cisto",
  "image": {
    "width": 640,
    "height": 480,
    "original_filename": "Cisto149.jpg",
    "filename": "Cisto149.jpg",
    "url": "https://darwin.v7labs.com/api/images/38437923/original",
    "thumbnail_url": "https://darwin.v7labs.com/api/images/38437923/thumbnail",
    "path": "/",
    "workview_url": "https://darwin.v7labs.com/workview?dataset=38016&image=262"
  },
  "annotations": [
    {
      "bounding_box": {
        "h": 45.76,
        "w": 53.39,
        "x": 253.16,
        "y": 206.27
      },
      "name": "Cisto Viável"
    },
    {
      "bounding_box": {
        "h": 77.96,
        "w": 111.86,
        "x": 33.53,
        "y": 161.56
      },
      "name": "Não Cisto"
    },
    {
      "bounding_box": {
        "h": 33.9,
        "w": 62.71,
        "x": 182.67,
        "y": 198.84
      },
      "name": "Não Cisto"
    },
    {
      "bounding_box": {
        "h": 34.74,
        "w": 40.68,
        "x": 368.26,
        "y": 244.6
      },
      "name": "Não Cisto"
    },
    {
      "bounding_box": {
        "h": 55.08,
        "w": 59.32,
        "x": 527.57,
        "y": 343.75
      },
      "name": "Não Cisto"
    }
  ]
}