{
  "dataset": "Cisto",
  "image": {
    "width": 640,
    "height": 480,
    "original_filename": "Cisto303.jpg",
    "filename": "Cisto303.jpg",
    "url": "https://darwin.v7labs.com/api/images/38437701/original",
    "thumbnail_url": "https://darwin.v7labs.com/api/images/38437701/thumbnail",
    "path": "/",
    "workview_url": "https://darwin.v7labs.com/workview?dataset=38016&image=40"
  },
  "annotations": [
    {
      "bounding_box": {
        "h": 51.37,
        "w": 32.97,
        "x": 195.78,
        "y": 103.51
      },
      "name": "Não Cisto"
    },
    {
      "bounding_box": {
        "h": 38.34,
        "w": 79.74,
        "x": 264.79,
        "y": 67.48
      },
      "name": "Não Cisto"
    },
    {
      "bounding_box": {
        "h": 136.49,
        "w": 146.45,
        "x": 356.04,
        "y": 64.41
      },
      "name": "Não Cisto"
    },
    {
      "bounding_box": {
        "h": 43.71,
        "w": 41.41,
        "x": 128.31,
        "y": 287.54
      },
      "name": "Não Cisto"
    },
    {
      "bounding_box": {
        "h": 65.94,
        "w": 36.81,
        "x": 191.18,
        "y": 331.25
      },
      "name": "Não Cisto"
    },
    {
      "bounding_box": {
        "h": 41.41,
        "w": 32.97,
        "x": 494.82,
        "y": 276.04
      },
      "name": "Não Cisto"
    },
    {
      "bounding_box": {
        "h": 51.37,
        "w": 66.71,
        "x": 562.3,
        "y": 255.34
      },
      "name": "Não Cisto"
    },
    {
      "bounding_box": {
        "h": 37.57,
        "w": 39.87,
        "x": 479.49,
        "y": 410.22
      },
      "name": "Não Cisto"
    },
    {
      "bounding_box": {
        "h": 18.4,
        "w": 25.3,
        "x": 508.63,
        "y": 394.12
      },
      "name": "Não Cisto"
    },
    {
      "bounding_box": {
        "h": 23.77,
        "w": 27.6,
        "x": 77.7,
        "y": 5.37
      },
      "name": "Não Cisto"
    },
    {
      "bounding_box": {
        "h": 37.57,
        "w": 44.47,
        "x": 249.46,
        "y": 300.58
      },
      "name": "Cisto Viável"
    },
    {
      "bounding_box": {
        "h": 36.04,
        "w": 34.5,
        "x": 578.4,
        "y": 225.43
      },
      "name": "Cisto Viável"
    },
    {
      "bounding_box": {
        "h": 23.0,
        "w": 23.0,
        "x": 5.62,
        "y": 157.96
      },
      "name": "Cisto Inviável"
    }
  ]
}