{
  "dataset": "Cisto",
  "image": {
    "width": 640,
    "height": 480,
    "original_filename": "Cisto5.jpg",
    "filename": "Cisto5.jpg",
    "url": "https://darwin.v7labs.com/api/images/38438123/original",
    "thumbnail_url": "https://darwin.v7labs.com/api/images/38438123/thumbnail",
    "path": "/",
    "workview_url": "https://darwin.v7labs.com/workview?dataset=38016&image=462"
  },
  "annotations": [
    {
      "bounding_box": {
        "h": 57.62,
        "w": 63.56,
        "x": 222.06,
        "y": 81.37
      },
      "name": "Cisto Viável"
    },
    {
      "bounding_box": {
        "h": 61.01,
        "w": 86.44,
        "x": 105.12,
        "y": 267.8
      },
      "name": "Não Cisto"
    }
  ]
}