{
  "dataset": "Cisto",
  "image": {
    "width": 640,
    "height": 480,
    "original_filename": "Cisto420.jpg",
    "filename": "Cisto420.jpg",
    "url": "https://darwin.v7labs.com/api/images/38437781/original",
    "thumbnail_url": "https://darwin.v7labs.com/api/images/38437781/thumbnail",
    "path": "/",
    "workview_url": "https://darwin.v7labs.com/workview?dataset=38016&image=120"
  },
  "annotations": [
    {
      "bounding_box": {
        "h": 62.89,
        "w": 80.47,
        "x": 276.85,
        "y": 136.35
      },
      "name": "Cisto Viável"
    }
  ]
}