{
  "dataset": "Cisto",
  "image": {
    "width": 640,
    "height": 480,
    "original_filename": "Cisto388.jpg",
    "filename": "Cisto388.jpg",
    "url": "https://darwin.v7labs.com/api/images/38437797/original",
    "thumbnail_url": "https://darwin.v7labs.com/api/images/38437797/thumbnail",
    "path": "/",
    "workview_url": "https://darwin.v7labs.com/workview?dataset=38016&image=136"
  },
  "annotations": [
    {
      "bounding_box": {
        "h": 65.25,
        "w": 63.68,
        "x": 169.96,
        "y": 236.91
      },
      "name": "Cisto Viável"
    },
    {
      "bounding_box": {
        "h": 50.32,
        "w": 39.31,
        "x": 594.5,
        "y": 153.58
      },
      "name": "Cisto Viável"
    },
    {
      "bounding_box": {
        "h": 33.81,
        "w": 27.52,
        "x": 110.99,
        "y": 179.52
      },
      "name": "Não Cisto"
    },
    {
      "bounding_box": {
        "h": 37.74,
        "w": 37.74,
        "x": 295.75,
        "y": 202.32
      },
      "name": "Não Cisto"
    },
    {
      "bounding_box": {
        "h": 34.59,
        "w": 42.45,
        "x": 372.79,
        "y": 133.14
      },
      "name": "Não Cisto"
    },
    {
      "bounding_box": {
        "h": 40.88,
        "w": 40.1,
        "x": 459.27,
        "y": 133.14
      },
      "name": "Não Cisto"
    },
    {
      "bounding_box": {
        "h": 36.95,
        "w": 36.16,
        "x": 555.97,
        "y": 134.71
      },
      "name": "Não Cisto"
    },
    {
      "bounding_box": {
        "h": 48.74,
        "w": 35.38,
        "x": 577.99,
        "y": 234.56
      },
      "name": "Não Cisto"
    },
    {
      "bounding_box": {
        "h": 148.59,
        "w": 66.83,
        "x": 515.09,
        "y": 217.26
      },
      "name": "Não Cisto"
    },
    {
      "bounding_box": {
        "h": 91.2,
        "w": 91.2,
        "x": 434.11,
        "y": 240.85
      },
      "name": "Não Cisto"
    },
    {
      "bounding_box": {
        "h": 77.05,
        "w": 133.65,
        "x": 360.21,
        "y": 299.81
      },
      "name": "Não Cisto"
    },
    {
      "bounding_box": {
        "h": 29.87,
        "w": 38.52,
        "x": 568.55,
        "y": 371.35
      },
      "name": "Não Cisto"
    },
    {
      "bounding_box": {
        "h": 25.94,
        "w": 26.73,
        "x": 392.45,
        "y": 170.09
      },
      "name": "Não Cisto"
    },
    {
      "bounding_box": {
        "h": 94.34,
        "w": 68.4,
        "x": 49.67,
        "y": 205.47
      },
      "name": "Cisto Inviável"
    }
  ]
}