{
  "dataset": "Cisto",
  "image": {
    "width": 640,
    "height": 480,
    "original_filename": "Cisto373.jpg",
    "filename": "Cisto373.jpg",
    "url": "https://darwin.v7labs.com/api/images/38437771/original",
    "thumbnail_url": "https://darwin.v7labs.com/api/images/38437771/thumbnail",
    "path": "/",
    "workview_url": "https://darwin.v7labs.com/workview?dataset=38016&image=110"
  },
  "annotations": [
    {
      "bounding_box": {
        "h": 46.01,
        "w": 41.41,
        "x": 519.36,
        "y": 137.25
      },
      "name": "Não Cisto"
    },
    {
      "bounding_box": {
        "h": 26.07,
        "w": 35.27,
        "x": 273.99,
        "y": 380.32
      },
      "name": "Não Cisto"
    },
    {
      "bounding_box": {
        "h": 29.14,
        "w": 42.17,
        "x": 349.9,
        "y": 436.29
      },
      "name": "Não Cisto"
    },
    {
      "bounding_box": {
        "h": 65.18,
        "w": 73.61,
        "x": 277.06,
        "y": 175.59
      },
      "name": "Cisto Viável"
    }
  ]
}