{
  "dataset": "Cisto",
  "image": {
    "width": 640,
    "height": 480,
    "original_filename": "Cisto385.jpg",
    "filename": "Cisto385.jpg",
    "url": "https://darwin.v7labs.com/api/images/38437853/original",
    "thumbnail_url": "https://darwin.v7labs.com/api/images/38437853/thumbnail",
    "path": "/",
    "workview_url": "https://darwin.v7labs.com/workview?dataset=38016&image=192"
  },
  "annotations": [
    {
      "bounding_box": {
        "h": 32.97,
        "w": 29.9,
        "x": 160.51,
        "y": 157.19
      },
      "name": "Cisto Viável"
    },
    {
      "bounding_box": {
        "h": 36.81,
        "w": 56.74,
        "x": 316.17,
        "y": 373.42
      },
      "name": "Cisto Viável"
    },
    {
      "bounding_box": {
        "h": 51.91,
        "w": 50.33,
        "x": 96.34,
        "y": 174.31
      },
      "name": "Cisto Inviável"
    }
  ]
}