{
  "dataset": "Cisto",
  "image": {
    "width": 640,
    "height": 480,
    "original_filename": "Cisto325.jpg",
    "filename": "Cisto325.jpg",
    "url": "https://darwin.v7labs.com/api/images/38437790/original",
    "thumbnail_url": "https://darwin.v7labs.com/api/images/38437790/thumbnail",
    "path": "/",
    "workview_url": "https://darwin.v7labs.com/workview?dataset=38016&image=129"
  },
  "annotations": [
    {
      "bounding_box": {
        "h": 43.53,
        "w": 53.2,
        "x": 305.37,
        "y": 103.2
      },
      "name": "Cisto Viável"
    },
    {
      "bounding_box": {
        "h": 45.14,
        "w": 56.43,
        "x": 531.88,
        "y": 76.6
      },
      "name": "Cisto Inviável"
    },
    {
      "bounding_box": {
        "h": 49.17,
        "w": 50.78,
        "x": 587.5,
        "y": -0.78
      },
      "name": "Cisto Viável"
    },
    {
      "bounding_box": {
        "h": 24.99,
        "w": 29.02,
        "x": 18.4,
        "y": 251.52
      },
      "name": "Não Cisto"
    },
    {
      "bounding_box": {
        "h": 17.73,
        "w": 15.32,
        "x": 36.14,
        "y": 275.7
      },
      "name": "Não Cisto"
    },
    {
      "bounding_box": {
        "h": 24.18,
        "w": 36.27,
        "x": 112.72,
        "y": 237.82
      },
      "name": "Não Cisto"
    },
    {
      "bounding_box": {
        "h": 38.69,
        "w": 44.33,
        "x": 223.96,
        "y": 355.51
      },
      "name": "Não Cisto"
    },
    {
      "bounding_box": {
        "h": 45.14,
        "w": 33.05,
        "x": 315.04,
        "y": 308.75
      },
      "name": "Não Cisto"
    },
    {
      "bounding_box": {
        "h": 41.92,
        "w": 50.78,
        "x": 15.18,
        "y": 70.15
      },
      "name": "Não Cisto"
    },
    {
      "bounding_box": {
        "h": 49.98,
        "w": 45.14,
        "x": 34.53,
        "y": 18.56
      },
      "name": "Não Cisto"
    },
    {
      "bounding_box": {
        "h": 29.83,
        "w": 31.44,
        "x": 106.27,
        "y": 68.54
      },
      "name": "Não Cisto"
    },
    {
      "bounding_box": {
        "h": 26.6,
        "w": 29.02,
        "x": 137.71,
        "y": 79.02
      },
      "name": "Não Cisto"
    },
    {
      "bounding_box": {
        "h": 29.83,
        "w": 30.63,
        "x": 214.28,
        "y": 65.32
      },
      "name": "Não Cisto"
    },
    {
      "bounding_box": {
        "h": 90.28,
        "w": 116.08,
        "x": 157.05,
        "y": 113.68
      },
      "name": "Não Cisto"
    },
    {
      "bounding_box": {
        "h": 25.79,
        "w": 27.41,
        "x": 332.78,
        "y": 39.52
      },
      "name": "Não Cisto"
    },
    {
      "bounding_box": {
        "h": 20.15,
        "w": 19.35,
        "x": 353.74,
        "y": 25.01
      },
      "name": "Não Cisto"
    },
    {
      "bounding_box": {
        "h": 84.64,
        "w": 114.46,
        "x": 372.28,
        "y": 57.26
      },
      "name": "Não Cisto"
    },
    {
      "bounding_box": {
        "h": 54.01,
        "w": 52.4,
        "x": 537.52,
        "y": 20.18
      },
      "name": "Não Cisto"
    },
    {
      "bounding_box": {
        "h": 45.25,
        "w": 35.58,
        "x": 260.96,
        "y": 85.05
      },
      "name": "Cisto Viável"
    },
    {
      "bounding_box": {
        "h": 30.55,
        "w": 36.35,
        "x": 284.94,
        "y": 139.97
      },
      "name": "Cisto Viável"
    },
    {
      "bounding_box": {
        "h": 25.14,
        "w": 27.07,
        "x": 221.9,
        "y": 113.67
      },
      "name": "Cisto Viável"
    }
  ]
}