{
  "dataset": "Cisto",
  "image": {
    "width": 640,
    "height": 480,
    "original_filename": "Cisto154.jpg",
    "filename": "Cisto154.jpg",
    "url": "https://darwin.v7labs.com/api/images/38437914/original",
    "thumbnail_url": "https://darwin.v7labs.com/api/images/38437914/thumbnail",
    "path": "/",
    "workview_url": "https://darwin.v7labs.com/workview?dataset=38016&image=253"
  },
  "annotations": [
    {
      "bounding_box": {
        "h": 98.15,
        "w": 72.08,
        "x": 369.07,
        "y": 173.29
      },
      "name": "Cisto Viável"
    },
    {
      "bounding_box": {
        "h": 62.11,
        "w": 58.27,
        "x": 313.87,
        "y": 246.9
      },
      "name": "Cisto Viável"
    },
    {
      "bounding_box": {
        "h": 80.35,
        "w": 40.93,
        "x": 90.53,
        "y": 364.74
      },
      "name": "Não Cisto"
    },
    {
      "bounding_box": {
        "h": 34.87,
        "w": 34.11,
        "x": 90.53,
        "y": 316.98
      },
      "name": "Não Cisto"
    },
    {
      "bounding_box": {
        "h": 40.93,
        "w": 75.04,
        "x": 283.83,
        "y": 31.2
      },
      "name": "Não Cisto"
    }
  ]
}