{
  "dataset": "Cisto",
  "image": {
    "width": 640,
    "height": 480,
    "original_filename": "Cisto339.jpg",
    "filename": "Cisto339.jpg",
    "url": "https://darwin.v7labs.com/api/images/38437725/original",
    "thumbnail_url": "https://darwin.v7labs.com/api/images/38437725/thumbnail",
    "path": "/",
    "workview_url": "https://darwin.v7labs.com/workview?dataset=38016&image=64"
  },
  "annotations": [
    {
      "bounding_box": {
        "h": 36.04,
        "w": 76.68,
        "x": 310.8,
        "y": 348.88
      },
      "name": "Cisto Inviável"
    },
    {
      "bounding_box": {
        "h": 39.63,
        "w": 68.45,
        "x": 315.63,
        "y": 385.74
      },
      "name": "Cisto Viável"
    },
    {
      "bounding_box": {
        "h": 166.05,
        "w": 138.65,
        "x": 212.78,
        "y": 111.28
      },
      "name": "Não Cisto"
    },
    {
      "bounding_box": {
        "h": 68.52,
        "w": 112.05,
        "x": 272.43,
        "y": 287.81
      },
      "name": "Não Cisto"
    },
    {
      "bounding_box": {
        "h": 51.59,
        "w": 59.65,
        "x": 448.16,
        "y": 237.84
      },
      "name": "Não Cisto"
    },
    {
      "bounding_box": {
        "h": 32.24,
        "w": 25.79,
        "x": 484.43,
        "y": 102.41
      },
      "name": "Não Cisto"
    },
    {
      "bounding_box": {
        "h": 29.02,
        "w": 27.41,
        "x": 488.46,
        "y": 66.14
      },
      "name": "Não Cisto"
    },
    {
      "bounding_box": {
        "h": 28.65,
        "w": 43.51,
        "x": 308.65,
        "y": 408.24
      },
      "name": "Não Cisto"
    },
    {
      "bounding_box": {
        "h": 29.71,
        "w": 39.27,
        "x": 75.18,
        "y": 440.08
      },
      "name": "Não Cisto"
    }
  ]
}