{
  "dataset": "Cisto",
  "image": {
    "width": 640,
    "height": 480,
    "original_filename": "Cisto378.jpg",
    "filename": "Cisto378.jpg",
    "url": "https://darwin.v7labs.com/api/images/38437714/original",
    "thumbnail_url": "https://darwin.v7labs.com/api/images/38437714/thumbnail",
    "path": "/",
    "workview_url": "https://darwin.v7labs.com/workview?dataset=38016&image=53"
  },
  "annotations": [
    {
      "bounding_box": {
        "h": 32.97,
        "w": 39.11,
        "x": 66.96,
        "y": 154.89
      },
      "name": "Cisto Inviável"
    },
    {
      "bounding_box": {
        "h": 46.01,
        "w": 31.44,
        "x": 389.78,
        "y": 151.05
      },
      "name": "Cisto Inviável"
    },
    {
      "bounding_box": {
        "h": 24.19,
        "w": 28.22,
        "x": 221.97,
        "y": 165.74
      },
      "name": "Cisto Viável"
    },
    {
      "bounding_box": {
        "h": 41.92,
        "w": 28.22,
        "x": 472.7,
        "y": 202.02
      },
      "name": "Cisto Viável"
    },
    {
      "bounding_box": {
        "h": 33.05,
        "w": 22.57,
        "x": 540.43,
        "y": 41.58
      },
      "name": "Cisto Viável"
    },
    {
      "bounding_box": {
        "h": 36.28,
        "w": 33.86,
        "x": 603.31,
        "y": 238.3
      },
      "name": "Cisto Viável"
    },
    {
      "bounding_box": {
        "h": 40.31,
        "w": 37.89,
        "x": 45.41,
        "y": 194.76
      },
      "name": "Não Cisto"
    },
    {
      "bounding_box": {
        "h": 57.24,
        "w": 37.89,
        "x": 306.62,
        "y": 94.79
      },
      "name": "Não Cisto"
    },
    {
      "bounding_box": {
        "h": 58.85,
        "w": 63.69,
        "x": 360.64,
        "y": 338.27
      },
      "name": "Não Cisto"
    },
    {
      "bounding_box": {
        "h": 25.8,
        "w": 29.83,
        "x": 442.87,
        "y": 184.28
      },
      "name": "Não Cisto"
    },
    {
      "bounding_box": {
        "h": 26.61,
        "w": 28.22,
        "x": 360.64,
        "y": 152.84
      },
      "name": "Não Cisto"
    },
    {
      "bounding_box": {
        "h": 57.24,
        "w": 41.92,
        "x": 496.89,
        "y": 133.49
      },
      "name": "Não Cisto"
    },
    {
      "bounding_box": {
        "h": 48.37,
        "w": 104.81,
        "x": 503.34,
        "y": 104.46
      },
      "name": "Não Cisto"
    },
    {
      "bounding_box": {
        "h": 26.61,
        "w": 42.73,
        "x": 588.8,
        "y": 60.93
      },
      "name": "Não Cisto"
    }
  ]
}