{
  "dataset": "Cisto",
  "image": {
    "width": 640,
    "height": 480,
    "original_filename": "Cisto112.jpg",
    "filename": "Cisto112.jpg",
    "url": "https://darwin.v7labs.com/api/images/38437925/original",
    "thumbnail_url": "https://darwin.v7labs.com/api/images/38437925/thumbnail",
    "path": "/",
    "workview_url": "https://darwin.v7labs.com/workview?dataset=38016&image=264"
  },
  "annotations": [
    {
      "bounding_box": {
        "h": 43.17,
        "w": 49.33,
        "x": 250.59,
        "y": 194.94
      },
      "name": "Cisto Viável"
    },
    {
      "bounding_box": {
        "h": 45.91,
        "w": 53.44,
        "x": 323.21,
        "y": 191.51
      },
      "name": "Cisto Viável"
    },
    {
      "bounding_box": {
        "h": 36.24,
        "w": 33.94,
        "x": 0.58,
        "y": 276.06
      },
      "name": "Cisto Viável"
    },
    {
      "bounding_box": {
        "h": 33.94,
        "w": 43.14,
        "x": 73.05,
        "y": 447.46
      },
      "name": "Cisto Viável"
    },
    {
      "bounding_box": {
        "h": 31.12,
        "w": 24.68,
        "x": 364.15,
        "y": 217.89
      },
      "name": "Cisto Viável"
    },
    {
      "bounding_box": {
        "h": 33.89,
        "w": 26.72,
        "x": 539.55,
        "y": 152.98
      },
      "name": "Cisto Viável"
    },
    {
      "bounding_box": {
        "h": 35.85,
        "w": 31.94,
        "x": 507.61,
        "y": 108.66
      },
      "name": "Cisto Viável"
    },
    {
      "bounding_box": {
        "h": 44.32,
        "w": 41.71,
        "x": 452.87,
        "y": 102.8
      },
      "name": "Cisto Inviável"
    },
    {
      "bounding_box": {
        "h": 28.68,
        "w": 46.93,
        "x": 334.24,
        "y": 167.97
      },
      "name": "Cisto Inviável"
    },
    {
      "bounding_box": {
        "h": 33.89,
        "w": 53.45,
        "x": 103.52,
        "y": 194.7
      },
      "name": "Cisto Inviável"
    },
    {
      "bounding_box": {
        "h": 72.36,
        "w": 75.17,
        "x": 347.6,
        "y": 410.14
      },
      "name": "Não Cisto"
    },
    {
      "bounding_box": {
        "h": 55.38,
        "w": 39.67,
        "x": 38.41,
        "y": 86.03
      },
      "name": "Não Cisto"
    },
    {
      "bounding_box": {
        "h": 40.5,
        "w": 55.38,
        "x": 1.22,
        "y": 115.79
      },
      "name": "Não Cisto"
    },
    {
      "bounding_box": {
        "h": 25.62,
        "w": 35.54,
        "x": 485.54,
        "y": 82.73
      },
      "name": "Não Cisto"
    },
    {
      "bounding_box": {
        "h": 24.79,
        "w": 26.45,
        "x": 245.03,
        "y": 112.48
      },
      "name": "Não Cisto"
    },
    {
      "bounding_box": {
        "h": 24.79,
        "w": 54.55,
        "x": 219.41,
        "y": 170.33
      },
      "name": "Não Cisto"
    }
  ]
}