{
  "dataset": "Cisto",
  "image": {
    "width": 640,
    "height": 480,
    "original_filename": "Cisto443.jpg",
    "filename": "Cisto443.jpg",
    "url": "https://darwin.v7labs.com/api/images/38437839/original",
    "thumbnail_url": "https://darwin.v7labs.com/api/images/38437839/thumbnail",
    "path": "/",
    "workview_url": "https://darwin.v7labs.com/workview?dataset=38016&image=178"
  },
  "annotations": [
    {
      "bounding_box": {
        "h": 37.29,
        "w": 44.91,
        "x": 339.16,
        "y": 120.68
      },
      "name": "Cisto Viável"
    },
    {
      "bounding_box": {
        "h": 33.9,
        "w": 39.83,
        "x": 553.56,
        "y": 421.51
      },
      "name": "Cisto Viável"
    },
    {
      "bounding_box": {
        "h": 125.13,
        "w": 59.85,
        "x": 186.22,
        "y": 123.55
      },
      "name": "Não Cisto"
    },
    {
      "bounding_box": {
        "h": 122.96,
        "w": 70.73,
        "x": 522.44,
        "y": 73.5
      },
      "name": "Não Cisto"
    },
    {
      "bounding_box": {
        "h": 79.43,
        "w": 51.14,
        "x": 318.97,
        "y": 401.02
      },
      "name": "Não Cisto"
    },
    {
      "bounding_box": {
        "h": 67.98,
        "w": 59.24,
        "x": 304.46,
        "y": 155.48
      },
      "name": "Não Cisto"
    },
    {
      "bounding_box": {
        "h": 20.87,
        "w": 19.75,
        "x": 242.68,
        "y": 207.94
      },
      "name": "Cisto Viável"
    }
  ]
}