{
  "dataset": "Cisto",
  "image": {
    "width": 640,
    "height": 480,
    "original_filename": "Cisto479.jpg",
    "filename": "Cisto479.jpg",
    "url": "https://darwin.v7labs.com/api/images/38437837/original",
    "thumbnail_url": "https://darwin.v7labs.com/api/images/38437837/thumbnail",
    "path": "/",
    "workview_url": "https://darwin.v7labs.com/workview?dataset=38016&image=176"
  },
  "annotations": [
    {
      "bounding_box": {
        "h": 46.01,
        "w": 44.47,
        "x": 173.55,
        "y": 213.16
      },
      "name": "Cisto Viável"
    },
    {
      "bounding_box": {
        "h": 37.57,
        "w": 37.57,
        "x": 214.19,
        "y": 298.27
      },
      "name": "Cisto Viável"
    },
    {
      "bounding_box": {
        "h": 36.81,
        "w": 44.47,
        "x": 163.58,
        "y": 303.64
      },
      "name": "Cisto Viável"
    },
    {
      "bounding_box": {
        "h": 37.57,
        "w": 40.64,
        "x": 220.32,
        "y": 193.23
      },
      "name": "Cisto Viável"
    },
    {
      "bounding_box": {
        "h": 33.74,
        "w": 36.04,
        "x": 265.56,
        "y": 244.6
      },
      "name": "Cisto Viável"
    },
    {
      "bounding_box": {
        "h": 46.77,
        "w": 36.04,
        "x": 319.23,
        "y": 344.28
      },
      "name": "Cisto Viável"
    },
    {
      "bounding_box": {
        "h": 51.37,
        "w": 39.87,
        "x": 316.93,
        "y": 222.36
      },
      "name": "Cisto Viável"
    },
    {
      "bounding_box": {
        "h": 31.44,
        "w": 42.94,
        "x": 356.04,
        "y": 175.59
      },
      "name": "Cisto Viável"
    },
    {
      "bounding_box": {
        "h": 49.07,
        "w": 32.97,
        "x": 398.21,
        "y": 140.32
      },
      "name": "Cisto Viável"
    },
    {
      "bounding_box": {
        "h": 51.37,
        "w": 45.24,
        "x": 520.13,
        "y": 235.4
      },
      "name": "Cisto Viável"
    },
    {
      "bounding_box": {
        "h": 54.44,
        "w": 43.71,
        "x": 517.83,
        "y": 166.39
      },
      "name": "Cisto Viável"
    },
    {
      "bounding_box": {
        "h": 30.46,
        "w": 28.93,
        "x": 582.77,
        "y": 177.04
      },
      "name": "Cisto Viável"
    },
    {
      "bounding_box": {
        "h": 51.86,
        "w": 42.5,
        "x": 268.25,
        "y": 128.5
      },
      "name": "Cisto Viável"
    },
    {
      "bounding_box": {
        "h": 33.85,
        "w": 44.66,
        "x": 13.97,
        "y": 393.58
      },
      "name": "Cisto Viável"
    },
    {
      "bounding_box": {
        "h": 21.05,
        "w": 20.26,
        "x": 335.5,
        "y": 206.12
      },
      "name": "Cisto Viável"
    },
    {
      "bounding_box": {
        "h": 23.55,
        "w": 22.26,
        "x": 353.49,
        "y": 197.0
      },
      "name": "Cisto Viável"
    },
    {
      "bounding_box": {
        "h": 37.49,
        "w": 58.65,
        "x": 30.4,
        "y": 248.34
      },
      "name": "Não Cisto"
    },
    {
      "bounding_box": {
        "h": 37.49,
        "w": 47.16,
        "x": 361.15,
        "y": 365.65
      },
      "name": "Não Cisto"
    },
    {
      "bounding_box": {
        "h": 30.23,
        "w": 39.3,
        "x": 265.62,
        "y": 368.07
      },
      "name": "Não Cisto"
    },
    {
      "bounding_box": {
        "h": 40.51,
        "w": 42.93,
        "x": 367.2,
        "y": 113.5
      },
      "name": "Não Cisto"
    }
  ]
}