{
  "dataset": "Cisto",
  "image": {
    "width": 640,
    "height": 480,
    "original_filename": "Cisto226.jpg",
    "filename": "Cisto226.jpg",
    "url": "https://darwin.v7labs.com/api/images/38438062/original",
    "thumbnail_url": "https://darwin.v7labs.com/api/images/38438062/thumbnail",
    "path": "/",
    "workview_url": "https://darwin.v7labs.com/workview?dataset=38016&image=401"
  },
  "annotations": [
    {
      "bounding_box": {
        "h": 61.34,
        "w": 62.88,
        "x": 297.0,
        "y": 241.53
      },
      "name": "Cisto Viável"
    }
  ]
}