{
  "dataset": "Cisto",
  "image": {
    "width": 640,
    "height": 480,
    "original_filename": "Cisto499.jpg",
    "filename": "Cisto499.jpg",
    "url": "https://darwin.v7labs.com/api/images/38435376/original",
    "thumbnail_url": "https://darwin.v7labs.com/api/images/38435376/thumbnail",
    "path": "/",
    "workview_url": "https://darwin.v7labs.com/workview?dataset=38016&image=3"
  },
  "annotations": [
    {
      "bounding_box": {
        "h": 36.85,
        "w": 24.0,
        "x": 399.21,
        "y": 220.65
      },
      "name": "Cisto Inviável"
    },
    {
      "bounding_box": {
        "h": 33.42,
        "w": 31.71,
        "x": 363.22,
        "y": 301.21
      },
      "name": "Cisto Inviável"
    },
    {
      "bounding_box": {
        "h": 38.57,
        "w": 35.99,
        "x": 292.08,
        "y": 382.63
      },
      "name": "Cisto Inviável"
    },
    {
      "bounding_box": {
        "h": 53.99,
        "w": 52.28,
        "x": 63.26,
        "y": 415.2
      },
      "name": "Cisto Inviável"
    },
    {
      "bounding_box": {
        "h": 20.57,
        "w": 25.71,
        "x": 346.93,
        "y": 95.53
      },
      "name": "Cisto Viável"
    },
    {
      "bounding_box": {
        "h": 49.71,
        "w": 56.56,
        "x": 315.22,
        "y": 254.93
      },
      "name": "Cisto Viável"
    },
    {
      "bounding_box": {
        "h": 29.14,
        "w": 47.99,
        "x": 300.66,
        "y": 300.36
      },
      "name": "Cisto Inviável"
    },
    {
      "bounding_box": {
        "h": 28.28,
        "w": 24.85,
        "x": 50.4,
        "y": 55.25
      },
      "name": "Não Cisto"
    },
    {
      "bounding_box": {
        "h": 89.13,
        "w": 91.7,
        "x": 199.53,
        "y": 212.08
      },
      "name": "Não Cisto"
    },
    {
      "bounding_box": {
        "h": 27.13,
        "w": 39.95,
        "x": 315.88,
        "y": 116.87
      },
      "name": "Não Cisto"
    },
    {
      "bounding_box": {
        "h": 25.63,
        "w": 24.5,
        "x": 328.31,
        "y": 78.81
      },
      "name": "Não Cisto"
    },
    {
      "bounding_box": {
        "h": 20.73,
        "w": 18.47,
        "x": 374.67,
        "y": 96.15
      },
      "name": "Não Cisto"
    },
    {
      "bounding_box": {
        "h": 21.1,
        "w": 23.74,
        "x": 460.22,
        "y": 87.48
      },
      "name": "Não Cisto"
    },
    {
      "bounding_box": {
        "h": 21.48,
        "w": 21.86,
        "x": 411.98,
        "y": 194.51
      },
      "name": "Não Cisto"
    },
    {
      "bounding_box": {
        "h": 26.38,
        "w": 25.63,
        "x": 283.47,
        "y": 35.85
      },
      "name": "Não Cisto"
    },
    {
      "bounding_box": {
        "h": 18.84,
        "w": 23.37,
        "x": 249.93,
        "y": 32.45
      },
      "name": "Não Cisto"
    },
    {
      "bounding_box": {
        "h": 20.7,
        "w": 17.83,
        "x": 279.24,
        "y": 353.51
      },
      "name": "Não Cisto"
    },
    {
      "bounding_box": {
        "h": 21.56,
        "w": 20.13,
        "x": 211.96,
        "y": 380.25
      },
      "name": "Não Cisto"
    },
    {
      "bounding_box": {
        "h": 19.55,
        "w": 18.11,
        "x": 232.66,
        "y": 440.91
      },
      "name": "Não Cisto"
    },
    {
      "bounding_box": {
        "h": 26.16,
        "w": 25.3,
        "x": 329.84,
        "y": 444.94
      },
      "name": "Não Cisto"
    },
    {
      "bounding_box": {
        "h": 24.44,
        "w": 16.66,
        "x": 378.48,
        "y": 355.93
      },
      "name": "Não Cisto"
    },
    {
      "bounding_box": {
        "h": 37.42,
        "w": 35.98,
        "x": 414.27,
        "y": 151.84
      },
      "name": "Não Cisto"
    }
  ]
}