{
  "dataset": "Cisto",
  "image": {
    "width": 640,
    "height": 480,
    "original_filename": "Cisto60.jpg",
    "filename": "Cisto60.jpg",
    "url": "https://darwin.v7labs.com/api/images/38438117/original",
    "thumbnail_url": "https://darwin.v7labs.com/api/images/38438117/thumbnail",
    "path": "/",
    "workview_url": "https://darwin.v7labs.com/workview?dataset=38016&image=456"
  },
  "annotations": [
    {
      "bounding_box": {
        "h": 53.67,
        "w": 49.84,
        "x": 267.09,
        "y": 116.55
      },
      "name": "Cisto Viável"
    },
    {
      "bounding_box": {
        "h": 53.67,
        "w": 65.18,
        "x": 236.42,
        "y": 227.73
      },
      "name": "Cisto Viável"
    },
    {
      "bounding_box": {
        "h": 78.21,
        "w": 91.25,
        "x": 241.79,
        "y": 320.51
      },
      "name": "Não Cisto"
    }
  ]
}