{
  "dataset": "Cisto",
  "image": {
    "width": 640,
    "height": 480,
    "original_filename": "Cisto214.jpg",
    "filename": "Cisto214.jpg",
    "url": "https://darwin.v7labs.com/api/images/38438068/original",
    "thumbnail_url": "https://darwin.v7labs.com/api/images/38438068/thumbnail",
    "path": "/",
    "workview_url": "https://darwin.v7labs.com/workview?dataset=38016&image=407"
  },
  "annotations": [
    {
      "bounding_box": {
        "h": 61.34,
        "w": 49.07,
        "x": 530.1,
        "y": 220.06
      },
      "name": "Cisto Viável"
    },
    {
      "bounding_box": {
        "h": 38.34,
        "w": 40.64,
        "x": 553.1,
        "y": 24.54
      },
      "name": "Cisto Viável"
    },
    {
      "bounding_box": {
        "h": 44.47,
        "w": 46.01,
        "x": 341.47,
        "y": 217.76
      },
      "name": "Cisto Viável"
    },
    {
      "bounding_box": {
        "h": 52.0,
        "w": 62.89,
        "x": 60.18,
        "y": 97.8
      },
      "name": "Cisto Viável"
    },
    {
      "bounding_box": {
        "h": 50.56,
        "w": 69.79,
        "x": 121.82,
        "y": 55.91
      },
      "name": "Cisto Inviável"
    }
  ]
}