{
  "dataset": "Cisto",
  "image": {
    "width": 640,
    "height": 480,
    "original_filename": "Cisto7.jpg",
    "filename": "Cisto7.jpg",
    "url": "https://darwin.v7labs.com/api/images/38438130/original",
    "thumbnail_url": "https://darwin.v7labs.com/api/images/38438130/thumbnail",
    "path": "/",
    "workview_url": "https://darwin.v7labs.com/workview?dataset=38016&image=469"
  },
  "annotations": [
    {
      "bounding_box": {
        "h": 42.67,
        "w": 36.98,
        "x": 451.33,
        "y": 313.35
      },
      "name": "Cisto Viável"
    },
    {
      "bounding_box": {
        "h": 49.31,
        "w": 48.36,
        "x": 418.14,
        "y": 236.54
      },
      "name": "Cisto Viável"
    },
    {
      "bounding_box": {
        "h": 36.95,
        "w": 30.79,
        "x": 607.41,
        "y": 385.15
      },
      "name": "Cisto Viável"
    },
    {
      "bounding_box": {
        "h": 60.71,
        "w": 43.11,
        "x": 279.25,
        "y": 127.37
      },
      "name": "Não Cisto"
    },
    {
      "bounding_box": {
        "h": 53.67,
        "w": 67.74,
        "x": 347.87,
        "y": 123.85
      },
      "name": "Não Cisto"
    },
    {
      "bounding_box": {
        "h": 39.59,
        "w": 26.39,
        "x": 200.95,
        "y": 181.04
      },
      "name": "Não Cisto"
    }
  ]
}