{
  "dataset": "Cisto",
  "image": {
    "width": 640,
    "height": 480,
    "original_filename": "Cisto476.jpg",
    "filename": "Cisto476.jpg",
    "url": "https://darwin.v7labs.com/api/images/38437814/original",
    "thumbnail_url": "https://darwin.v7labs.com/api/images/38437814/thumbnail",
    "path": "/",
    "workview_url": "https://darwin.v7labs.com/workview?dataset=38016&image=153"
  },
  "annotations": [
    {
      "bounding_box": {
        "h": 69.46,
        "w": 87.5,
        "x": 287.57,
        "y": 63.78
      },
      "name": "Não Cisto"
    },
    {
      "bounding_box": {
        "h": 73.07,
        "w": 49.61,
        "x": 503.16,
        "y": 66.49
      },
      "name": "Não Cisto"
    },
    {
      "bounding_box": {
        "h": 46.01,
        "w": 39.69,
        "x": 438.21,
        "y": 150.38
      },
      "name": "Não Cisto"
    },
    {
      "bounding_box": {
        "h": 27.96,
        "w": 30.67,
        "x": 384.09,
        "y": 146.77
      },
      "name": "Não Cisto"
    },
    {
      "bounding_box": {
        "h": 23.45,
        "w": 30.67,
        "x": 394.91,
        "y": 91.75
      },
      "name": "Não Cisto"
    },
    {
      "bounding_box": {
        "h": 47.81,
        "w": 39.69,
        "x": 232.54,
        "y": 40.33
      },
      "name": "Não Cisto"
    },
    {
      "bounding_box": {
        "h": 30.67,
        "w": 41.5,
        "x": 132.41,
        "y": 216.23
      },
      "name": "Não Cisto"
    },
    {
      "bounding_box": {
        "h": 29.77,
        "w": 28.87,
        "x": 113.47,
        "y": 231.57
      },
      "name": "Não Cisto"
    },
    {
      "bounding_box": {
        "h": 31.57,
        "w": 37.89,
        "x": 69.27,
        "y": 229.77
      },
      "name": "Não Cisto"
    },
    {
      "bounding_box": {
        "h": 29.77,
        "w": 31.57,
        "x": 79.19,
        "y": 176.54
      },
      "name": "Não Cisto"
    },
    {
      "bounding_box": {
        "h": 40.2,
        "w": 47.81,
        "x": 35.29,
        "y": 182.61
      },
      "name": "Cisto Viável"
    },
    {
      "bounding_box": {
        "h": 34.77,
        "w": 44.91,
        "x": 1.97,
        "y": 144.58
      },
      "name": "Cisto Viável"
    },
    {
      "bounding_box": {
        "h": 49.26,
        "w": 58.31,
        "x": 229.07,
        "y": 126.1
      },
      "name": "Cisto Viável"
    },
    {
      "bounding_box": {
        "h": 22.02,
        "w": 21.4,
        "x": 6.01,
        "y": 223.9
      },
      "name": "Não Cisto"
    }
  ]
}