{
  "dataset": "Cisto",
  "image": {
    "width": 640,
    "height": 480,
    "original_filename": "Cisto365.jpg",
    "filename": "Cisto365.jpg",
    "url": "https://darwin.v7labs.com/api/images/38437759/original",
    "thumbnail_url": "https://darwin.v7labs.com/api/images/38437759/thumbnail",
    "path": "/",
    "workview_url": "https://darwin.v7labs.com/workview?dataset=38016&image=98"
  },
  "annotations": [
    {
      "bounding_box": {
        "h": 36.44,
        "w": 31.35,
        "x": 318.37,
        "y": 24.63
      },
      "name": "Não Cisto"
    },
    {
      "bounding_box": {
        "h": 42.37,
        "w": 30.51,
        "x": 294.64,
        "y": 244.12
      },
      "name": "Não Cisto"
    },
    {
      "bounding_box": {
        "h": 70.34,
        "w": 75.42,
        "x": 375.14,
        "y": 279.71
      },
      "name": "Não Cisto"
    },
    {
      "bounding_box": {
        "h": 82.2,
        "w": 143.21,
        "x": 210.74,
        "y": 384.79
      },
      "name": "Não Cisto"
    },
    {
      "bounding_box": {
        "h": 54.23,
        "w": 48.3,
        "x": 133.63,
        "y": 287.33
      },
      "name": "Cisto Inviável"
    }
  ]
}