{
  "dataset": "Cisto",
  "image": {
    "width": 640,
    "height": 480,
    "original_filename": "Cisto316.jpg",
    "filename": "Cisto316.jpg",
    "url": "https://darwin.v7labs.com/api/images/38437774/original",
    "thumbnail_url": "https://darwin.v7labs.com/api/images/38437774/thumbnail",
    "path": "/",
    "workview_url": "https://darwin.v7labs.com/workview?dataset=38016&image=113"
  },
  "annotations": [
    {
      "bounding_box": {
        "h": 67.48,
        "w": 53.67,
        "x": 145.18,
        "y": 231.57
      },
      "name": "Cisto Viável"
    },
    {
      "bounding_box": {
        "h": 40.64,
        "w": 48.31,
        "x": 99.17,
        "y": 120.38
      },
      "name": "Cisto Viável"
    },
    {
      "bounding_box": {
        "h": 29.14,
        "w": 36.04,
        "x": 86.13,
        "y": 90.48
      },
      "name": "Cisto Inviável"
    },
    {
      "bounding_box": {
        "h": 44.47,
        "w": 30.67,
        "x": 47.03,
        "y": 99.68
      },
      "name": "Cisto Inviável"
    },
    {
      "bounding_box": {
        "h": 74.38,
        "w": 76.68,
        "x": 491.76,
        "y": 105.81
      },
      "name": "Cisto Inviável"
    },
    {
      "bounding_box": {
        "h": 39.11,
        "w": 42.94,
        "x": 20.96,
        "y": 315.91
      },
      "name": "Cisto Viável"
    },
    {
      "bounding_box": {
        "h": 33.74,
        "w": 29.9,
        "x": 99.94,
        "y": 39.87
      },
      "name": "Não Cisto"
    },
    {
      "bounding_box": {
        "h": 19.94,
        "w": 27.6,
        "x": 64.66,
        "y": 53.67
      },
      "name": "Não Cisto"
    },
    {
      "bounding_box": {
        "h": 19.94,
        "w": 32.2,
        "x": 40.89,
        "y": 79.74
      },
      "name": "Não Cisto"
    },
    {
      "bounding_box": {
        "h": 31.44,
        "w": 27.6,
        "x": 17.12,
        "y": 81.28
      },
      "name": "Não Cisto"
    },
    {
      "bounding_box": {
        "h": 32.97,
        "w": 20.7,
        "x": 1.02,
        "y": 124.98
      },
      "name": "Não Cisto"
    },
    {
      "bounding_box": {
        "h": 27.6,
        "w": 26.84,
        "x": 257.89,
        "y": 16.87
      },
      "name": "Não Cisto"
    },
    {
      "bounding_box": {
        "h": 33.74,
        "w": 32.2,
        "x": 378.27,
        "y": 56.74
      },
      "name": "Não Cisto"
    },
    {
      "bounding_box": {
        "h": 37.57,
        "w": 28.37,
        "x": 607.54,
        "y": 75.14
      },
      "name": "Não Cisto"
    },
    {
      "bounding_box": {
        "h": 74.38,
        "w": 54.44,
        "x": 396.68,
        "y": 104.28
      },
      "name": "Não Cisto"
    },
    {
      "bounding_box": {
        "h": 36.04,
        "w": 29.9,
        "x": 369.84,
        "y": 111.18
      },
      "name": "Não Cisto"
    },
    {
      "bounding_box": {
        "h": 27.6,
        "w": 25.3,
        "x": 243.32,
        "y": 78.21
      },
      "name": "Não Cisto"
    },
    {
      "bounding_box": {
        "h": 33.74,
        "w": 33.74,
        "x": 307.73,
        "y": 148.75
      },
      "name": "Não Cisto"
    },
    {
      "bounding_box": {
        "h": 29.9,
        "w": 36.81,
        "x": 199.62,
        "y": 159.49
      },
      "name": "Não Cisto"
    },
    {
      "bounding_box": {
        "h": 98.91,
        "w": 88.95,
        "x": 218.79,
        "y": 186.33
      },
      "name": "Não Cisto"
    },
    {
      "bounding_box": {
        "h": 68.24,
        "w": 124.22,
        "x": 97.64,
        "y": 286.77
      },
      "name": "Não Cisto"
    },
    {
      "bounding_box": {
        "h": 24.54,
        "w": 31.44,
        "x": 91.5,
        "y": 253.04
      },
      "name": "Não Cisto"
    },
    {
      "bounding_box": {
        "h": 39.11,
        "w": 31.44,
        "x": 218.02,
        "y": 103.51
      },
      "name": "Não Cisto"
    },
    {
      "bounding_box": {
        "h": 95.85,
        "w": 52.91,
        "x": 163.58,
        "y": 115.02
      },
      "name": "Não Cisto"
    }
  ]
}