{
  "dataset": "Cisto",
  "image": {
    "width": 640,
    "height": 480,
    "original_filename": "Cisto362.jpg",
    "filename": "Cisto362.jpg",
    "url": "https://darwin.v7labs.com/api/images/38437732/original",
    "thumbnail_url": "https://darwin.v7labs.com/api/images/38437732/thumbnail",
    "path": "/",
    "workview_url": "https://darwin.v7labs.com/workview?dataset=38016&image=71"
  },
  "annotations": [
    {
      "bounding_box": {
        "h": 46.77,
        "w": 50.61,
        "x": 103.77,
        "y": 23.0
      },
      "name": "Cisto Viável"
    },
    {
      "bounding_box": {
        "h": 43.71,
        "w": 42.17,
        "x": 442.68,
        "y": 361.92
      },
      "name": "Cisto Viável"
    },
    {
      "bounding_box": {
        "h": 63.64,
        "w": 45.24,
        "x": 73.1,
        "y": 293.67
      },
      "name": "Não Cisto"
    },
    {
      "bounding_box": {
        "h": 34.5,
        "w": 54.44,
        "x": 129.84,
        "y": 243.83
      },
      "name": "Não Cisto"
    },
    {
      "bounding_box": {
        "h": 42.17,
        "w": 40.64,
        "x": 183.51,
        "y": 148.75
      },
      "name": "Não Cisto"
    },
    {
      "bounding_box": {
        "h": 23.0,
        "w": 23.77,
        "x": 209.58,
        "y": 56.74
      },
      "name": "Não Cisto"
    },
    {
      "bounding_box": {
        "h": 30.67,
        "w": 48.31,
        "x": 309.27,
        "y": 44.47
      },
      "name": "Não Cisto"
    },
    {
      "bounding_box": {
        "h": 32.97,
        "w": 59.04,
        "x": 365.24,
        "y": 143.39
      },
      "name": "Não Cisto"
    },
    {
      "bounding_box": {
        "h": 31.44,
        "w": 31.44,
        "x": 557.7,
        "y": 105.05
      },
      "name": "Não Cisto"
    },
    {
      "bounding_box": {
        "h": 20.7,
        "w": 23.0,
        "x": 73.1,
        "y": 0.77
      },
      "name": "Não Cisto"
    },
    {
      "bounding_box": {
        "h": 49.07,
        "w": 63.64,
        "x": 181.98,
        "y": 400.26
      },
      "name": "Não Cisto"
    },
    {
      "bounding_box": {
        "h": 93.55,
        "w": 54.44,
        "x": 133.67,
        "y": 381.85
      },
      "name": "Não Cisto"
    }
  ]
}