{
  "dataset": "Cisto",
  "image": {
    "width": 640,
    "height": 480,
    "original_filename": "Cisto186.jpg",
    "filename": "Cisto186.jpg",
    "url": "https://darwin.v7labs.com/api/images/38438060/original",
    "thumbnail_url": "https://darwin.v7labs.com/api/images/38438060/thumbnail",
    "path": "/",
    "workview_url": "https://darwin.v7labs.com/workview?dataset=38016&image=399"
  },
  "annotations": [
    {
      "bounding_box": {
        "h": 35.27,
        "w": 45.24,
        "x": 52.4,
        "y": 72.84
      },
      "name": "Cisto Viável"
    },
    {
      "bounding_box": {
        "h": 42.94,
        "w": 50.61,
        "x": 99.17,
        "y": 100.45
      },
      "name": "Cisto Viável"
    },
    {
      "bounding_box": {
        "h": 41.71,
        "w": 58.21,
        "x": 490.47,
        "y": 118.82
      },
      "name": "Cisto Viável"
    },
    {
      "bounding_box": {
        "h": 48.66,
        "w": 40.84,
        "x": 566.06,
        "y": 87.54
      },
      "name": "Cisto Viável"
    },
    {
      "bounding_box": {
        "h": 33.64,
        "w": 30.9,
        "x": 64.12,
        "y": 138.2
      },
      "name": "Não Cisto"
    },
    {
      "bounding_box": {
        "h": 35.63,
        "w": 31.9,
        "x": 86.3,
        "y": 157.14
      },
      "name": "Não Cisto"
    },
    {
      "bounding_box": {
        "h": 43.51,
        "w": 60.69,
        "x": 208.82,
        "y": 314.01
      },
      "name": "Não Cisto"
    },
    {
      "bounding_box": {
        "h": 50.38,
        "w": 103.06,
        "x": 303.86,
        "y": 373.55
      },
      "name": "Não Cisto"
    },
    {
      "bounding_box": {
        "h": 38.93,
        "w": 64.12,
        "x": 204.24,
        "y": 364.39
      },
      "name": "Não Cisto"
    },
    {
      "bounding_box": {
        "h": 54.96,
        "w": 46.95,
        "x": 239.74,
        "y": 172.02
      },
      "name": "Não Cisto"
    }
  ]
}