{
  "dataset": "Cisto",
  "image": {
    "width": 640,
    "height": 480,
    "original_filename": "Cisto79.jpg",
    "filename": "Cisto79.jpg",
    "url": "https://darwin.v7labs.com/api/images/38437944/original",
    "thumbnail_url": "https://darwin.v7labs.com/api/images/38437944/thumbnail",
    "path": "/",
    "workview_url": "https://darwin.v7labs.com/workview?dataset=38016&image=283"
  },
  "annotations": [
    {
      "bounding_box": {
        "h": 67.48,
        "w": 48.31,
        "x": 87.67,
        "y": 154.89
      },
      "name": "Cisto Inviável"
    },
    {
      "bounding_box": {
        "h": 52.14,
        "w": 62.88,
        "x": 169.71,
        "y": 259.17
      },
      "name": "Cisto Inviável"
    },
    {
      "bounding_box": {
        "h": 116.55,
        "w": 176.36,
        "x": 55.46,
        "y": 341.21
      },
      "name": "Não Cisto"
    },
    {
      "bounding_box": {
        "h": 40.64,
        "w": 33.74,
        "x": 252.52,
        "y": 400.26
      },
      "name": "Não Cisto"
    },
    {
      "bounding_box": {
        "h": 47.54,
        "w": 70.54,
        "x": 336.1,
        "y": 377.25
      },
      "name": "Não Cisto"
    }
  ]
}