{
  "dataset": "Cisto",
  "image": {
    "width": 640,
    "height": 480,
    "original_filename": "Cisto190.jpg",
    "filename": "Cisto190.jpg",
    "url": "https://darwin.v7labs.com/api/images/38438070/original",
    "thumbnail_url": "https://darwin.v7labs.com/api/images/38438070/thumbnail",
    "path": "/",
    "workview_url": "https://darwin.v7labs.com/workview?dataset=38016&image=409"
  },
  "annotations": [
    {
      "bounding_box": {
        "h": 33.57,
        "w": 40.43,
        "x": 44.65,
        "y": 200.05
      },
      "name": "Cisto Viável"
    },
    {
      "bounding_box": {
        "h": 45.22,
        "w": 41.11,
        "x": 63.84,
        "y": 236.36
      },
      "name": "Cisto Viável"
    },
    {
      "bounding_box": {
        "h": 45.91,
        "w": 46.59,
        "x": 176.21,
        "y": 211.01
      },
      "name": "Cisto Viável"
    },
    {
      "bounding_box": {
        "h": 33.57,
        "w": 35.63,
        "x": 215.27,
        "y": 238.42
      },
      "name": "Cisto Viável"
    },
    {
      "bounding_box": {
        "h": 38.37,
        "w": 32.2,
        "x": 502.36,
        "y": 256.23
      },
      "name": "Cisto Viável"
    },
    {
      "bounding_box": {
        "h": 49.33,
        "w": 34.26,
        "x": 533.88,
        "y": 238.42
      },
      "name": "Cisto Viável"
    },
    {
      "bounding_box": {
        "h": 28.78,
        "w": 19.19,
        "x": 302.97,
        "y": 261.72
      },
      "name": "Cisto Viável"
    },
    {
      "bounding_box": {
        "h": 33.57,
        "w": 33.57,
        "x": 196.08,
        "y": 262.4
      },
      "name": "Cisto Viável"
    },
    {
      "bounding_box": {
        "h": 30.15,
        "w": 39.06,
        "x": 169.36,
        "y": 326.12
      },
      "name": "Cisto Viável"
    }
  ]
}