{
  "dataset": "Cisto",
  "image": {
    "width": 640,
    "height": 480,
    "original_filename": "Cisto236.jpg",
    "filename": "Cisto236.jpg",
    "url": "https://darwin.v7labs.com/api/images/38438078/original",
    "thumbnail_url": "https://darwin.v7labs.com/api/images/38438078/thumbnail",
    "path": "/",
    "workview_url": "https://darwin.v7labs.com/workview?dataset=38016&image=417"
  },
  "annotations": [
    {
      "bounding_box": {
        "h": 44.47,
        "w": 55.97,
        "x": 257.89,
        "y": 341.98
      },
      "name": "Cisto Viável"
    },
    {
      "bounding_box": {
        "h": 53.67,
        "w": 47.54,
        "x": 280.13,
        "y": 267.6
      },
      "name": "Cisto Inviável"
    }
  ]
}