{
  "dataset": "Cisto",
  "image": {
    "width": 640,
    "height": 480,
    "original_filename": "Cisto364.jpg",
    "filename": "Cisto364.jpg",
    "url": "https://darwin.v7labs.com/api/images/38437716/original",
    "thumbnail_url": "https://darwin.v7labs.com/api/images/38437716/thumbnail",
    "path": "/",
    "workview_url": "https://darwin.v7labs.com/workview?dataset=38016&image=55"
  },
  "annotations": [
    {
      "bounding_box": {
        "h": 54.44,
        "w": 57.51,
        "x": 246.39,
        "y": 72.08
      },
      "name": "Cisto Viável"
    },
    {
      "bounding_box": {
        "h": 58.27,
        "w": 58.27,
        "x": 211.88,
        "y": 266.07
      },
      "name": "Cisto Inviável"
    },
    {
      "bounding_box": {
        "h": 29.14,
        "w": 33.74,
        "x": 37.06,
        "y": 179.42
      },
      "name": "Não Cisto"
    },
    {
      "bounding_box": {
        "h": 38.34,
        "w": 38.34,
        "x": 74.63,
        "y": 165.62
      },
      "name": "Não Cisto"
    },
    {
      "bounding_box": {
        "h": 39.87,
        "w": 54.44,
        "x": 160.51,
        "y": 185.56
      },
      "name": "Não Cisto"
    },
    {
      "bounding_box": {
        "h": 33.74,
        "w": 36.81,
        "x": 209.58,
        "y": 154.12
      },
      "name": "Não Cisto"
    },
    {
      "bounding_box": {
        "h": 38.34,
        "w": 42.17,
        "x": 250.22,
        "y": 178.66
      },
      "name": "Não Cisto"
    },
    {
      "bounding_box": {
        "h": 42.17,
        "w": 41.41,
        "x": 99.17,
        "y": 332.78
      },
      "name": "Não Cisto"
    },
    {
      "bounding_box": {
        "h": 32.97,
        "w": 48.31,
        "x": 40.89,
        "y": 430.16
      },
      "name": "Não Cisto"
    },
    {
      "bounding_box": {
        "h": 23.0,
        "w": 20.7,
        "x": 191.95,
        "y": 291.37
      },
      "name": "Não Cisto"
    },
    {
      "bounding_box": {
        "h": 26.07,
        "w": 30.67,
        "x": 431.95,
        "y": 406.39
      },
      "name": "Não Cisto"
    },
    {
      "bounding_box": {
        "h": 29.14,
        "w": 30.67,
        "x": 464.92,
        "y": 374.95
      },
      "name": "Não Cisto"
    },
    {
      "bounding_box": {
        "h": 29.14,
        "w": 26.84,
        "x": 454.19,
        "y": 306.71
      },
      "name": "Não Cisto"
    },
    {
      "bounding_box": {
        "h": 159.49,
        "w": 39.11,
        "x": 510.16,
        "y": 219.3
      },
      "name": "Não Cisto"
    },
    {
      "bounding_box": {
        "h": 27.6,
        "w": 27.6,
        "x": 473.35,
        "y": 55.21
      },
      "name": "Não Cisto"
    },
    {
      "bounding_box": {
        "h": 49.84,
        "w": 118.08,
        "x": 264.79,
        "y": 33.74
      },
      "name": "Não Cisto"
    },
    {
      "bounding_box": {
        "h": 28.37,
        "w": 31.44,
        "x": 221.09,
        "y": 44.47
      },
      "name": "Não Cisto"
    },
    {
      "bounding_box": {
        "h": 22.24,
        "w": 27.6,
        "x": 383.64,
        "y": 22.24
      },
      "name": "Não Cisto"
    },
    {
      "bounding_box": {
        "h": 42.16,
        "w": 44.85,
        "x": 112.87,
        "y": 68.42
      },
      "name": "Não Cisto"
    }
  ]
}