{
  "dataset": "Cisto",
  "image": {
    "width": 640,
    "height": 480,
    "original_filename": "Cisto449.jpg",
    "filename": "Cisto449.jpg",
    "url": "https://darwin.v7labs.com/api/images/38437848/original",
    "thumbnail_url": "https://darwin.v7labs.com/api/images/38437848/thumbnail",
    "path": "/",
    "workview_url": "https://darwin.v7labs.com/workview?dataset=38016&image=187"
  },
  "annotations": [
    {
      "bounding_box": {
        "h": 43.08,
        "w": 59.0,
        "x": 34.58,
        "y": 283.7
      },
      "name": "Cisto Viável"
    },
    {
      "bounding_box": {
        "h": 59.0,
        "w": 61.81,
        "x": 261.23,
        "y": 256.54
      },
      "name": "Cisto Viável"
    },
    {
      "bounding_box": {
        "h": 61.81,
        "w": 64.62,
        "x": 467.27,
        "y": 86.09
      },
      "name": "Cisto Viável"
    },
    {
      "bounding_box": {
        "h": 55.26,
        "w": 52.45,
        "x": 373.61,
        "y": 196.61
      },
      "name": "Cisto Inviável"
    },
    {
      "bounding_box": {
        "h": 34.65,
        "w": 37.46,
        "x": 10.23,
        "y": 121.68
      },
      "name": "Não Cisto"
    },
    {
      "bounding_box": {
        "h": 26.22,
        "w": 29.97,
        "x": 68.3,
        "y": 115.13
      },
      "name": "Não Cisto"
    },
    {
      "bounding_box": {
        "h": 29.03,
        "w": 34.65,
        "x": 231.26,
        "y": 215.34
      },
      "name": "Não Cisto"
    },
    {
      "bounding_box": {
        "h": 120.81,
        "w": 114.26,
        "x": 398.9,
        "y": 267.78
      },
      "name": "Não Cisto"
    },
    {
      "bounding_box": {
        "h": 233.2,
        "w": 102.08,
        "x": 127.3,
        "y": 240.62
      },
      "name": "Não Cisto"
    }
  ]
}