{
  "dataset": "Cisto",
  "image": {
    "width": 640,
    "height": 480,
    "original_filename": "Cisto324.jpg",
    "filename": "Cisto324.jpg",
    "url": "https://darwin.v7labs.com/api/images/38437756/original",
    "thumbnail_url": "https://darwin.v7labs.com/api/images/38437756/thumbnail",
    "path": "/",
    "workview_url": "https://darwin.v7labs.com/workview?dataset=38016&image=95"
  },
  "annotations": [
    {
      "bounding_box": {
        "h": 58.07,
        "w": 44.02,
        "x": 363.29,
        "y": 117.37
      },
      "name": "Cisto Viável"
    },
    {
      "bounding_box": {
        "h": 45.89,
        "w": 61.81,
        "x": 314.59,
        "y": 407.7
      },
      "name": "Cisto Viável"
    },
    {
      "bounding_box": {
        "h": 53.38,
        "w": 49.64,
        "x": 337.07,
        "y": 157.64
      },
      "name": "Cisto Viável"
    },
    {
      "bounding_box": {
        "h": 36.53,
        "w": 49.64,
        "x": 413.86,
        "y": 135.16
      },
      "name": "Cisto Inviável"
    },
    {
      "bounding_box": {
        "h": 59.94,
        "w": 47.76,
        "x": 450.39,
        "y": 346.82
      },
      "name": "Cisto Inviável"
    },
    {
      "bounding_box": {
        "h": 92.72,
        "w": 163.89,
        "x": 0.85,
        "y": 10.6
      },
      "name": "Não Cisto"
    },
    {
      "bounding_box": {
        "h": 30.91,
        "w": 30.91,
        "x": 150.7,
        "y": 92.08
      },
      "name": "Não Cisto"
    },
    {
      "bounding_box": {
        "h": 74.92,
        "w": 79.61,
        "x": 171.3,
        "y": 342.14
      },
      "name": "Não Cisto"
    },
    {
      "bounding_box": {
        "h": 56.19,
        "w": 105.83,
        "x": 190.03,
        "y": 422.68
      },
      "name": "Não Cisto"
    },
    {
      "bounding_box": {
        "h": 104.89,
        "w": 97.4,
        "x": 322.08,
        "y": 8.73
      },
      "name": "Não Cisto"
    },
    {
      "bounding_box": {
        "h": 59.94,
        "w": 48.7,
        "x": 397.01,
        "y": 75.23
      },
      "name": "Não Cisto"
    },
    {
      "bounding_box": {
        "h": 197.61,
        "w": 78.67,
        "x": 258.4,
        "y": 79.91
      },
      "name": "Não Cisto"
    },
    {
      "bounding_box": {
        "h": 32.78,
        "w": 38.4,
        "x": 344.56,
        "y": 332.77
      },
      "name": "Não Cisto"
    },
    {
      "bounding_box": {
        "h": 44.95,
        "w": 32.78,
        "x": 426.04,
        "y": 323.41
      },
      "name": "Não Cisto"
    },
    {
      "bounding_box": {
        "h": 25.29,
        "w": 27.16,
        "x": 415.74,
        "y": 415.19
      },
      "name": "Não Cisto"
    },
    {
      "bounding_box": {
        "h": 38.4,
        "w": 37.46,
        "x": 458.82,
        "y": 429.24
      },
      "name": "Não Cisto"
    },
    {
      "bounding_box": {
        "h": 36.53,
        "w": 69.3,
        "x": 293.05,
        "y": 371.17
      },
      "name": "Não Cisto"
    }
  ]
}