{
  "dataset": "Cisto",
  "image": {
    "width": 640,
    "height": 480,
    "original_filename": "Cisto221.jpg",
    "filename": "Cisto221.jpg",
    "url": "https://darwin.v7labs.com/api/images/38438043/original",
    "thumbnail_url": "https://darwin.v7labs.com/api/images/38438043/thumbnail",
    "path": "/",
    "workview_url": "https://darwin.v7labs.com/workview?dataset=38016&image=382"
  },
  "annotations": [
    {
      "bounding_box": {
        "h": 66.49,
        "w": 73.99,
        "x": 509.97,
        "y": 311.74
      },
      "name": "Cisto Inviável"
    },
    {
      "bounding_box": {
        "h": 47.76,
        "w": 52.45,
        "x": 399.46,
        "y": 350.14
      },
      "name": "Cisto Inviável"
    },
    {
      "bounding_box": {
        "h": 49.64,
        "w": 64.62,
        "x": 87.59,
        "y": 435.36
      },
      "name": "Cisto Inviável"
    },
    {
      "bounding_box": {
        "h": 43.92,
        "w": 39.38,
        "x": 20.64,
        "y": 284.61
      },
      "name": "Cisto Viável"
    },
    {
      "bounding_box": {
        "h": 53.01,
        "w": 46.19,
        "x": 398.5,
        "y": 194.49
      },
      "name": "Cisto Viável"
    },
    {
      "bounding_box": {
        "h": 37.11,
        "w": 45.43,
        "x": 439.4,
        "y": 32.44
      },
      "name": "Cisto Viável"
    },
    {
      "bounding_box": {
        "h": 45.43,
        "w": 35.59,
        "x": 239.48,
        "y": 52.89
      },
      "name": "Cisto Viável"
    },
    {
      "bounding_box": {
        "h": 35.22,
        "w": 34.71,
        "x": 368.18,
        "y": 315.92
      },
      "name": "Cisto Inviável"
    }
  ]
}