{
  "dataset": "Cisto",
  "image": {
    "width": 640,
    "height": 480,
    "original_filename": "Cisto254.jpg",
    "filename": "Cisto254.jpg",
    "url": "https://darwin.v7labs.com/api/images/38438084/original",
    "thumbnail_url": "https://darwin.v7labs.com/api/images/38438084/thumbnail",
    "path": "/",
    "workview_url": "https://darwin.v7labs.com/workview?dataset=38016&image=423"
  },
  "annotations": [
    {
      "bounding_box": {
        "h": 36.95,
        "w": 35.19,
        "x": 20.37,
        "y": 394.15
      },
      "name": "Cisto Viável"
    },
    {
      "bounding_box": {
        "h": 36.07,
        "w": 42.23,
        "x": 13.33,
        "y": 356.32
      },
      "name": "Cisto Viável"
    },
    {
      "bounding_box": {
        "h": 38.71,
        "w": 39.59,
        "x": 97.79,
        "y": 325.53
      },
      "name": "Cisto Viável"
    },
    {
      "bounding_box": {
        "h": 37.83,
        "w": 56.31,
        "x": 147.06,
        "y": 339.61
      },
      "name": "Cisto Viável"
    },
    {
      "bounding_box": {
        "h": 38.71,
        "w": 41.35,
        "x": 189.29,
        "y": 318.49
      },
      "name": "Cisto Viável"
    },
    {
      "bounding_box": {
        "h": 31.67,
        "w": 48.39,
        "x": 204.24,
        "y": 228.75
      },
      "name": "Cisto Viável"
    },
    {
      "bounding_box": {
        "h": 39.59,
        "w": 53.67,
        "x": 428.59,
        "y": 157.49
      },
      "name": "Cisto Viável"
    },
    {
      "bounding_box": {
        "h": 40.37,
        "w": 35.72,
        "x": 587.06,
        "y": 90.81
      },
      "name": "Cisto Inviável"
    },
    {
      "bounding_box": {
        "h": 34.75,
        "w": 32.15,
        "x": 84.42,
        "y": 403.14
      },
      "name": "Não Cisto"
    },
    {
      "bounding_box": {
        "h": 39.1,
        "w": 26.93,
        "x": 155.67,
        "y": 271.94
      },
      "name": "Não Cisto"
    },
    {
      "bounding_box": {
        "h": 45.18,
        "w": 52.13,
        "x": 571.86,
        "y": 293.66
      },
      "name": "Não Cisto"
    },
    {
      "bounding_box": {
        "h": 39.97,
        "w": 47.79,
        "x": 582.28,
        "y": 152.91
      },
      "name": "Não Cisto"
    },
    {
      "bounding_box": {
        "h": 26.93,
        "w": 38.23,
        "x": 362.46,
        "y": 158.99
      },
      "name": "Não Cisto"
    },
    {
      "bounding_box": {
        "h": 41.71,
        "w": 43.44,
        "x": 322.49,
        "y": 189.4
      },
      "name": "Não Cisto"
    }
  ]
}