{
  "dataset": "Cisto",
  "image": {
    "width": 640,
    "height": 480,
    "original_filename": "Cisto438.jpg",
    "filename": "Cisto438.jpg",
    "url": "https://darwin.v7labs.com/api/images/38437793/original",
    "thumbnail_url": "https://darwin.v7labs.com/api/images/38437793/thumbnail",
    "path": "/",
    "workview_url": "https://darwin.v7labs.com/workview?dataset=38016&image=132"
  },
  "annotations": [
    {
      "bounding_box": {
        "h": 42.94,
        "w": 52.14,
        "x": 162.81,
        "y": 16.1
      },
      "name": "Não Cisto"
    },
    {
      "bounding_box": {
        "h": 34.5,
        "w": 37.57,
        "x": 327.67,
        "y": 19.94
      },
      "name": "Não Cisto"
    },
    {
      "bounding_box": {
        "h": 39.87,
        "w": 46.77,
        "x": 466.45,
        "y": 44.47
      },
      "name": "Não Cisto"
    },
    {
      "bounding_box": {
        "h": 55.21,
        "w": 82.04,
        "x": 342.24,
        "y": 36.04
      },
      "name": "Não Cisto"
    },
    {
      "bounding_box": {
        "h": 57.51,
        "w": 54.44,
        "x": 265.56,
        "y": 225.43
      },
      "name": "Não Cisto"
    },
    {
      "bounding_box": {
        "h": 28.37,
        "w": 34.5,
        "x": 311.57,
        "y": 366.52
      },
      "name": "Não Cisto"
    },
    {
      "bounding_box": {
        "h": 47.54,
        "w": 72.84,
        "x": 102.24,
        "y": 423.26
      },
      "name": "Não Cisto"
    },
    {
      "bounding_box": {
        "h": 51.37,
        "w": 40.64,
        "x": 10.99,
        "y": 59.81
      },
      "name": "Não Cisto"
    },
    {
      "bounding_box": {
        "h": 97.38,
        "w": 121.15,
        "x": 96.1,
        "y": 202.43
      },
      "name": "Não Cisto"
    },
    {
      "bounding_box": {
        "h": 65.94,
        "w": 64.41,
        "x": 265.56,
        "y": 99.68
      },
      "name": "Cisto Viável"
    }
  ]
}