{
  "dataset": "Cisto",
  "image": {
    "width": 640,
    "height": 480,
    "original_filename": "Cisto38.jpg",
    "filename": "Cisto38.jpg",
    "url": "https://darwin.v7labs.com/api/images/38438131/original",
    "thumbnail_url": "https://darwin.v7labs.com/api/images/38438131/thumbnail",
    "path": "/",
    "workview_url": "https://darwin.v7labs.com/workview?dataset=38016&image=470"
  },
  "annotations": [
    {
      "bounding_box": {
        "h": 49.07,
        "w": 42.94,
        "x": 279.36,
        "y": 173.29
      },
      "name": "Cisto Viável"
    }
  ]
}