{
  "dataset": "Cisto",
  "image": {
    "width": 640,
    "height": 480,
    "original_filename": "Cisto207.jpg",
    "filename": "Cisto207.jpg",
    "url": "https://darwin.v7labs.com/api/images/38438083/original",
    "thumbnail_url": "https://darwin.v7labs.com/api/images/38438083/thumbnail",
    "path": "/",
    "workview_url": "https://darwin.v7labs.com/workview?dataset=38016&image=422"
  },
  "annotations": [
    {
      "bounding_box": {
        "h": 58.27,
        "w": 80.51,
        "x": 196.55,
        "y": 254.57
      },
      "name": "Cisto Viável"
    }
  ]
}