{
  "dataset": "Cisto",
  "image": {
    "width": 640,
    "height": 480,
    "original_filename": "Cisto162.jpg",
    "filename": "Cisto162.jpg",
    "url": "https://darwin.v7labs.com/api/images/38437983/original",
    "thumbnail_url": "https://darwin.v7labs.com/api/images/38437983/thumbnail",
    "path": "/",
    "workview_url": "https://darwin.v7labs.com/workview?dataset=38016&image=322"
  },
  "annotations": [
    {
      "bounding_box": {
        "h": 73.61,
        "w": 69.01,
        "x": 33.23,
        "y": 166.39
      },
      "name": "Cisto Inviável"
    },
    {
      "bounding_box": {
        "h": 59.81,
        "w": 59.81,
        "x": 390.54,
        "y": 94.31
      },
      "name": "Cisto Viável"
    },
    {
      "bounding_box": {
        "h": 59.81,
        "w": 58.27,
        "x": 433.48,
        "y": 187.86
      },
      "name": "Cisto Viável"
    },
    {
      "bounding_box": {
        "h": 52.14,
        "w": 46.77,
        "x": 195.78,
        "y": 179.42
      },
      "name": "Cisto Viável"
    },
    {
      "bounding_box": {
        "h": 35.38,
        "w": 43.24,
        "x": 339.21,
        "y": 189.33
      },
      "name": "Cisto Viável"
    }
  ]
}