{
  "dataset": "Cisto",
  "image": {
    "width": 640,
    "height": 480,
    "original_filename": "Cisto28.jpg",
    "filename": "Cisto28.jpg",
    "url": "https://darwin.v7labs.com/api/images/38438115/original",
    "thumbnail_url": "https://darwin.v7labs.com/api/images/38438115/thumbnail",
    "path": "/",
    "workview_url": "https://darwin.v7labs.com/workview?dataset=38016&image=454"
  },
  "annotations": [
    {
      "bounding_box": {
        "h": 44.47,
        "w": 37.57,
        "x": 212.65,
        "y": 384.92
      },
      "name": "Cisto Viável"
    },
    {
      "bounding_box": {
        "h": 47.54,
        "w": 43.71,
        "x": 294.7,
        "y": 245.37
      },
      "name": "Cisto Viável"
    },
    {
      "bounding_box": {
        "h": 62.11,
        "w": 69.01,
        "x": 358.34,
        "y": 174.06
      },
      "name": "Cisto Viável"
    },
    {
      "bounding_box": {
        "h": 42.94,
        "w": 46.77,
        "x": 345.3,
        "y": 35.27
      },
      "name": "Cisto Viável"
    },
    {
      "bounding_box": {
        "h": 34.47,
        "w": 36.89,
        "x": 218.78,
        "y": 229.41
      },
      "name": "Não Cisto"
    },
    {
      "bounding_box": {
        "h": 33.86,
        "w": 32.05,
        "x": 262.93,
        "y": 213.69
      },
      "name": "Não Cisto"
    },
    {
      "bounding_box": {
        "h": 34.47,
        "w": 37.49,
        "x": 325.81,
        "y": 66.76
      },
      "name": "Não Cisto"
    }
  ]
}