{
  "dataset": "Cisto",
  "image": {
    "width": 640,
    "height": 480,
    "original_filename": "Cisto3.jpg",
    "filename": "Cisto3.jpg",
    "url": "https://darwin.v7labs.com/api/images/38438118/original",
    "thumbnail_url": "https://darwin.v7labs.com/api/images/38438118/thumbnail",
    "path": "/",
    "workview_url": "https://darwin.v7labs.com/workview?dataset=38016&image=457"
  },
  "annotations": [
    {
      "bounding_box": {
        "h": 39.87,
        "w": 48.31,
        "x": 126.77,
        "y": 115.02
      },
      "name": "Cisto Viável"
    },
    {
      "bounding_box": {
        "h": 41.41,
        "w": 40.64,
        "x": 297.76,
        "y": 98.91
      },
      "name": "Cisto Viável"
    },
    {
      "bounding_box": {
        "h": 58.27,
        "w": 47.54,
        "x": 321.53,
        "y": 191.69
      },
      "name": "Cisto Viável"
    },
    {
      "bounding_box": {
        "h": 57.51,
        "w": 44.47,
        "x": 462.62,
        "y": 330.48
      },
      "name": "Cisto Viável"
    },
    {
      "bounding_box": {
        "h": 59.04,
        "w": 45.24,
        "x": 267.86,
        "y": 397.19
      },
      "name": "Cisto Viável"
    },
    {
      "bounding_box": {
        "h": 49.07,
        "w": 52.91,
        "x": 261.73,
        "y": 348.12
      },
      "name": "Cisto Viável"
    },
    {
      "bounding_box": {
        "h": 52.14,
        "w": 54.44,
        "x": 144.41,
        "y": 327.41
      },
      "name": "Cisto Viável"
    }
  ]
}