{
  "dataset": "Cisto",
  "image": {
    "width": 640,
    "height": 480,
    "original_filename": "Cisto197.jpg",
    "filename": "Cisto197.jpg",
    "url": "https://darwin.v7labs.com/api/images/38438023/original",
    "thumbnail_url": "https://darwin.v7labs.com/api/images/38438023/thumbnail",
    "path": "/",
    "workview_url": "https://darwin.v7labs.com/workview?dataset=38016&image=362"
  },
  "annotations": [
    {
      "bounding_box": {
        "h": 39.87,
        "w": 47.54,
        "x": 135.97,
        "y": 133.42
      },
      "name": "Cisto Viável"
    },
    {
      "bounding_box": {
        "h": 42.94,
        "w": 38.34,
        "x": 194.25,
        "y": 178.66
      },
      "name": "Cisto Viável"
    },
    {
      "bounding_box": {
        "h": 32.97,
        "w": 42.17,
        "x": 153.61,
        "y": 171.76
      },
      "name": "Cisto Viável"
    },
    {
      "bounding_box": {
        "h": 58.27,
        "w": 55.21,
        "x": 319.23,
        "y": 216.23
      },
      "name": "Cisto Viável"
    },
    {
      "bounding_box": {
        "h": 46.77,
        "w": 51.37,
        "x": 556.93,
        "y": 217.0
      },
      "name": "Cisto Viável"
    },
    {
      "bounding_box": {
        "h": 39.87,
        "w": 36.81,
        "x": 586.07,
        "y": 161.02
      },
      "name": "Cisto Viável"
    },
    {
      "bounding_box": {
        "h": 36.55,
        "w": 32.68,
        "x": 96.74,
        "y": 189.35
      },
      "name": "Cisto Viável"
    },
    {
      "bounding_box": {
        "h": 43.94,
        "w": 29.35,
        "x": 125.17,
        "y": 176.61
      },
      "name": "Cisto Viável"
    },
    {
      "bounding_box": {
        "h": 51.04,
        "w": 53.76,
        "x": 364.1,
        "y": 187.83
      },
      "name": "Cisto Inviável"
    },
    {
      "bounding_box": {
        "h": 37.67,
        "w": 37.67,
        "x": 37.28,
        "y": 61.36
      },
      "name": "Não Cisto"
    },
    {
      "bounding_box": {
        "h": 30.14,
        "w": 33.91,
        "x": 131.47,
        "y": 230.89
      },
      "name": "Não Cisto"
    },
    {
      "bounding_box": {
        "h": 51.8,
        "w": 61.22,
        "x": 441.33,
        "y": 207.34
      },
      "name": "Não Cisto"
    },
    {
      "bounding_box": {
        "h": 44.27,
        "w": 41.44,
        "x": 208.7,
        "y": 122.58
      },
      "name": "Não Cisto"
    }
  ]
}