{
  "dataset": "Cisto",
  "image": {
    "width": 640,
    "height": 480,
    "original_filename": "Cisto311.jpg",
    "filename": "Cisto311.jpg",
    "url": "https://darwin.v7labs.com/api/images/38437734/original",
    "thumbnail_url": "https://darwin.v7labs.com/api/images/38437734/thumbnail",
    "path": "/",
    "workview_url": "https://darwin.v7labs.com/workview?dataset=38016&image=73"
  },
  "annotations": [
    {
      "bounding_box": {
        "h": 96.73,
        "w": 122.53,
        "x": 141.52,
        "y": 13.41
      },
      "name": "Não Cisto"
    },
    {
      "bounding_box": {
        "h": 20.96,
        "w": 25.79,
        "x": 357.55,
        "y": 20.66
      },
      "name": "Não Cisto"
    },
    {
      "bounding_box": {
        "h": 20.96,
        "w": 33.05,
        "x": 545.37,
        "y": 0.51
      },
      "name": "Não Cisto"
    },
    {
      "bounding_box": {
        "h": 26.6,
        "w": 26.6,
        "x": 542.14,
        "y": 126.26
      },
      "name": "Não Cisto"
    },
    {
      "bounding_box": {
        "h": 31.44,
        "w": 32.24,
        "x": 505.87,
        "y": 107.72
      },
      "name": "Não Cisto"
    },
    {
      "bounding_box": {
        "h": 31.44,
        "w": 21.76,
        "x": 207.61,
        "y": 367.28
      },
      "name": "Não Cisto"
    },
    {
      "bounding_box": {
        "h": 76.58,
        "w": 95.92,
        "x": 118.14,
        "y": 350.35
      },
      "name": "Não Cisto"
    },
    {
      "bounding_box": {
        "h": 24.99,
        "w": 36.27,
        "x": 559.87,
        "y": 413.23
      },
      "name": "Não Cisto"
    },
    {
      "bounding_box": {
        "h": 48.59,
        "w": 56.34,
        "x": 277.73,
        "y": 331.36
      },
      "name": "Cisto Viável"
    }
  ]
}