{
  "dataset": "Cisto",
  "image": {
    "width": 640,
    "height": 480,
    "original_filename": "Cisto239.jpg",
    "filename": "Cisto239.jpg",
    "url": "https://darwin.v7labs.com/api/images/38437998/original",
    "thumbnail_url": "https://darwin.v7labs.com/api/images/38437998/thumbnail",
    "path": "/",
    "workview_url": "https://darwin.v7labs.com/workview?dataset=38016&image=337"
  },
  "annotations": [
    {
      "bounding_box": {
        "h": 55.21,
        "w": 42.94,
        "x": 332.27,
        "y": 194.76
      },
      "name": "Cisto Inviável"
    }
  ]
}