{
  "dataset": "Cisto",
  "image": {
    "width": 640,
    "height": 480,
    "original_filename": "Cisto251.jpg",
    "filename": "Cisto251.jpg",
    "url": "https://darwin.v7labs.com/api/images/38438073/original",
    "thumbnail_url": "https://darwin.v7labs.com/api/images/38438073/thumbnail",
    "path": "/",
    "workview_url": "https://darwin.v7labs.com/workview?dataset=38016&image=412"
  },
  "annotations": [
    {
      "bounding_box": {
        "h": 31.41,
        "w": 38.02,
        "x": 568.75,
        "y": 247.85
      },
      "name": "Cisto Inviável"
    },
    {
      "bounding_box": {
        "h": 36.37,
        "w": 28.93,
        "x": 588.58,
        "y": 190.82
      },
      "name": "Cisto Inviável"
    },
    {
      "bounding_box": {
        "h": 55.38,
        "w": 52.9,
        "x": 282.78,
        "y": 335.46
      },
      "name": "Cisto Viável"
    },
    {
      "bounding_box": {
        "h": 31.41,
        "w": 30.58,
        "x": 67.06,
        "y": 89.16
      },
      "name": "Cisto Viável"
    },
    {
      "bounding_box": {
        "h": 31.01,
        "w": 28.28,
        "x": 396.5,
        "y": 65.43
      },
      "name": "Cisto Viável"
    },
    {
      "bounding_box": {
        "h": 19.39,
        "w": 24.38,
        "x": 302.87,
        "y": 177.65
      },
      "name": "Cisto Viável"
    },
    {
      "bounding_box": {
        "h": 34.0,
        "w": 34.0,
        "x": 78.07,
        "y": 262.53
      },
      "name": "Cisto Viável"
    }
  ]
}