{
  "dataset": "Cisto",
  "image": {
    "width": 640,
    "height": 480,
    "original_filename": "Cisto34.jpg",
    "filename": "Cisto34.jpg",
    "url": "https://darwin.v7labs.com/api/images/38438129/original",
    "thumbnail_url": "https://darwin.v7labs.com/api/images/38438129/thumbnail",
    "path": "/",
    "workview_url": "https://darwin.v7labs.com/workview?dataset=38016&image=468"
  },
  "annotations": [
    {
      "bounding_box": {
        "h": 57.1,
        "w": 78.76,
        "x": 234.0,
        "y": 266.8
      },
      "name": "Cisto Inviável"
    }
  ]
}