{
  "dataset": "Cisto",
  "image": {
    "width": 640,
    "height": 480,
    "original_filename": "Cisto62.jpg",
    "filename": "Cisto62.jpg",
    "url": "https://darwin.v7labs.com/api/images/38438108/original",
    "thumbnail_url": "https://darwin.v7labs.com/api/images/38438108/thumbnail",
    "path": "/",
    "workview_url": "https://darwin.v7labs.com/workview?dataset=38016&image=447"
  },
  "annotations": [
    {
      "bounding_box": {
        "h": 52.91,
        "w": 62.11,
        "x": 239.49,
        "y": 223.9
      },
      "name": "Cisto Viável"
    },
    {
      "bounding_box": {
        "h": 62.11,
        "w": 65.18,
        "x": 362.94,
        "y": 344.28
      },
      "name": "Cisto Viável"
    },
    {
      "bounding_box": {
        "h": 31.44,
        "w": 40.64,
        "x": 497.89,
        "y": 60.58
      },
      "name": "Não Cisto"
    }
  ]
}