{
  "dataset": "Cisto",
  "image": {
    "width": 640,
    "height": 480,
    "original_filename": "Cisto389.jpg",
    "filename": "Cisto389.jpg",
    "url": "https://darwin.v7labs.com/api/images/38437882/original",
    "thumbnail_url": "https://darwin.v7labs.com/api/images/38437882/thumbnail",
    "path": "/",
    "workview_url": "https://darwin.v7labs.com/workview?dataset=38016&image=221"
  },
  "annotations": [
    {
      "bounding_box": {
        "h": 67.79,
        "w": 98.3,
        "x": 256.06,
        "y": 123.99
      },
      "name": "Cisto Viável"
    }
  ]
}