{
  "dataset": "Cisto",
  "image": {
    "width": 640,
    "height": 480,
    "original_filename": "Cisto289.jpg",
    "filename": "Cisto289.jpg",
    "url": "https://darwin.v7labs.com/api/images/38437708/original",
    "thumbnail_url": "https://darwin.v7labs.com/api/images/38437708/thumbnail",
    "path": "/",
    "workview_url": "https://darwin.v7labs.com/workview?dataset=38016&image=47"
  },
  "annotations": [
    {
      "bounding_box": {
        "h": 36.81,
        "w": 35.27,
        "x": 239.49,
        "y": 227.73
      },
      "name": "Cisto Inviável"
    },
    {
      "bounding_box": {
        "h": 72.08,
        "w": 52.91,
        "x": 369.84,
        "y": 177.89
      },
      "name": "Cisto Inviável"
    },
    {
      "bounding_box": {
        "h": 46.21,
        "w": 26.41,
        "x": 148.03,
        "y": 367.4
      },
      "name": "Cisto Inviável"
    },
    {
      "bounding_box": {
        "h": 36.31,
        "w": 38.79,
        "x": 108.42,
        "y": 361.62
      },
      "name": "Cisto Viável"
    },
    {
      "bounding_box": {
        "h": 47.04,
        "w": 47.86,
        "x": 178.56,
        "y": 138.81
      },
      "name": "Cisto Inviável"
    },
    {
      "bounding_box": {
        "h": 80.05,
        "w": 55.29,
        "x": 14.34,
        "y": 136.33
      },
      "name": "Não Cisto"
    },
    {
      "bounding_box": {
        "h": 21.46,
        "w": 26.41,
        "x": 32.5,
        "y": 240.31
      },
      "name": "Não Cisto"
    },
    {
      "bounding_box": {
        "h": 27.23,
        "w": 35.48,
        "x": 133.17,
        "y": 220.51
      },
      "name": "Não Cisto"
    },
    {
      "bounding_box": {
        "h": 66.02,
        "w": 76.75,
        "x": 144.73,
        "y": 260.12
      },
      "name": "Não Cisto"
    },
    {
      "bounding_box": {
        "h": 42.91,
        "w": 38.79,
        "x": 214.87,
        "y": 393.8
      },
      "name": "Não Cisto"
    },
    {
      "bounding_box": {
        "h": 32.18,
        "w": 96.55,
        "x": 249.53,
        "y": 262.59
      },
      "name": "Não Cisto"
    },
    {
      "bounding_box": {
        "h": 23.26,
        "w": 28.09,
        "x": 266.87,
        "y": 149.68
      },
      "name": "Não Cisto"
    },
    {
      "bounding_box": {
        "h": 22.34,
        "w": 29.6,
        "x": 480.37,
        "y": 114.36
      },
      "name": "Não Cisto"
    },
    {
      "bounding_box": {
        "h": 37.42,
        "w": 37.98,
        "x": 330.67,
        "y": 58.5
      },
      "name": "Não Cisto"
    },
    {
      "bounding_box": {
        "h": 21.93,
        "w": 25.85,
        "x": 274.51,
        "y": 18.57
      },
      "name": "Não Cisto"
    },
    {
      "bounding_box": {
        "h": 28.2,
        "w": 28.98,
        "x": 193.84,
        "y": 9.17
      },
      "name": "Não Cisto"
    },
    {
      "bounding_box": {
        "h": 28.55,
        "w": 30.14,
        "x": 550.97,
        "y": 207.35
      },
      "name": "Não Cisto"
    },
    {
      "bounding_box": {
        "h": 59.48,
        "w": 49.96,
        "x": 544.62,
        "y": 264.46
      },
      "name": "Não Cisto"
    },
    {
      "bounding_box": {
        "h": 58.69,
        "w": 79.31,
        "x": 410.59,
        "y": -1.23
      },
      "name": "Não Cisto"
    },
    {
      "bounding_box": {
        "h": 98.34,
        "w": 49.96,
        "x": 509.73,
        "y": -2.02
      },
      "name": "Não Cisto"
    },
    {
      "bounding_box": {
        "h": 34.9,
        "w": 23.0,
        "x": 588.24,
        "y": 4.32
      },
      "name": "Não Cisto"
    },
    {
      "bounding_box": {
        "h": 34.9,
        "w": 28.55,
        "x": 605.69,
        "y": 32.88
      },
      "name": "Não Cisto"
    },
    {
      "bounding_box": {
        "h": 45.21,
        "w": 24.59,
        "x": 583.48,
        "y": 177.22
      },
      "name": "Não Cisto"
    },
    {
      "bounding_box": {
        "h": 55.52,
        "w": 54.72,
        "x": 39.43,
        "y": 401.66
      },
      "name": "Não Cisto"
    },
    {
      "bounding_box": {
        "h": 30.14,
        "w": 26.17,
        "x": 286.87,
        "y": 405.62
      },
      "name": "Não Cisto"
    },
    {
      "bounding_box": {
        "h": 38.07,
        "w": 49.17,
        "x": 520.04,
        "y": 365.97
      },
      "name": "Não Cisto"
    },
    {
      "bounding_box": {
        "h": 57.1,
        "w": 45.21,
        "x": 315.42,
        "y": 407.21
      },
      "name": "Não Cisto"
    },
    {
      "bounding_box": {
        "h": 34.9,
        "w": 46.79,
        "x": 205.98,
        "y": 67.77
      },
      "name": "Não Cisto"
    },
    {
      "bounding_box": {
        "h": 53.93,
        "w": 39.65,
        "x": 155.22,
        "y": 94.74
      },
      "name": "Não Cisto"
    }
  ]
}