{
  "dataset": "Cisto",
  "image": {
    "width": 640,
    "height": 480,
    "original_filename": "Cisto88.jpg",
    "filename": "Cisto88.jpg",
    "url": "https://darwin.v7labs.com/api/images/38437889/original",
    "thumbnail_url": "https://darwin.v7labs.com/api/images/38437889/thumbnail",
    "path": "/",
    "workview_url": "https://darwin.v7labs.com/workview?dataset=38016&image=228"
  },
  "annotations": [
    {
      "bounding_box": {
        "h": 70.54,
        "w": 82.04,
        "x": 283.19,
        "y": 53.67
      },
      "name": "Não Cisto"
    },
    {
      "bounding_box": {
        "h": 79.74,
        "w": 72.84,
        "x": 381.34,
        "y": 50.61
      },
      "name": "Não Cisto"
    },
    {
      "bounding_box": {
        "h": 66.71,
        "w": 76.68,
        "x": 205.75,
        "y": 368.05
      },
      "name": "Não Cisto"
    },
    {
      "bounding_box": {
        "h": 36.04,
        "w": 36.04,
        "x": 253.29,
        "y": 296.74
      },
      "name": "Não Cisto"
    },
    {
      "bounding_box": {
        "h": 51.37,
        "w": 55.21,
        "x": 320,
        "y": 236.93
      },
      "name": "Cisto Viável"
    },
    {
      "bounding_box": {
        "h": 57.29,
        "w": 51.14,
        "x": 314.5,
        "y": 154.4
      },
      "name": "Cisto Viável"
    }
  ]
}