{
  "dataset": "Cisto",
  "image": {
    "width": 640,
    "height": 480,
    "original_filename": "Cisto342.jpg",
    "filename": "Cisto342.jpg",
    "url": "https://darwin.v7labs.com/api/images/38437747/original",
    "thumbnail_url": "https://darwin.v7labs.com/api/images/38437747/thumbnail",
    "path": "/",
    "workview_url": "https://darwin.v7labs.com/workview?dataset=38016&image=86"
  },
  "annotations": [
    {
      "bounding_box": {
        "h": 62.71,
        "w": 74.57,
        "x": 493.02,
        "y": 156.72
      },
      "name": "Cisto Inviável"
    },
    {
      "bounding_box": {
        "h": 35.59,
        "w": 49.15,
        "x": 279.47,
        "y": 140.62
      },
      "name": "Cisto Inviável"
    },
    {
      "bounding_box": {
        "h": 43.22,
        "w": 52.54,
        "x": 230.32,
        "y": 149.09
      },
      "name": "Cisto Viável"
    },
    {
      "bounding_box": {
        "h": 49.15,
        "w": 74.57,
        "x": 24.4,
        "y": 155.02
      },
      "name": "Não Cisto"
    },
    {
      "bounding_box": {
        "h": 61.01,
        "w": 54.23,
        "x": 140.49,
        "y": 186.38
      },
      "name": "Não Cisto"
    },
    {
      "bounding_box": {
        "h": 89.83,
        "w": 48.3,
        "x": 0.67,
        "y": 228.75
      },
      "name": "Não Cisto"
    },
    {
      "bounding_box": {
        "h": 50.0,
        "w": 47.46,
        "x": 319.3,
        "y": 373.66
      },
      "name": "Não Cisto"
    },
    {
      "bounding_box": {
        "h": 48.3,
        "w": 53.39,
        "x": 320.15,
        "y": 429.58
      },
      "name": "Não Cisto"
    },
    {
      "bounding_box": {
        "h": 52.54,
        "w": 43.22,
        "x": 411.67,
        "y": 219.43
      },
      "name": "Não Cisto"
    },
    {
      "bounding_box": {
        "h": 49.15,
        "w": 35.59,
        "x": 592.17,
        "y": 137.23
      },
      "name": "Não Cisto"
    },
    {
      "bounding_box": {
        "h": 76.27,
        "w": 51.69,
        "x": 366.75,
        "y": 221.97
      },
      "name": "Não Cisto"
    },
    {
      "bounding_box": {
        "h": 88.13,
        "w": 72.88,
        "x": 226.93,
        "y": 188.07
      },
      "name": "Não Cisto"
    },
    {
      "bounding_box": {
        "h": 36.44,
        "w": 27.96,
        "x": 407.43,
        "y": 121.97
      },
      "name": "Não Cisto"
    },
    {
      "bounding_box": {
        "h": 26.27,
        "w": 25.42,
        "x": 403.19,
        "y": 159.26
      },
      "name": "Não Cisto"
    },
    {
      "bounding_box": {
        "h": 30.51,
        "w": 28.81,
        "x": 382.85,
        "y": 143.16
      },
      "name": "Não Cisto"
    },
    {
      "bounding_box": {
        "h": 33.9,
        "w": 43.22,
        "x": 22.7,
        "y": 378.74
      },
      "name": "Não Cisto"
    }
  ]
}