{
  "dataset": "Cisto",
  "image": {
    "width": 640,
    "height": 480,
    "original_filename": "Cisto47.jpg",
    "filename": "Cisto47.jpg",
    "url": "https://darwin.v7labs.com/api/images/38438104/original",
    "thumbnail_url": "https://darwin.v7labs.com/api/images/38438104/thumbnail",
    "path": "/",
    "workview_url": "https://darwin.v7labs.com/workview?dataset=38016&image=443"
  },
  "annotations": [
    {
      "bounding_box": {
        "h": 36.81,
        "w": 46.37,
        "x": 398.0,
        "y": 247.89
      },
      "name": "Cisto Inviável"
    },
    {
      "bounding_box": {
        "h": 31.65,
        "w": 45.39,
        "x": 250.39,
        "y": 186.04
      },
      "name": "Cisto Viável"
    },
    {
      "bounding_box": {
        "h": 39.56,
        "w": 37.48,
        "x": 322.85,
        "y": 175.21
      },
      "name": "Cisto Viável"
    },
    {
      "bounding_box": {
        "h": 46.23,
        "w": 38.31,
        "x": 349.5,
        "y": 224.77
      },
      "name": "Cisto Viável"
    },
    {
      "bounding_box": {
        "h": 34.17,
        "w": 42.87,
        "x": 436.53,
        "y": 123.64
      },
      "name": "Não Cisto"
    },
    {
      "bounding_box": {
        "h": 41.62,
        "w": 59.64,
        "x": 437.77,
        "y": 184.52
      },
      "name": "Não Cisto"
    },
    {
      "bounding_box": {
        "h": 60.26,
        "w": 60.26,
        "x": 265.68,
        "y": 101.89
      },
      "name": "Não Cisto"
    }
  ]
}