{
  "dataset": "Cisto",
  "image": {
    "width": 640,
    "height": 480,
    "original_filename": "Cisto80.jpg",
    "filename": "Cisto80.jpg",
    "url": "https://darwin.v7labs.com/api/images/38437911/original",
    "thumbnail_url": "https://darwin.v7labs.com/api/images/38437911/thumbnail",
    "path": "/",
    "workview_url": "https://darwin.v7labs.com/workview?dataset=38016&image=250"
  },
  "annotations": [
    {
      "bounding_box": {
        "h": 38.34,
        "w": 36.04,
        "x": 237.19,
        "y": 220.83
      },
      "name": "Cisto Viável"
    },
    {
      "bounding_box": {
        "h": 33.74,
        "w": 27.6,
        "x": 301.6,
        "y": 219.3
      },
      "name": "Cisto Viável"
    },
    {
      "bounding_box": {
        "h": 27.6,
        "w": 29.14,
        "x": 321.53,
        "y": 207.03
      },
      "name": "Cisto Viável"
    },
    {
      "bounding_box": {
        "h": 33.74,
        "w": 26.07,
        "x": 270.93,
        "y": 219.3
      },
      "name": "Cisto Viável"
    },
    {
      "bounding_box": {
        "h": 62.88,
        "w": 65.94,
        "x": 82.3,
        "y": 397.96
      },
      "name": "Cisto Viável"
    },
    {
      "bounding_box": {
        "h": 47.49,
        "w": 25.72,
        "x": 613.08,
        "y": 173.9
      },
      "name": "Cisto Viável"
    },
    {
      "bounding_box": {
        "h": 66.82,
        "w": 65.02,
        "x": 318.69,
        "y": 102.3
      },
      "name": "Não Cisto"
    },
    {
      "bounding_box": {
        "h": 33.41,
        "w": 35.22,
        "x": 511.03,
        "y": 143.83
      },
      "name": "Não Cisto"
    },
    {
      "bounding_box": {
        "h": 46.05,
        "w": 118.29,
        "x": 487.55,
        "y": 165.51
      },
      "name": "Não Cisto"
    },
    {
      "bounding_box": {
        "h": 60.5,
        "w": 60.5,
        "x": 395.44,
        "y": 52.63
      },
      "name": "Não Cisto"
    },
    {
      "bounding_box": {
        "h": 50.57,
        "w": 77.66,
        "x": 148.93,
        "y": 71.59
      },
      "name": "Não Cisto"
    },
    {
      "bounding_box": {
        "h": 38.83,
        "w": 41.54,
        "x": 139.9,
        "y": 272.96
      },
      "name": "Não Cisto"
    },
    {
      "bounding_box": {
        "h": 38.83,
        "w": 25.28,
        "x": 182.34,
        "y": 269.35
      },
      "name": "Não Cisto"
    },
    {
      "bounding_box": {
        "h": 28.9,
        "w": 30.7,
        "x": 247.35,
        "y": 263.03
      },
      "name": "Não Cisto"
    },
    {
      "bounding_box": {
        "h": 40.63,
        "w": 34.31,
        "x": 386.41,
        "y": 202.53
      },
      "name": "Não Cisto"
    }
  ]
}