{
  "dataset": "Cisto",
  "image": {
    "width": 640,
    "height": 480,
    "original_filename": "Cisto160.jpg",
    "filename": "Cisto160.jpg",
    "url": "https://darwin.v7labs.com/api/images/38437980/original",
    "thumbnail_url": "https://darwin.v7labs.com/api/images/38437980/thumbnail",
    "path": "/",
    "workview_url": "https://darwin.v7labs.com/workview?dataset=38016&image=319"
  },
  "annotations": [
    {
      "bounding_box": {
        "h": 32.47,
        "w": 40.59,
        "x": 175.4,
        "y": 295.79
      },
      "name": "Cisto Viável"
    },
    {
      "bounding_box": {
        "h": 45.75,
        "w": 43.99,
        "x": 475.36,
        "y": 62.73
      },
      "name": "Cisto Inviável"
    },
    {
      "bounding_box": {
        "h": 50.84,
        "w": 49.53,
        "x": 526.32,
        "y": 251.39
      },
      "name": "Cisto Inviável"
    },
    {
      "bounding_box": {
        "h": 52.02,
        "w": 49.76,
        "x": 270.59,
        "y": 323.74
      },
      "name": "Não Cisto"
    }
  ]
}