{
  "dataset": "Cisto",
  "image": {
    "width": 640,
    "height": 480,
    "original_filename": "Cisto72.jpg",
    "filename": "Cisto72.jpg",
    "url": "https://darwin.v7labs.com/api/images/38438122/original",
    "thumbnail_url": "https://darwin.v7labs.com/api/images/38438122/thumbnail",
    "path": "/",
    "workview_url": "https://darwin.v7labs.com/workview?dataset=38016&image=461"
  },
  "annotations": [
    {
      "bounding_box": {
        "h": 41.41,
        "w": 61.34,
        "x": 49.33,
        "y": 94.31
      },
      "name": "Cisto Viável"
    },
    {
      "bounding_box": {
        "h": 58.27,
        "w": 55.97,
        "x": 266.33,
        "y": 62.88
      },
      "name": "Cisto Viável"
    },
    {
      "bounding_box": {
        "h": 57.51,
        "w": 66.71,
        "x": 369.84,
        "y": 131.12
      },
      "name": "Cisto Inviável"
    }
  ]
}