{
  "dataset": "Cisto",
  "image": {
    "width": 640,
    "height": 480,
    "original_filename": "Cisto191.jpg",
    "filename": "Cisto191.jpg",
    "url": "https://darwin.v7labs.com/api/images/38438052/original",
    "thumbnail_url": "https://darwin.v7labs.com/api/images/38438052/thumbnail",
    "path": "/",
    "workview_url": "https://darwin.v7labs.com/workview?dataset=38016&image=391"
  },
  "annotations": [
    {
      "bounding_box": {
        "h": 32.2,
        "w": 39.87,
        "x": 163.58,
        "y": 375.72
      },
      "name": "Cisto Viável"
    },
    {
      "bounding_box": {
        "h": 34.5,
        "w": 31.44,
        "x": 313.1,
        "y": 132.65
      },
      "name": "Cisto Inviável"
    },
    {
      "bounding_box": {
        "h": 49.07,
        "w": 52.91,
        "x": 466.45,
        "y": 299.04
      },
      "name": "Não Cisto"
    },
    {
      "bounding_box": {
        "h": 54.44,
        "w": 51.37,
        "x": 111.44,
        "y": 49.07
      },
      "name": "Não Cisto"
    }
  ]
}