{
  "dataset": "Cisto",
  "image": {
    "width": 640,
    "height": 480,
    "original_filename": "Cisto376.jpg",
    "filename": "Cisto376.jpg",
    "url": "https://darwin.v7labs.com/api/images/38437741/original",
    "thumbnail_url": "https://darwin.v7labs.com/api/images/38437741/thumbnail",
    "path": "/",
    "workview_url": "https://darwin.v7labs.com/workview?dataset=38016&image=80"
  },
  "annotations": [
    {
      "bounding_box": {
        "h": 39.87,
        "w": 35.27,
        "x": 382.88,
        "y": 409.46
      },
      "name": "Não Cisto"
    },
    {
      "bounding_box": {
        "h": 91.25,
        "w": 78.21,
        "x": 419.68,
        "y": 136.49
      },
      "name": "Não Cisto"
    },
    {
      "bounding_box": {
        "h": 84.35,
        "w": 64.41,
        "x": 128.31,
        "y": 21.47
      },
      "name": "Cisto Inviável"
    },
    {
      "bounding_box": {
        "h": 65.94,
        "w": 63.64,
        "x": 94.57,
        "y": 410.22
      },
      "name": "Cisto Viável"
    }
  ]
}