{
  "dataset": "Cisto",
  "image": {
    "width": 640,
    "height": 480,
    "original_filename": "Cisto346.jpg",
    "filename": "Cisto346.jpg",
    "url": "https://darwin.v7labs.com/api/images/38437778/original",
    "thumbnail_url": "https://darwin.v7labs.com/api/images/38437778/thumbnail",
    "path": "/",
    "workview_url": "https://darwin.v7labs.com/workview?dataset=38016&image=117"
  },
  "annotations": [
    {
      "bounding_box": {
        "h": 57.85,
        "w": 36.98,
        "x": -0.22,
        "y": 130.44
      },
      "name": "Não Cisto"
    },
    {
      "bounding_box": {
        "h": 40.78,
        "w": 39.83,
        "x": 227.38,
        "y": 249.92
      },
      "name": "Não Cisto"
    },
    {
      "bounding_box": {
        "h": 36.98,
        "w": 44.57,
        "x": 483.43,
        "y": 207.25
      },
      "name": "Não Cisto"
    },
    {
      "bounding_box": {
        "h": 59.74,
        "w": 41.73,
        "x": 544.12,
        "y": 378.9
      },
      "name": "Não Cisto"
    },
    {
      "bounding_box": {
        "h": 38.88,
        "w": 58.8,
        "x": 359.2,
        "y": 340.01
      },
      "name": "Não Cisto"
    },
    {
      "bounding_box": {
        "h": 94.83,
        "w": 52.16,
        "x": 340.23,
        "y": 374.15
      },
      "name": "Não Cisto"
    },
    {
      "bounding_box": {
        "h": 42.67,
        "w": 34.14,
        "x": 245.4,
        "y": 429.16
      },
      "name": "Não Cisto"
    },
    {
      "bounding_box": {
        "h": 140.35,
        "w": 54.05,
        "x": 145.83,
        "y": 252.77
      },
      "name": "Não Cisto"
    },
    {
      "bounding_box": {
        "h": 57.85,
        "w": 128.97,
        "x": 31.08,
        "y": 247.08
      },
      "name": "Não Cisto"
    },
    {
      "bounding_box": {
        "h": 33.19,
        "w": 110.95,
        "x": 198.93,
        "y": 179.75
      },
      "name": "Não Cisto"
    },
    {
      "bounding_box": {
        "h": 102.42,
        "w": 153.63,
        "x": 330.75,
        "y": -1.38
      },
      "name": "Não Cisto"
    },
    {
      "bounding_box": {
        "h": 51.21,
        "w": 55.95,
        "x": 207.47,
        "y": 24.22
      },
      "name": "Cisto Inviável"
    },
    {
      "bounding_box": {
        "h": 48.36,
        "w": 58.8,
        "x": 152.46,
        "y": 105.78
      },
      "name": "Cisto Viável"
    },
    {
      "bounding_box": {
        "h": 45.52,
        "w": 53.11,
        "x": 197.98,
        "y": 76.38
      },
      "name": "Cisto Viável"
    },
    {
      "bounding_box": {
        "h": 44.57,
        "w": 56.9,
        "x": 270.06,
        "y": 120.0
      },
      "name": "Cisto Viável"
    }
  ]
}