{
  "dataset": "Cisto",
  "image": {
    "width": 640,
    "height": 480,
    "original_filename": "Cisto212.jpg",
    "filename": "Cisto212.jpg",
    "url": "https://darwin.v7labs.com/api/images/38437986/original",
    "thumbnail_url": "https://darwin.v7labs.com/api/images/38437986/thumbnail",
    "path": "/",
    "workview_url": "https://darwin.v7labs.com/workview?dataset=38016&image=325"
  },
  "annotations": [
    {
      "bounding_box": {
        "h": 40.64,
        "w": 50.61,
        "x": 206.52,
        "y": 280.64
      },
      "name": "Cisto Viável"
    },
    {
      "bounding_box": {
        "h": 36.81,
        "w": 53.67,
        "x": 203.45,
        "y": 244.6
      },
      "name": "Cisto Viável"
    },
    {
      "bounding_box": {
        "h": 56.74,
        "w": 40.64,
        "x": 267.86,
        "y": 142.62
      },
      "name": "Cisto Viável"
    },
    {
      "bounding_box": {
        "h": 49.07,
        "w": 37.57,
        "x": 234.89,
        "y": 147.99
      },
      "name": "Cisto Viável"
    },
    {
      "bounding_box": {
        "h": 30.79,
        "w": 39.48,
        "x": 260.21,
        "y": 343.58
      },
      "name": "Não Cisto"
    }
  ]
}