{
  "dataset": "Cisto",
  "image": {
    "width": 640,
    "height": 480,
    "original_filename": "Cisto400.jpg",
    "filename": "Cisto400.jpg",
    "url": "https://darwin.v7labs.com/api/images/38437843/original",
    "thumbnail_url": "https://darwin.v7labs.com/api/images/38437843/thumbnail",
    "path": "/",
    "workview_url": "https://darwin.v7labs.com/workview?dataset=38016&image=182"
  },
  "annotations": [
    {
      "bounding_box": {
        "h": 51.26,
        "w": 95.58,
        "x": 245.06,
        "y": 113.36
      },
      "name": "Cisto Inviável"
    },
    {
      "bounding_box": {
        "h": 70.38,
        "w": 51.26,
        "x": 46.09,
        "y": 156.81
      },
      "name": "Cisto Viável"
    },
    {
      "bounding_box": {
        "h": 39.97,
        "w": 38.23,
        "x": 152.96,
        "y": 84.69
      },
      "name": "Cisto Viável"
    },
    {
      "bounding_box": {
        "h": 53.87,
        "w": 44.31,
        "x": 184.24,
        "y": 114.23
      },
      "name": "Cisto Viável"
    },
    {
      "bounding_box": {
        "h": 33.02,
        "w": 45.18,
        "x": 164.26,
        "y": 47.33
      },
      "name": "Cisto Viável"
    },
    {
      "bounding_box": {
        "h": 33.02,
        "w": 35.62,
        "x": 414.49,
        "y": 12.57
      },
      "name": "Cisto Viável"
    },
    {
      "bounding_box": {
        "h": 46.05,
        "w": 59.08,
        "x": 321.52,
        "y": 223.71
      },
      "name": "Cisto Viável"
    },
    {
      "bounding_box": {
        "h": 26.93,
        "w": 39.97,
        "x": 383.21,
        "y": 244.56
      },
      "name": "Cisto Viável"
    },
    {
      "bounding_box": {
        "h": 42.57,
        "w": 44.31,
        "x": 473.57,
        "y": 417.47
      },
      "name": "Cisto Viável"
    },
    {
      "bounding_box": {
        "h": 56.48,
        "w": 52.13,
        "x": 532.66,
        "y": 313.2
      },
      "name": "Cisto Viável"
    },
    {
      "bounding_box": {
        "h": 40.84,
        "w": 37.36,
        "x": 602.17,
        "y": 327.97
      },
      "name": "Cisto Viável"
    },
    {
      "bounding_box": {
        "h": 30.78,
        "w": 33.24,
        "x": 524.87,
        "y": 368.1
      },
      "name": "Cisto Viável"
    },
    {
      "bounding_box": {
        "h": 23.8,
        "w": 27.5,
        "x": 610.24,
        "y": 361.94
      },
      "name": "Cisto Viável"
    },
    {
      "bounding_box": {
        "h": 30.57,
        "w": 31.62,
        "x": 516.17,
        "y": 6.12
      },
      "name": "Cisto Viável"
    },
    {
      "bounding_box": {
        "h": 23.06,
        "w": 32.58,
        "x": 357.76,
        "y": 326.24
      },
      "name": "Cisto Inviável"
    }
  ]
}