{
  "dataset": "Cisto",
  "image": {
    "width": 640,
    "height": 480,
    "original_filename": "Cisto375.jpg",
    "filename": "Cisto375.jpg",
    "url": "https://darwin.v7labs.com/api/images/38437719/original",
    "thumbnail_url": "https://darwin.v7labs.com/api/images/38437719/thumbnail",
    "path": "/",
    "workview_url": "https://darwin.v7labs.com/workview?dataset=38016&image=58"
  },
  "annotations": [
    {
      "bounding_box": {
        "h": 24.54,
        "w": 29.9,
        "x": 121.41,
        "y": 225.43
      },
      "name": "Não Cisto"
    },
    {
      "bounding_box": {
        "h": 44.47,
        "w": 49.07,
        "x": 335.34,
        "y": 107.35
      },
      "name": "Não Cisto"
    },
    {
      "bounding_box": {
        "h": 26.84,
        "w": 52.91,
        "x": 395.91,
        "y": 220.06
      },
      "name": "Não Cisto"
    },
    {
      "bounding_box": {
        "h": 35.27,
        "w": 39.11,
        "x": 297.0,
        "y": 300.58
      },
      "name": "Não Cisto"
    },
    {
      "bounding_box": {
        "h": 47.54,
        "w": 49.07,
        "x": 212.65,
        "y": 374.19
      },
      "name": "Não Cisto"
    },
    {
      "bounding_box": {
        "h": 32.2,
        "w": 62.88,
        "x": 145.18,
        "y": 412.52
      },
      "name": "Não Cisto"
    },
    {
      "bounding_box": {
        "h": 25.3,
        "w": 40.64,
        "x": 277.06,
        "y": 441.66
      },
      "name": "Não Cisto"
    },
    {
      "bounding_box": {
        "h": 23.77,
        "w": 37.57,
        "x": 268.63,
        "y": 395.65
      },
      "name": "Não Cisto"
    },
    {
      "bounding_box": {
        "h": 35.27,
        "w": 32.2,
        "x": 250.99,
        "y": 325.11
      },
      "name": "Não Cisto"
    },
    {
      "bounding_box": {
        "h": 42.17,
        "w": 35.27,
        "x": 229.52,
        "y": 97.38
      },
      "name": "Não Cisto"
    },
    {
      "bounding_box": {
        "h": 20.7,
        "w": 18.4,
        "x": 402.81,
        "y": 53.67
      },
      "name": "Não Cisto"
    },
    {
      "bounding_box": {
        "h": 31.44,
        "w": 39.11,
        "x": 496.36,
        "y": 16.87
      },
      "name": "Não Cisto"
    },
    {
      "bounding_box": {
        "h": 24.86,
        "w": 23.35,
        "x": 356.47,
        "y": 396.82
      },
      "name": "Não Cisto"
    },
    {
      "bounding_box": {
        "h": 21.84,
        "w": 33.94,
        "x": 317.34,
        "y": 417.36
      },
      "name": "Não Cisto"
    },
    {
      "bounding_box": {
        "h": 27.67,
        "w": 28.11,
        "x": 329.23,
        "y": 391.41
      },
      "name": "Não Cisto"
    },
    {
      "bounding_box": {
        "h": 18.9,
        "w": 28.61,
        "x": 163.01,
        "y": 456.75
      },
      "name": "Não Cisto"
    },
    {
      "bounding_box": {
        "h": 38.88,
        "w": 38.88,
        "x": 155.72,
        "y": 77.11
      },
      "name": "Cisto Viável"
    },
    {
      "bounding_box": {
        "h": 42.08,
        "w": 41.17,
        "x": 453.04,
        "y": 198.78
      },
      "name": "Cisto Viável"
    },
    {
      "bounding_box": {
        "h": 37.46,
        "w": 44.48,
        "x": 361.93,
        "y": 348.81
      },
      "name": "Cisto Viável"
    }
  ]
}