{
  "dataset": "Cisto",
  "image": {
    "width": 640,
    "height": 480,
    "original_filename": "Cisto404.jpg",
    "filename": "Cisto404.jpg",
    "url": "https://darwin.v7labs.com/api/images/38437798/original",
    "thumbnail_url": "https://darwin.v7labs.com/api/images/38437798/thumbnail",
    "path": "/",
    "workview_url": "https://darwin.v7labs.com/workview?dataset=38016&image=137"
  },
  "annotations": [
    {
      "bounding_box": {
        "h": 57.02,
        "w": 51.67,
        "x": 289.15,
        "y": 220.33
      },
      "name": "Cisto Viável"
    },
    {
      "bounding_box": {
        "h": 57.02,
        "w": 56.12,
        "x": 364.87,
        "y": 182.02
      },
      "name": "Cisto Viável"
    },
    {
      "bounding_box": {
        "h": 52.56,
        "w": 56.12,
        "x": 513.65,
        "y": 132.14
      },
      "name": "Cisto Viável"
    },
    {
      "bounding_box": {
        "h": 32.07,
        "w": 35.63,
        "x": 187.59,
        "y": 195.39
      },
      "name": "Não Cisto"
    },
    {
      "bounding_box": {
        "h": 26.73,
        "w": 32.07,
        "x": 280.24,
        "y": 133.92
      },
      "name": "Não Cisto"
    },
    {
      "bounding_box": {
        "h": 32.07,
        "w": 34.74,
        "x": 387.15,
        "y": 108.97
      },
      "name": "Não Cisto"
    },
    {
      "bounding_box": {
        "h": 43.65,
        "w": 32.96,
        "x": 466.43,
        "y": 118.77
      },
      "name": "Não Cisto"
    },
    {
      "bounding_box": {
        "h": 31.18,
        "w": 29.4,
        "x": 579.57,
        "y": 49.28
      },
      "name": "Não Cisto"
    },
    {
      "bounding_box": {
        "h": 32.07,
        "w": 31.18,
        "x": 563.54,
        "y": 188.26
      },
      "name": "Não Cisto"
    },
    {
      "bounding_box": {
        "h": 30.29,
        "w": 30.29,
        "x": 442.38,
        "y": 370.0
      },
      "name": "Não Cisto"
    },
    {
      "bounding_box": {
        "h": 30.29,
        "w": 39.2,
        "x": 417.44,
        "y": 427.01
      },
      "name": "Não Cisto"
    },
    {
      "bounding_box": {
        "h": 32.07,
        "w": 39.2,
        "x": 338.15,
        "y": 436.81
      },
      "name": "Não Cisto"
    },
    {
      "bounding_box": {
        "h": 33.47,
        "w": 41.05,
        "x": 501.55,
        "y": 443.95
      },
      "name": "Não Cisto"
    }
  ]
}