{
  "dataset": "Cisto",
  "image": {
    "width": 640,
    "height": 480,
    "original_filename": "Cisto386.jpg",
    "filename": "Cisto386.jpg",
    "url": "https://darwin.v7labs.com/api/images/38437800/original",
    "thumbnail_url": "https://darwin.v7labs.com/api/images/38437800/thumbnail",
    "path": "/",
    "workview_url": "https://darwin.v7labs.com/workview?dataset=38016&image=139"
  },
  "annotations": [
    {
      "bounding_box": {
        "h": 40.2,
        "w": 64.61,
        "x": 160.49,
        "y": 376.93
      },
      "name": "Cisto Viável"
    },
    {
      "bounding_box": {
        "h": 27.74,
        "w": 36.84,
        "x": 197.67,
        "y": 353.4
      },
      "name": "Cisto Viável"
    },
    {
      "bounding_box": {
        "h": 44.59,
        "w": 27.6,
        "x": 319.58,
        "y": 428.59
      },
      "name": "Não Cisto"
    },
    {
      "bounding_box": {
        "h": 27.18,
        "w": 26.33,
        "x": 324.68,
        "y": 335.17
      },
      "name": "Não Cisto"
    },
    {
      "bounding_box": {
        "h": 30.58,
        "w": 30.58,
        "x": 414.71,
        "y": 243.01
      },
      "name": "Não Cisto"
    },
    {
      "bounding_box": {
        "h": 31.43,
        "w": 26.75,
        "x": 432.55,
        "y": 325.82
      },
      "name": "Não Cisto"
    },
    {
      "bounding_box": {
        "h": 23.36,
        "w": 21.66,
        "x": 412.16,
        "y": 330.5
      },
      "name": "Não Cisto"
    },
    {
      "bounding_box": {
        "h": 30.58,
        "w": 59.03,
        "x": 186.66,
        "y": 240.89
      },
      "name": "Não Cisto"
    },
    {
      "bounding_box": {
        "h": 39.14,
        "w": 39.74,
        "x": 116.91,
        "y": 104.2
      },
      "name": "Não Cisto"
    },
    {
      "bounding_box": {
        "h": 25.5,
        "w": 31.43,
        "x": 159.61,
        "y": 64.46
      },
      "name": "Não Cisto"
    },
    {
      "bounding_box": {
        "h": 40.33,
        "w": 30.25,
        "x": 112.76,
        "y": 140.97
      },
      "name": "Não Cisto"
    },
    {
      "bounding_box": {
        "h": 61.68,
        "w": 34.99,
        "x": 46.33,
        "y": 97.08
      },
      "name": "Não Cisto"
    },
    {
      "bounding_box": {
        "h": 71.76,
        "w": 83.03,
        "x": 234.34,
        "y": 159.36
      },
      "name": "Não Cisto"
    },
    {
      "bounding_box": {
        "h": 35.59,
        "w": 42.11,
        "x": 551.05,
        "y": 143.94
      },
      "name": "Não Cisto"
    },
    {
      "bounding_box": {
        "h": 35.59,
        "w": 48.04,
        "x": 555.79,
        "y": 105.98
      },
      "name": "Não Cisto"
    }
  ]
}