{
  "dataset": "Cisto",
  "image": {
    "width": 640,
    "height": 480,
    "original_filename": "Cisto351.jpg",
    "filename": "Cisto351.jpg",
    "url": "https://darwin.v7labs.com/api/images/38437751/original",
    "thumbnail_url": "https://darwin.v7labs.com/api/images/38437751/thumbnail",
    "path": "/",
    "workview_url": "https://darwin.v7labs.com/workview?dataset=38016&image=90"
  },
  "annotations": [
    {
      "bounding_box": {
        "h": 105.98,
        "w": 79.73,
        "x": 1.95,
        "y": 104.97
      },
      "name": "Não Cisto"
    },
    {
      "bounding_box": {
        "h": 65.15,
        "w": 84.59,
        "x": 102.1,
        "y": 413.2
      },
      "name": "Não Cisto"
    },
    {
      "bounding_box": {
        "h": 36.95,
        "w": 73.9,
        "x": 215.86,
        "y": 444.32
      },
      "name": "Não Cisto"
    },
    {
      "bounding_box": {
        "h": 101.12,
        "w": 103.07,
        "x": 231.42,
        "y": 85.53
      },
      "name": "Não Cisto"
    },
    {
      "bounding_box": {
        "h": 54.45,
        "w": 47.64,
        "x": 281.01,
        "y": 192.48
      },
      "name": "Cisto Viável"
    },
    {
      "bounding_box": {
        "h": 31.11,
        "w": 35.0,
        "x": 285.87,
        "y": 60.25
      },
      "name": "Cisto Viável"
    },
    {
      "bounding_box": {
        "h": 49.59,
        "w": 57.37,
        "x": 282.95,
        "y": 22.33
      },
      "name": "Cisto Viável"
    },
    {
      "bounding_box": {
        "h": 27.23,
        "w": 31.11,
        "x": 289.76,
        "y": 4.82
      },
      "name": "Cisto Viável"
    },
    {
      "bounding_box": {
        "h": 49.59,
        "w": 54.45,
        "x": 253.78,
        "y": 236.24
      },
      "name": "Cisto Viável"
    },
    {
      "bounding_box": {
        "h": 69.04,
        "w": 78.76,
        "x": 448.25,
        "y": -1.01
      },
      "name": "Cisto Inviável"
    },
    {
      "bounding_box": {
        "h": 49.59,
        "w": 47.64,
        "x": 373.38,
        "y": 415.15
      },
      "name": "Cisto Inviável"
    },
    {
      "bounding_box": {
        "h": 58.34,
        "w": 54.45,
        "x": 311.15,
        "y": 153.59
      },
      "name": "Cisto Inviável"
    },
    {
      "bounding_box": {
        "h": 201.58,
        "w": 64.11,
        "x": 183.67,
        "y": 149.06
      },
      "name": "Não Cisto"
    }
  ]
}