{
  "dataset": "Cisto",
  "image": {
    "width": 640,
    "height": 480,
    "original_filename": "Cisto159.jpg",
    "filename": "Cisto159.jpg",
    "url": "https://darwin.v7labs.com/api/images/38437924/original",
    "thumbnail_url": "https://darwin.v7labs.com/api/images/38437924/thumbnail",
    "path": "/",
    "workview_url": "https://darwin.v7labs.com/workview?dataset=38016&image=263"
  },
  "annotations": [
    {
      "bounding_box": {
        "h": 50.61,
        "w": 88.95,
        "x": 8.69,
        "y": 33.74
      },
      "name": "Cisto Viável"
    },
    {
      "bounding_box": {
        "h": 49.07,
        "w": 50.61,
        "x": 202.68,
        "y": 78.21
      },
      "name": "Cisto Viável"
    },
    {
      "bounding_box": {
        "h": 48.31,
        "w": 60.58,
        "x": 265.56,
        "y": 194.76
      },
      "name": "Cisto Viável"
    },
    {
      "bounding_box": {
        "h": 40.64,
        "w": 46.77,
        "x": 245.62,
        "y": 272.97
      },
      "name": "Cisto Viável"
    },
    {
      "bounding_box": {
        "h": 42.6,
        "w": 38.63,
        "x": 368.1,
        "y": 429.74
      },
      "name": "Cisto Viável"
    },
    {
      "bounding_box": {
        "h": 71.57,
        "w": 140.62,
        "x": 349.89,
        "y": 227.14
      },
      "name": "Não Cisto"
    },
    {
      "bounding_box": {
        "h": 65.29,
        "w": 62.15,
        "x": 307.2,
        "y": 78.36
      },
      "name": "Não Cisto"
    },
    {
      "bounding_box": {
        "h": 79.73,
        "w": 104.21,
        "x": 403.88,
        "y": 50.74
      },
      "name": "Não Cisto"
    },
    {
      "bounding_box": {
        "h": 38.31,
        "w": 35.63,
        "x": 122.12,
        "y": 88.45
      },
      "name": "Não Cisto"
    },
    {
      "bounding_box": {
        "h": 34.74,
        "w": 47.22,
        "x": 211.21,
        "y": 147.24
      },
      "name": "Não Cisto"
    },
    {
      "bounding_box": {
        "h": 39.2,
        "w": 37.42,
        "x": 48.18,
        "y": 154.37
      },
      "name": "Não Cisto"
    }
  ]
}