{
  "dataset": "Cisto",
  "image": {
    "width": 640,
    "height": 480,
    "original_filename": "Cisto101.jpg",
    "filename": "Cisto101.jpg",
    "url": "https://darwin.v7labs.com/api/images/38437961/original",
    "thumbnail_url": "https://darwin.v7labs.com/api/images/38437961/thumbnail",
    "path": "/",
    "workview_url": "https://darwin.v7labs.com/workview?dataset=38016&image=300"
  },
  "annotations": [
    {
      "bounding_box": {
        "h": 41.41,
        "w": 42.94,
        "x": 231.05,
        "y": 131.12
      },
      "name": "Cisto Viável"
    },
    {
      "bounding_box": {
        "h": 41.41,
        "w": 49.07,
        "x": 277.06,
        "y": 271.44
      },
      "name": "Cisto Viável"
    },
    {
      "bounding_box": {
        "h": 38.34,
        "w": 47.54,
        "x": 274.76,
        "y": 236.17
      },
      "name": "Cisto Viável"
    },
    {
      "bounding_box": {
        "h": 36.81,
        "w": 25.3,
        "x": 166.65,
        "y": 225.43
      },
      "name": "Cisto Viável"
    },
    {
      "bounding_box": {
        "h": 62.03,
        "w": 83.26,
        "x": 85.16,
        "y": 354.29
      },
      "name": "Não Cisto"
    },
    {
      "bounding_box": {
        "h": 89.24,
        "w": 37.46,
        "x": 316.27,
        "y": 336.99
      },
      "name": "Não Cisto"
    },
    {
      "bounding_box": {
        "h": 34.16,
        "w": 28.65,
        "x": 175.24,
        "y": 351.31
      },
      "name": "Não Cisto"
    },
    {
      "bounding_box": {
        "h": 27.54,
        "w": 29.75,
        "x": 158.71,
        "y": 192.65
      },
      "name": "Não Cisto"
    },
    {
      "bounding_box": {
        "h": 58.39,
        "w": 68.31,
        "x": 217.11,
        "y": 39.5
      },
      "name": "Não Cisto"
    },
    {
      "bounding_box": {
        "h": 44.07,
        "w": 37.46,
        "x": 23.19,
        "y": 143.07
      },
      "name": "Não Cisto"
    },
    {
      "bounding_box": {
        "h": 48.48,
        "w": 45.17,
        "x": 3.36,
        "y": 206.97
      },
      "name": "Não Cisto"
    }
  ]
}