{
  "dataset": "Cisto",
  "image": {
    "width": 640,
    "height": 480,
    "original_filename": "Cisto258.jpg",
    "filename": "Cisto258.jpg",
    "url": "https://darwin.v7labs.com/api/images/38438079/original",
    "thumbnail_url": "https://darwin.v7labs.com/api/images/38438079/thumbnail",
    "path": "/",
    "workview_url": "https://darwin.v7labs.com/workview?dataset=38016&image=418"
  },
  "annotations": [
    {
      "bounding_box": {
        "h": 79.74,
        "w": 75.91,
        "x": 464.92,
        "y": 188.63
      },
      "name": "Cisto Inviável"
    },
    {
      "bounding_box": {
        "h": 67.48,
        "w": 97.38,
        "x": 538.53,
        "y": 179.42
      },
      "name": "Cisto Inviável"
    },
    {
      "bounding_box": {
        "h": 84.35,
        "w": 52.14,
        "x": 168.18,
        "y": 75.91
      },
      "name": "Cisto Viável"
    },
    {
      "bounding_box": {
        "h": 52.91,
        "w": 52.91,
        "x": 483.32,
        "y": 132.65
      },
      "name": "Cisto Viável"
    },
    {
      "bounding_box": {
        "h": 88.95,
        "w": 59.81,
        "x": 244.86,
        "y": 65.18
      },
      "name": "Não Cisto"
    }
  ]
}