{
  "dataset": "Cisto",
  "image": {
    "width": 640,
    "height": 480,
    "original_filename": "Cisto115.jpg",
    "filename": "Cisto115.jpg",
    "url": "https://darwin.v7labs.com/api/images/38437916/original",
    "thumbnail_url": "https://darwin.v7labs.com/api/images/38437916/thumbnail",
    "path": "/",
    "workview_url": "https://darwin.v7labs.com/workview?dataset=38016&image=255"
  },
  "annotations": [
    {
      "bounding_box": {
        "h": 74.38,
        "w": 65.94,
        "x": 232.59,
        "y": 181.73
      },
      "name": "Cisto Viável"
    },
    {
      "bounding_box": {
        "h": 46.77,
        "w": 36.04,
        "x": 191.95,
        "y": 314.38
      },
      "name": "Cisto Viável"
    },
    {
      "bounding_box": {
        "h": 39.11,
        "w": 41.41,
        "x": 389.78,
        "y": 149.52
      },
      "name": "Não Cisto"
    },
    {
      "bounding_box": {
        "h": 46.01,
        "w": 32.2,
        "x": 427.35,
        "y": 207.03
      },
      "name": "Não Cisto"
    },
    {
      "bounding_box": {
        "h": 39.11,
        "w": 30.67,
        "x": 405.11,
        "y": 292.14
      },
      "name": "Não Cisto"
    }
  ]
}