{
  "dataset": "Cisto",
  "image": {
    "width": 640,
    "height": 480,
    "original_filename": "Cisto50.jpg",
    "filename": "Cisto50.jpg",
    "url": "https://darwin.v7labs.com/api/images/38438094/original",
    "thumbnail_url": "https://darwin.v7labs.com/api/images/38438094/thumbnail",
    "path": "/",
    "workview_url": "https://darwin.v7labs.com/workview?dataset=38016&image=433"
  },
  "annotations": [
    {
      "bounding_box": {
        "h": 75.91,
        "w": 75.91,
        "x": 152.08,
        "y": 259.17
      },
      "name": "Cisto Inviável"
    }
  ]
}