{
  "dataset": "Cisto",
  "image": {
    "width": 640,
    "height": 480,
    "original_filename": "Cisto372.jpg",
    "filename": "Cisto372.jpg",
    "url": "https://darwin.v7labs.com/api/images/38437777/original",
    "thumbnail_url": "https://darwin.v7labs.com/api/images/38437777/thumbnail",
    "path": "/",
    "workview_url": "https://darwin.v7labs.com/workview?dataset=38016&image=116"
  },
  "annotations": [
    {
      "bounding_box": {
        "h": 33.02,
        "w": 38.23,
        "x": 186.16,
        "y": 66.59
      },
      "name": "Cisto Viável"
    },
    {
      "bounding_box": {
        "h": 51.26,
        "w": 40.84,
        "x": 542.4,
        "y": 16.19
      },
      "name": "Cisto Viável"
    },
    {
      "bounding_box": {
        "h": 33.89,
        "w": 35.62,
        "x": 204.41,
        "y": 218.64
      },
      "name": "Cisto Viável"
    },
    {
      "bounding_box": {
        "h": 33.89,
        "w": 27.8,
        "x": 316.49,
        "y": 306.39
      },
      "name": "Cisto Viável"
    },
    {
      "bounding_box": {
        "h": 29.54,
        "w": 38.23,
        "x": 269.58,
        "y": 40.52
      },
      "name": "Cisto Viável"
    },
    {
      "bounding_box": {
        "h": 45.17,
        "w": 49.43,
        "x": 91.31,
        "y": 99.88
      },
      "name": "Não Cisto"
    },
    {
      "bounding_box": {
        "h": 25.57,
        "w": 33.24,
        "x": 60.63,
        "y": 47.89
      },
      "name": "Não Cisto"
    },
    {
      "bounding_box": {
        "h": 24.71,
        "w": 57.95,
        "x": 50.41,
        "y": 22.33
      },
      "name": "Não Cisto"
    },
    {
      "bounding_box": {
        "h": 62.21,
        "w": 25.57,
        "x": 35.07,
        "y": 162.94
      },
      "name": "Não Cisto"
    },
    {
      "bounding_box": {
        "h": 31.53,
        "w": 51.99,
        "x": 83.64,
        "y": 161.24
      },
      "name": "Não Cisto"
    },
    {
      "bounding_box": {
        "h": 126.98,
        "w": 91.19,
        "x": 87.9,
        "y": 350.43
      },
      "name": "Não Cisto"
    },
    {
      "bounding_box": {
        "h": 46.02,
        "w": 35.79,
        "x": 139.04,
        "y": 287.37
      },
      "name": "Não Cisto"
    },
    {
      "bounding_box": {
        "h": 31.53,
        "w": 23.86,
        "x": 87.9,
        "y": 220.89
      },
      "name": "Não Cisto"
    },
    {
      "bounding_box": {
        "h": 24.71,
        "w": 25.57,
        "x": 23.99,
        "y": 253.28
      },
      "name": "Não Cisto"
    },
    {
      "bounding_box": {
        "h": 33.24,
        "w": 34.94,
        "x": 41.88,
        "y": 446.73
      },
      "name": "Não Cisto"
    },
    {
      "bounding_box": {
        "h": 37.5,
        "w": 32.38,
        "x": 176.53,
        "y": 430.54
      },
      "name": "Não Cisto"
    },
    {
      "bounding_box": {
        "h": 43.46,
        "w": 63.06,
        "x": 553.21,
        "y": 179.14
      },
      "name": "Não Cisto"
    },
    {
      "bounding_box": {
        "h": 24.71,
        "w": 28.98,
        "x": 556.62,
        "y": 150.16
      },
      "name": "Não Cisto"
    },
    {
      "bounding_box": {
        "h": 72.44,
        "w": 36.65,
        "x": 514.86,
        "y": 177.43
      },
      "name": "Não Cisto"
    },
    {
      "bounding_box": {
        "h": 50.28,
        "w": 44.32,
        "x": 514.01,
        "y": 75.17
      },
      "name": "Não Cisto"
    },
    {
      "bounding_box": {
        "h": 30.68,
        "w": 57.95,
        "x": 456.06,
        "y": 59.83
      },
      "name": "Não Cisto"
    },
    {
      "bounding_box": {
        "h": 92.04,
        "w": 30.68,
        "x": 343.57,
        "y": 10.4
      },
      "name": "Não Cisto"
    },
    {
      "bounding_box": {
        "h": 85.22,
        "w": 68.18,
        "x": 569.4,
        "y": 378.55
      },
      "name": "Não Cisto"
    },
    {
      "bounding_box": {
        "h": 57.1,
        "w": 59.66,
        "x": 531.91,
        "y": 335.09
      },
      "name": "Não Cisto"
    },
    {
      "bounding_box": {
        "h": 30.68,
        "w": 40.91,
        "x": 423.68,
        "y": 404.12
      },
      "name": "Não Cisto"
    },
    {
      "bounding_box": {
        "h": 47.72,
        "w": 34.09,
        "x": 367.43,
        "y": 356.4
      },
      "name": "Não Cisto"
    },
    {
      "bounding_box": {
        "h": 85.22,
        "w": 51.99,
        "x": 292.43,
        "y": 337.65
      },
      "name": "Não Cisto"
    },
    {
      "bounding_box": {
        "h": 23.86,
        "w": 39.2,
        "x": 294.99,
        "y": 244.76
      },
      "name": "Não Cisto"
    },
    {
      "bounding_box": {
        "h": 30.68,
        "w": 38.35,
        "x": 181.65,
        "y": 12.1
      },
      "name": "Não Cisto"
    },
    {
      "bounding_box": {
        "h": 28.12,
        "w": 34.09,
        "x": 341.86,
        "y": 11.25
      },
      "name": "Não Cisto"
    },
    {
      "bounding_box": {
        "h": 38.35,
        "w": 31.53,
        "x": 442.42,
        "y": 165.5
      },
      "name": "Cisto Viável"
    },
    {
      "bounding_box": {
        "h": 34.09,
        "w": 31.53,
        "x": 442.42,
        "y": 242.2
      },
      "name": "Cisto Viável"
    },
    {
      "bounding_box": {
        "h": 35.79,
        "w": 38.35,
        "x": 292.43,
        "y": 196.18
      },
      "name": "Não Cisto"
    },
    {
      "bounding_box": {
        "h": 23.86,
        "w": 48.58,
        "x": 216.59,
        "y": 175.73
      },
      "name": "Não Cisto"
    },
    {
      "bounding_box": {
        "h": 85.22,
        "w": 52.84,
        "x": 37.62,
        "y": 335.94
      },
      "name": "Não Cisto"
    },
    {
      "bounding_box": {
        "h": 42.61,
        "w": 59.66,
        "x": 82.79,
        "y": 317.19
      },
      "name": "Não Cisto"
    }
  ]
}