{
  "dataset": "Cisto",
  "image": {
    "width": 640,
    "height": 480,
    "original_filename": "Cisto347.jpg",
    "filename": "Cisto347.jpg",
    "url": "https://darwin.v7labs.com/api/images/38437731/original",
    "thumbnail_url": "https://darwin.v7labs.com/api/images/38437731/thumbnail",
    "path": "/",
    "workview_url": "https://darwin.v7labs.com/workview?dataset=38016&image=70"
  },
  "annotations": [
    {
      "bounding_box": {
        "h": 25.51,
        "w": 35.39,
        "x": 342.98,
        "y": 290.47
      },
      "name": "Não Cisto"
    },
    {
      "bounding_box": {
        "h": 26.34,
        "w": 26.34,
        "x": 499.35,
        "y": 394.17
      },
      "name": "Não Cisto"
    },
    {
      "bounding_box": {
        "h": 30.45,
        "w": 27.16,
        "x": 548.73,
        "y": 120.94
      },
      "name": "Não Cisto"
    },
    {
      "bounding_box": {
        "h": 80.65,
        "w": 67.49,
        "x": 450.8,
        "y": 260.85
      },
      "name": "Não Cisto"
    },
    {
      "bounding_box": {
        "h": 36.21,
        "w": 38.68,
        "x": 267.27,
        "y": 213.11
      },
      "name": "Cisto Inviável"
    }
  ]
}