{
  "dataset": "Cisto",
  "image": {
    "width": 640,
    "height": 480,
    "original_filename": "Cisto295.jpg",
    "filename": "Cisto295.jpg",
    "url": "https://darwin.v7labs.com/api/images/38437713/original",
    "thumbnail_url": "https://darwin.v7labs.com/api/images/38437713/thumbnail",
    "path": "/",
    "workview_url": "https://darwin.v7labs.com/workview?dataset=38016&image=52"
  },
  "annotations": [
    {
      "bounding_box": {
        "h": 56.74,
        "w": 53.67,
        "x": 134.44,
        "y": 173.29
      },
      "name": "Cisto Viável"
    },
    {
      "bounding_box": {
        "h": 71.31,
        "w": 30.67,
        "x": 99.17,
        "y": 256.1
      },
      "name": "Não Cisto"
    },
    {
      "bounding_box": {
        "h": 44.47,
        "w": 36.04,
        "x": 227.99,
        "y": 262.24
      },
      "name": "Não Cisto"
    },
    {
      "bounding_box": {
        "h": 33.74,
        "w": 31.44,
        "x": 305.43,
        "y": 223.9
      },
      "name": "Não Cisto"
    },
    {
      "bounding_box": {
        "h": 35.27,
        "w": 27.6,
        "x": 436.55,
        "y": 326.65
      },
      "name": "Não Cisto"
    },
    {
      "bounding_box": {
        "h": 40.64,
        "w": 47.54,
        "x": 272.46,
        "y": 374.19
      },
      "name": "Não Cisto"
    },
    {
      "bounding_box": {
        "h": 30.67,
        "w": 29.14,
        "x": 389.01,
        "y": 430.93
      },
      "name": "Não Cisto"
    },
    {
      "bounding_box": {
        "h": 26.07,
        "w": 35.27,
        "x": 583.77,
        "y": 452.4
      },
      "name": "Não Cisto"
    },
    {
      "bounding_box": {
        "h": 30.67,
        "w": 33.74,
        "x": 357.57,
        "y": 430.93
      },
      "name": "Não Cisto"
    }
  ]
}