{
  "dataset": "Cisto",
  "image": {
    "width": 640,
    "height": 480,
    "original_filename": "Cisto412.jpg",
    "filename": "Cisto412.jpg",
    "url": "https://darwin.v7labs.com/api/images/38437877/original",
    "thumbnail_url": "https://darwin.v7labs.com/api/images/38437877/thumbnail",
    "path": "/",
    "workview_url": "https://darwin.v7labs.com/workview?dataset=38016&image=216"
  },
  "annotations": [
    {
      "bounding_box": {
        "h": 49.84,
        "w": 48.31,
        "x": 209.58,
        "y": 130.35
      },
      "name": "Cisto Viável"
    },
    {
      "bounding_box": {
        "h": 49.84,
        "w": 65.94,
        "x": 520.89,
        "y": 187.09
      },
      "name": "Cisto Viável"
    },
    {
      "bounding_box": {
        "h": 33.74,
        "w": 34.5,
        "x": 513.23,
        "y": 235.4
      },
      "name": "Cisto Viável"
    },
    {
      "bounding_box": {
        "h": 40.64,
        "w": 29.9,
        "x": 409.71,
        "y": 170.22
      },
      "name": "Cisto Viável"
    },
    {
      "bounding_box": {
        "h": 51.37,
        "w": 43.71,
        "x": 568.43,
        "y": 306.71
      },
      "name": "Cisto Viável"
    },
    {
      "bounding_box": {
        "h": 42.17,
        "w": 42.94,
        "x": 408.95,
        "y": 424.03
      },
      "name": "Cisto Viável"
    },
    {
      "bounding_box": {
        "h": 36.77,
        "w": 40.64,
        "x": 584.23,
        "y": 416.93
      },
      "name": "Cisto Viável"
    },
    {
      "bounding_box": {
        "h": 34.58,
        "w": 51.37,
        "x": 176.67,
        "y": 225.83
      },
      "name": "Cisto Inviável"
    },
    {
      "bounding_box": {
        "h": 64.95,
        "w": 74.45,
        "x": 268.69,
        "y": 219.42
      },
      "name": "Não Cisto"
    },
    {
      "bounding_box": {
        "h": 71.28,
        "w": 91.88,
        "x": 308.29,
        "y": 293.87
      },
      "name": "Não Cisto"
    },
    {
      "bounding_box": {
        "h": 44.35,
        "w": 80.79,
        "x": 179.98,
        "y": 304.96
      },
      "name": "Não Cisto"
    },
    {
      "bounding_box": {
        "h": 46.78,
        "w": 77.97,
        "x": 11.99,
        "y": 147.75
      },
      "name": "Não Cisto"
    }
  ]
}