{
  "dataset": "Cisto",
  "image": {
    "width": 640,
    "height": 480,
    "original_filename": "Cisto36.jpg",
    "filename": "Cisto36.jpg",
    "url": "https://darwin.v7labs.com/api/images/38438133/original",
    "thumbnail_url": "https://darwin.v7labs.com/api/images/38438133/thumbnail",
    "path": "/",
    "workview_url": "https://darwin.v7labs.com/workview?dataset=38016&image=472"
  },
  "annotations": [
    {
      "bounding_box": {
        "h": 36.81,
        "w": 38.34,
        "x": 318.47,
        "y": 108.88
      },
      "name": "Cisto Viável"
    },
    {
      "bounding_box": {
        "h": 42.94,
        "w": 37.57,
        "x": 320,
        "y": 107.35
      },
      "name": "Cisto Viável"
    }
  ]
}