{
  "dataset": "Cisto",
  "image": {
    "width": 640,
    "height": 480,
    "original_filename": "Cisto77.jpg",
    "filename": "Cisto77.jpg",
    "url": "https://darwin.v7labs.com/api/images/38437929/original",
    "thumbnail_url": "https://darwin.v7labs.com/api/images/38437929/thumbnail",
    "path": "/",
    "workview_url": "https://darwin.v7labs.com/workview?dataset=38016&image=268"
  },
  "annotations": [
    {
      "bounding_box": {
        "h": 32.59,
        "w": 49.53,
        "x": 246.56,
        "y": 71.84
      },
      "name": "Cisto Viável"
    },
    {
      "bounding_box": {
        "h": 54.1,
        "w": 44.97,
        "x": 421.89,
        "y": 151.36
      },
      "name": "Cisto Viável"
    },
    {
      "bounding_box": {
        "h": 51.49,
        "w": 60.61,
        "x": 339.12,
        "y": 251.73
      },
      "name": "Cisto Viável"
    },
    {
      "bounding_box": {
        "h": 42.11,
        "w": 61.5,
        "x": 323.85,
        "y": 440.18
      },
      "name": "Cisto Viável"
    },
    {
      "bounding_box": {
        "h": 60.53,
        "w": 42.92,
        "x": 443.22,
        "y": 261.43
      },
      "name": "Não Cisto"
    },
    {
      "bounding_box": {
        "h": 31.36,
        "w": 73.18,
        "x": 472.94,
        "y": 308.75
      },
      "name": "Não Cisto"
    },
    {
      "bounding_box": {
        "h": 31.91,
        "w": 113.35,
        "x": 492.19,
        "y": 332.96
      },
      "name": "Não Cisto"
    },
    {
      "bounding_box": {
        "h": 45.67,
        "w": 42.92,
        "x": 533.46,
        "y": 165.69
      },
      "name": "Não Cisto"
    },
    {
      "bounding_box": {
        "h": 41.27,
        "w": 73.18,
        "x": 261.65,
        "y": 411.64
      },
      "name": "Não Cisto"
    },
    {
      "bounding_box": {
        "h": 30.26,
        "w": 60.53,
        "x": 269.9,
        "y": 386.88
      },
      "name": "Cisto Inviável"
    },
    {
      "bounding_box": {
        "h": 53.97,
        "w": 42.7,
        "x": 576.68,
        "y": 406.44
      },
      "name": "Cisto Inviável"
    },
    {
      "bounding_box": {
        "h": 33.81,
        "w": 39.74,
        "x": 501.96,
        "y": 364.33
      },
      "name": "Cisto Inviável"
    }
  ]
}