{
  "dataset": "Cisto",
  "image": {
    "width": 640,
    "height": 480,
    "original_filename": "Cisto192.jpg",
    "filename": "Cisto192.jpg",
    "url": "https://darwin.v7labs.com/api/images/38438047/original",
    "thumbnail_url": "https://darwin.v7labs.com/api/images/38438047/thumbnail",
    "path": "/",
    "workview_url": "https://darwin.v7labs.com/workview?dataset=38016&image=386"
  },
  "annotations": [
    {
      "bounding_box": {
        "h": 62.88,
        "w": 50.61,
        "x": 313.1,
        "y": 170.22
      },
      "name": "Cisto Viável"
    },
    {
      "bounding_box": {
        "h": 64.41,
        "w": 52.14,
        "x": 384.41,
        "y": 242.3
      },
      "name": "Cisto Viável"
    }
  ]
}