{
  "dataset": "Cisto",
  "image": {
    "width": 640,
    "height": 480,
    "original_filename": "Cisto488.jpg",
    "filename": "Cisto488.jpg",
    "url": "https://darwin.v7labs.com/api/images/38437675/original",
    "thumbnail_url": "https://darwin.v7labs.com/api/images/38437675/thumbnail",
    "path": "/",
    "workview_url": "https://darwin.v7labs.com/workview?dataset=38016&image=14"
  },
  "annotations": [
    {
      "bounding_box": {
        "h": 84.35,
        "w": 76.68,
        "x": 393.61,
        "y": 164.09
      },
      "name": "Não Cisto"
    },
    {
      "bounding_box": {
        "h": 57.51,
        "w": 62.88,
        "x": 346.07,
        "y": 187.86
      },
      "name": "Não Cisto"
    },
    {
      "bounding_box": {
        "h": 24.54,
        "w": 34.5,
        "x": 191.95,
        "y": 289.84
      },
      "name": "Não Cisto"
    },
    {
      "bounding_box": {
        "h": 32.2,
        "w": 36.04,
        "x": 231.82,
        "y": 297.51
      },
      "name": "Não Cisto"
    },
    {
      "bounding_box": {
        "h": 22.24,
        "w": 22.24,
        "x": 273.99,
        "y": 310.54
      },
      "name": "Não Cisto"
    },
    {
      "bounding_box": {
        "h": 26.07,
        "w": 28.37,
        "x": 253.29,
        "y": 266.84
      },
      "name": "Não Cisto"
    },
    {
      "bounding_box": {
        "h": 32.2,
        "w": 29.14,
        "x": 146.71,
        "y": 323.58
      },
      "name": "Não Cisto"
    },
    {
      "bounding_box": {
        "h": 75.14,
        "w": 86.65,
        "x": 300.83,
        "y": 207.8
      },
      "name": "Não Cisto"
    },
    {
      "bounding_box": {
        "h": 64.41,
        "w": 42.17,
        "x": 382.11,
        "y": 256.1
      },
      "name": "Não Cisto"
    },
    {
      "bounding_box": {
        "h": 27.6,
        "w": 77.44,
        "x": 423.51,
        "y": 286.77
      },
      "name": "Não Cisto"
    },
    {
      "bounding_box": {
        "h": 30.67,
        "w": 37.57,
        "x": 513.23,
        "y": 309.78
      },
      "name": "Não Cisto"
    },
    {
      "bounding_box": {
        "h": 58.27,
        "w": 85.11,
        "x": 98.4,
        "y": 222.36
      },
      "name": "Não Cisto"
    },
    {
      "bounding_box": {
        "h": 74.38,
        "w": 65.94,
        "x": 21.73,
        "y": 226.96
      },
      "name": "Cisto Inviável"
    },
    {
      "bounding_box": {
        "h": 53.67,
        "w": 42.59,
        "x": 43.49,
        "y": 164.42
      },
      "name": "Cisto Inviável"
    },
    {
      "bounding_box": {
        "h": 51.92,
        "w": 57.76,
        "x": 534.13,
        "y": 186.59
      },
      "name": "Cisto Viável"
    }
  ]
}