{
  "dataset": "Cisto",
  "image": {
    "width": 640,
    "height": 480,
    "original_filename": "Cisto41.jpg",
    "filename": "Cisto41.jpg",
    "url": "https://darwin.v7labs.com/api/images/38438146/original",
    "thumbnail_url": "https://darwin.v7labs.com/api/images/38438146/thumbnail",
    "path": "/",
    "workview_url": "https://darwin.v7labs.com/workview?dataset=38016&image=485"
  },
  "annotations": [
    {
      "bounding_box": {
        "h": 54.44,
        "w": 46.77,
        "x": 303.9,
        "y": 252.27
      },
      "name": "Cisto Viável"
    },
    {
      "bounding_box": {
        "h": 64.41,
        "w": 61.34,
        "x": 231.05,
        "y": 265.3
      },
      "name": "Cisto Inviável"
    },
    {
      "bounding_box": {
        "h": 38.34,
        "w": 46.77,
        "x": 280.13,
        "y": 0
      },
      "name": "Cisto Inviável"
    }
  ]
}