{
  "dataset": "Cisto",
  "image": {
    "width": 640,
    "height": 480,
    "original_filename": "Cisto262.jpg",
    "filename": "Cisto262.jpg",
    "url": "https://darwin.v7labs.com/api/images/38437992/original",
    "thumbnail_url": "https://darwin.v7labs.com/api/images/38437992/thumbnail",
    "path": "/",
    "workview_url": "https://darwin.v7labs.com/workview?dataset=38016&image=331"
  },
  "annotations": [
    {
      "bounding_box": {
        "h": 59.81,
        "w": 59.81,
        "x": 427.35,
        "y": 171.76
      },
      "name": "Cisto Inviável"
    }
  ]
}