{
  "dataset": "Cisto",
  "image": {
    "width": 640,
    "height": 480,
    "original_filename": "Cisto358.jpg",
    "filename": "Cisto358.jpg",
    "url": "https://darwin.v7labs.com/api/images/38437702/original",
    "thumbnail_url": "https://darwin.v7labs.com/api/images/38437702/thumbnail",
    "path": "/",
    "workview_url": "https://darwin.v7labs.com/workview?dataset=38016&image=41"
  },
  "annotations": [
    {
      "bounding_box": {
        "h": 47.22,
        "w": 40.09,
        "x": 304.68,
        "y": 333.31
      },
      "name": "Cisto Inviável"
    },
    {
      "bounding_box": {
        "h": 44.54,
        "w": 52.56,
        "x": 194.21,
        "y": 172.96
      },
      "name": "Cisto Inviável"
    },
    {
      "bounding_box": {
        "h": 51.67,
        "w": 52.56,
        "x": 73.94,
        "y": 91.89
      },
      "name": "Cisto Viável"
    },
    {
      "bounding_box": {
        "h": 53.45,
        "w": 73.94,
        "x": 274.39,
        "y": 130.19
      },
      "name": "Cisto Viável"
    },
    {
      "bounding_box": {
        "h": 57.02,
        "w": 57.02,
        "x": 398.22,
        "y": 165.83
      },
      "name": "Cisto Viável"
    },
    {
      "bounding_box": {
        "h": 42.76,
        "w": 42.76,
        "x": 432.96,
        "y": 238.88
      },
      "name": "Cisto Viável"
    },
    {
      "bounding_box": {
        "h": 50.78,
        "w": 57.91,
        "x": 508.68,
        "y": 205.03
      },
      "name": "Cisto Viável"
    },
    {
      "bounding_box": {
        "h": 34.74,
        "w": 49.0,
        "x": 141.65,
        "y": 152.47
      },
      "name": "Cisto Viável"
    },
    {
      "bounding_box": {
        "h": 23.16,
        "w": 29.4,
        "x": 41.87,
        "y": 73.18
      },
      "name": "Não Cisto"
    },
    {
      "bounding_box": {
        "h": 30.29,
        "w": 36.53,
        "x": 49.89,
        "y": 115.94
      },
      "name": "Não Cisto"
    },
    {
      "bounding_box": {
        "h": 32.96,
        "w": 24.94,
        "x": 66.81,
        "y": 158.7
      },
      "name": "Não Cisto"
    },
    {
      "bounding_box": {
        "h": 35.63,
        "w": 29.4,
        "x": 30.29,
        "y": 156.92
      },
      "name": "Não Cisto"
    },
    {
      "bounding_box": {
        "h": 28.51,
        "w": 23.16,
        "x": 119.38,
        "y": 233.53
      },
      "name": "Não Cisto"
    },
    {
      "bounding_box": {
        "h": 28.51,
        "w": 28.51,
        "x": 149.67,
        "y": 235.32
      },
      "name": "Não Cisto"
    },
    {
      "bounding_box": {
        "h": 27.62,
        "w": 29.4,
        "x": 191.54,
        "y": 213.94
      },
      "name": "Não Cisto"
    },
    {
      "bounding_box": {
        "h": 32.96,
        "w": 24.94,
        "x": 277.95,
        "y": 224.63
      },
      "name": "Não Cisto"
    },
    {
      "bounding_box": {
        "h": 23.16,
        "w": 22.27,
        "x": 306.46,
        "y": 246.01
      },
      "name": "Não Cisto"
    },
    {
      "bounding_box": {
        "h": 32.07,
        "w": 26.73,
        "x": 328.73,
        "y": 265.61
      },
      "name": "Não Cisto"
    },
    {
      "bounding_box": {
        "h": 49.89,
        "w": 57.91,
        "x": 416.92,
        "y": 311.04
      },
      "name": "Não Cisto"
    },
    {
      "bounding_box": {
        "h": 24.05,
        "w": 24.05,
        "x": 484.63,
        "y": 319.95
      },
      "name": "Não Cisto"
    },
    {
      "bounding_box": {
        "h": 18.71,
        "w": 18.71,
        "x": 512.25,
        "y": 344.0
      },
      "name": "Não Cisto"
    },
    {
      "bounding_box": {
        "h": 24.94,
        "w": 23.16,
        "x": 523.83,
        "y": 288.77
      },
      "name": "Não Cisto"
    },
    {
      "bounding_box": {
        "h": 30.29,
        "w": 24.94,
        "x": 579.95,
        "y": 316.38
      },
      "name": "Não Cisto"
    },
    {
      "bounding_box": {
        "h": 26.73,
        "w": 32.07,
        "x": 180.85,
        "y": 418.83
      },
      "name": "Não Cisto"
    },
    {
      "bounding_box": {
        "h": 23.16,
        "w": 23.16,
        "x": 259.24,
        "y": 431.31
      },
      "name": "Não Cisto"
    },
    {
      "bounding_box": {
        "h": 27.62,
        "w": 31.18,
        "x": 224.5,
        "y": 448.23
      },
      "name": "Não Cisto"
    },
    {
      "bounding_box": {
        "h": 49.0,
        "w": 32.96,
        "x": 208.46,
        "y": 141.78
      },
      "name": "Não Cisto"
    },
    {
      "bounding_box": {
        "h": 94.43,
        "w": 122.94,
        "x": 156.79,
        "y": 25.07
      },
      "name": "Não Cisto"
    },
    {
      "bounding_box": {
        "h": 24.22,
        "w": 29.09,
        "x": 300.09,
        "y": 373.31
      },
      "name": "Não Cisto"
    },
    {
      "bounding_box": {
        "h": 23.53,
        "w": 21.94,
        "x": 329.38,
        "y": 367.16
      },
      "name": "Não Cisto"
    },
    {
      "bounding_box": {
        "h": 47.48,
        "w": 48.85,
        "x": 217.61,
        "y": 406.8
      },
      "name": "Não Cisto"
    },
    {
      "bounding_box": {
        "h": 64.79,
        "w": 51.08,
        "x": 232.77,
        "y": 200.93
      },
      "name": "Não Cisto"
    }
  ]
}