{
  "dataset": "Cisto",
  "image": {
    "width": 640,
    "height": 480,
    "original_filename": "Cisto137.jpg",
    "filename": "Cisto137.jpg",
    "url": "https://darwin.v7labs.com/api/images/38437926/original",
    "thumbnail_url": "https://darwin.v7labs.com/api/images/38437926/thumbnail",
    "path": "/",
    "workview_url": "https://darwin.v7labs.com/workview?dataset=38016&image=265"
  },
  "annotations": [
    {
      "bounding_box": {
        "h": 56.12,
        "w": 63.25,
        "x": 340.82,
        "y": 120.73
      },
      "name": "Cisto Viável"
    },
    {
      "bounding_box": {
        "h": 34.26,
        "w": 41.0,
        "x": 575.13,
        "y": 3.6
      },
      "name": "Cisto Viável"
    },
    {
      "bounding_box": {
        "h": 54.44,
        "w": 74.45,
        "x": 154.25,
        "y": 142.99
      },
      "name": "Não Cisto"
    },
    {
      "bounding_box": {
        "h": 68.05,
        "w": 72.85,
        "x": 373.61,
        "y": 244.67
      },
      "name": "Não Cisto"
    },
    {
      "bounding_box": {
        "h": 48.84,
        "w": 61.64,
        "x": 313.57,
        "y": 175.02
      },
      "name": "Não Cisto"
    },
    {
      "bounding_box": {
        "h": 41.63,
        "w": 86.46,
        "x": 195.08,
        "y": 320.72
      },
      "name": "Não Cisto"
    },
    {
      "bounding_box": {
        "h": 52.04,
        "w": 63.25,
        "x": 139.84,
        "y": 329.53
      },
      "name": "Não Cisto"
    },
    {
      "bounding_box": {
        "h": 36.03,
        "w": 60.04,
        "x": 101.41,
        "y": 385.57
      },
      "name": "Não Cisto"
    }
  ]
}