{
  "dataset": "Cisto",
  "image": {
    "width": 640,
    "height": 480,
    "original_filename": "Cisto223.jpg",
    "filename": "Cisto223.jpg",
    "url": "https://darwin.v7labs.com/api/images/38438049/original",
    "thumbnail_url": "https://darwin.v7labs.com/api/images/38438049/thumbnail",
    "path": "/",
    "workview_url": "https://darwin.v7labs.com/workview?dataset=38016&image=388"
  },
  "annotations": [
    {
      "bounding_box": {
        "h": 98.15,
        "w": 55.97,
        "x": 482.56,
        "y": 74.38
      },
      "name": "Cisto Inviável"
    },
    {
      "bounding_box": {
        "h": 46.01,
        "w": 65.94,
        "x": 260.19,
        "y": 384.92
      },
      "name": "Cisto Viável"
    }
  ]
}