{
  "dataset": "Cisto",
  "image": {
    "width": 640,
    "height": 480,
    "original_filename": "Cisto83.jpg",
    "filename": "Cisto83.jpg",
    "url": "https://darwin.v7labs.com/api/images/38437891/original",
    "thumbnail_url": "https://darwin.v7labs.com/api/images/38437891/thumbnail",
    "path": "/",
    "workview_url": "https://darwin.v7labs.com/workview?dataset=38016&image=230"
  },
  "annotations": [
    {
      "bounding_box": {
        "h": 76.14,
        "w": 87.81,
        "x": 90.64,
        "y": 313.49
      },
      "name": "Não Cisto"
    },
    {
      "bounding_box": {
        "h": 47.21,
        "w": 69.03,
        "x": 26.68,
        "y": 226.19
      },
      "name": "Não Cisto"
    },
    {
      "bounding_box": {
        "h": 33.5,
        "w": 114.72,
        "x": 161.2,
        "y": 172.38
      },
      "name": "Não Cisto"
    },
    {
      "bounding_box": {
        "h": 81.22,
        "w": 110.66,
        "x": 199.27,
        "y": 248.01
      },
      "name": "Não Cisto"
    },
    {
      "bounding_box": {
        "h": 46.7,
        "w": 73.09,
        "x": 412.46,
        "y": 173.39
      },
      "name": "Não Cisto"
    },
    {
      "bounding_box": {
        "h": 74.39,
        "w": 21.32,
        "x": 111.81,
        "y": 130.16
      },
      "name": "Não Cisto"
    },
    {
      "bounding_box": {
        "h": 23.13,
        "w": 26.31,
        "x": 135.85,
        "y": 140.14
      },
      "name": "Não Cisto"
    },
    {
      "bounding_box": {
        "h": 20.41,
        "w": 24.95,
        "x": 97.75,
        "y": 113.38
      },
      "name": "Não Cisto"
    },
    {
      "bounding_box": {
        "h": 36.74,
        "w": 37.19,
        "x": 203.43,
        "y": 115.19
      },
      "name": "Cisto Viável"
    },
    {
      "bounding_box": {
        "h": 40.37,
        "w": 50.8,
        "x": 228.38,
        "y": 139.23
      },
      "name": "Cisto Viável"
    },
    {
      "bounding_box": {
        "h": 48.99,
        "w": 73.03,
        "x": 287.35,
        "y": 156.02
      },
      "name": "Cisto Viável"
    },
    {
      "bounding_box": {
        "h": 34.47,
        "w": 24.95,
        "x": 346.31,
        "y": 147.4
      },
      "name": "Cisto Viável"
    },
    {
      "bounding_box": {
        "h": 39.92,
        "w": 55.79,
        "x": 315.02,
        "y": 111.11
      },
      "name": "Cisto Viável"
    },
    {
      "bounding_box": {
        "h": 64.82,
        "w": 53.23,
        "x": 340.94,
        "y": 300.52
      },
      "name": "Cisto Viável"
    },
    {
      "bounding_box": {
        "h": 46.38,
        "w": 46.38,
        "x": 85.35,
        "y": 391.69
      },
      "name": "Cisto Viável"
    },
    {
      "bounding_box": {
        "h": 34.45,
        "w": 28.94,
        "x": 382.72,
        "y": 169.09
      },
      "name": "Cisto Viável"
    }
  ]
}