{
  "dataset": "Cisto",
  "image": {
    "width": 640,
    "height": 480,
    "original_filename": "Cisto491.jpg",
    "filename": "Cisto491.jpg",
    "url": "https://darwin.v7labs.com/api/images/38437666/original",
    "thumbnail_url": "https://darwin.v7labs.com/api/images/38437666/thumbnail",
    "path": "/",
    "workview_url": "https://darwin.v7labs.com/workview?dataset=38016&image=5"
  },
  "annotations": [
    {
      "bounding_box": {
        "h": 55.75,
        "w": 49.93,
        "x": 387.94,
        "y": 249.85
      },
      "name": "Cisto Inviável"
    },
    {
      "bounding_box": {
        "h": 23.3,
        "w": 36.61,
        "x": 374.63,
        "y": 406.29
      },
      "name": "Cisto Inviável"
    },
    {
      "bounding_box": {
        "h": 38.28,
        "w": 29.96,
        "x": 494.45,
        "y": 365.52
      },
      "name": "Cisto Inviável"
    },
    {
      "bounding_box": {
        "h": 33.28,
        "w": 32.45,
        "x": 185.74,
        "y": 11.87
      },
      "name": "Cisto Inviável"
    },
    {
      "bounding_box": {
        "h": 23.13,
        "w": 32.03,
        "x": 239.82,
        "y": 391.19
      },
      "name": "Cisto Inviável"
    },
    {
      "bounding_box": {
        "h": 37.36,
        "w": 51.01,
        "x": 122.98,
        "y": 426.78
      },
      "name": "Cisto Inviável"
    },
    {
      "bounding_box": {
        "h": 40.22,
        "w": 36.94,
        "x": 426.35,
        "y": 163.81
      },
      "name": "Cisto Inviável"
    },
    {
      "bounding_box": {
        "h": 46.79,
        "w": 48.43,
        "x": 139.87,
        "y": 161.35
      },
      "name": "Cisto Inviável"
    },
    {
      "bounding_box": {
        "h": 39.4,
        "w": 36.94,
        "x": 17.57,
        "y": 255.75
      },
      "name": "Cisto Viável"
    },
    {
      "bounding_box": {
        "h": 45.97,
        "w": 39.4,
        "x": 80.77,
        "y": 297.61
      },
      "name": "Cisto Viável"
    },
    {
      "bounding_box": {
        "h": 31.19,
        "w": 33.65,
        "x": 410.75,
        "y": 354.25
      },
      "name": "Cisto Viável"
    },
    {
      "bounding_box": {
        "h": 28.73,
        "w": 24.63,
        "x": 362.32,
        "y": 114.56
      },
      "name": "Cisto Viável"
    },
    {
      "bounding_box": {
        "h": 34.48,
        "w": 21.34,
        "x": 392.69,
        "y": 114.56
      },
      "name": "Cisto Viável"
    },
    {
      "bounding_box": {
        "h": 39.4,
        "w": 33.65,
        "x": 347.55,
        "y": 193.36
      },
      "name": "Cisto Viável"
    },
    {
      "bounding_box": {
        "h": 31.19,
        "w": 22.98,
        "x": 447.69,
        "y": 260.67
      },
      "name": "Cisto Viável"
    },
    {
      "bounding_box": {
        "h": 58.28,
        "w": 50.89,
        "x": 70.92,
        "y": 148.21
      },
      "name": "Cisto Inviável"
    },
    {
      "bounding_box": {
        "h": 60.74,
        "w": 107.53,
        "x": 473.96,
        "y": 314.85
      },
      "name": "Não Cisto"
    },
    {
      "bounding_box": {
        "h": 43.5,
        "w": 50.07,
        "x": 460.82,
        "y": 65.31
      },
      "name": "Cisto Inviável"
    },
    {
      "bounding_box": {
        "h": 28.73,
        "w": 28.73,
        "x": 331.95,
        "y": 344.4
      },
      "name": "Cisto Inviável"
    },
    {
      "bounding_box": {
        "h": 24.63,
        "w": 32.01,
        "x": 197.33,
        "y": 38.22
      },
      "name": "Cisto Inviável"
    },
    {
      "bounding_box": {
        "h": 30.37,
        "w": 74.7,
        "x": 276.13,
        "y": 43.97
      },
      "name": "Não Cisto"
    },
    {
      "bounding_box": {
        "h": 36.12,
        "w": 31.19,
        "x": 585.59,
        "y": 29.19
      },
      "name": "Não Cisto"
    },
    {
      "bounding_box": {
        "h": 37.76,
        "w": 32.01,
        "x": 584.77,
        "y": 345.22
      },
      "name": "Não Cisto"
    },
    {
      "bounding_box": {
        "h": 30.37,
        "w": 53.36,
        "x": 69.28,
        "y": 447.82
      },
      "name": "Não Cisto"
    },
    {
      "bounding_box": {
        "h": 44.33,
        "w": 32.01,
        "x": 444.41,
        "y": 301.71
      },
      "name": "Cisto Inviável"
    },
    {
      "bounding_box": {
        "h": 36.94,
        "w": 43.5,
        "x": 312.25,
        "y": 119.49
      },
      "name": "Cisto Viável"
    }
  ]
}