{
  "dataset": "Cisto",
  "image": {
    "width": 640,
    "height": 480,
    "original_filename": "Cisto355.jpg",
    "filename": "Cisto355.jpg",
    "url": "https://darwin.v7labs.com/api/images/38437766/original",
    "thumbnail_url": "https://darwin.v7labs.com/api/images/38437766/thumbnail",
    "path": "/",
    "workview_url": "https://darwin.v7labs.com/workview?dataset=38016&image=105"
  },
  "annotations": [
    {
      "bounding_box": {
        "h": 32.2,
        "w": 33.74,
        "x": 221.85,
        "y": 81.28
      },
      "name": "Cisto Viável"
    },
    {
      "bounding_box": {
        "h": 49.84,
        "w": 44.47,
        "x": 282.43,
        "y": 94.31
      },
      "name": "Cisto Viável"
    },
    {
      "bounding_box": {
        "h": 55.21,
        "w": 63.64,
        "x": 166.65,
        "y": 219.3
      },
      "name": "Cisto Viável"
    },
    {
      "bounding_box": {
        "h": 69.78,
        "w": 67.48,
        "x": 350.67,
        "y": 63.64
      },
      "name": "Cisto Inviável"
    },
    {
      "bounding_box": {
        "h": 32.2,
        "w": 29.9,
        "x": -1.28,
        "y": 204.73
      },
      "name": "Não Cisto"
    },
    {
      "bounding_box": {
        "h": 46.01,
        "w": 59.81,
        "x": 6.39,
        "y": 246.9
      },
      "name": "Não Cisto"
    },
    {
      "bounding_box": {
        "h": 75.14,
        "w": 256.1,
        "x": 110.67,
        "y": 132.65
      },
      "name": "Não Cisto"
    },
    {
      "bounding_box": {
        "h": 26.84,
        "w": 42.17,
        "x": 315.4,
        "y": 35.27
      },
      "name": "Não Cisto"
    },
    {
      "bounding_box": {
        "h": 63.64,
        "w": 176.36,
        "x": 392.84,
        "y": 0.77
      },
      "name": "Não Cisto"
    },
    {
      "bounding_box": {
        "h": 78.98,
        "w": 65.94,
        "x": 325.37,
        "y": 326.65
      },
      "name": "Não Cisto"
    },
    {
      "bounding_box": {
        "h": 92.78,
        "w": 75.91,
        "x": 428.88,
        "y": 347.35
      },
      "name": "Não Cisto"
    },
    {
      "bounding_box": {
        "h": 88.95,
        "w": 50.61,
        "x": 513.23,
        "y": 315.14
      },
      "name": "Não Cisto"
    },
    {
      "bounding_box": {
        "h": 45.24,
        "w": 46.77,
        "x": 556.93,
        "y": 339.68
      },
      "name": "Não Cisto"
    }
  ]
}