{
  "dataset": "Cisto",
  "image": {
    "width": 640,
    "height": 480,
    "original_filename": "Cisto225.jpg",
    "filename": "Cisto225.jpg",
    "url": "https://darwin.v7labs.com/api/images/38438030/original",
    "thumbnail_url": "https://darwin.v7labs.com/api/images/38438030/thumbnail",
    "path": "/",
    "workview_url": "https://darwin.v7labs.com/workview?dataset=38016&image=369"
  },
  "annotations": [
    {
      "bounding_box": {
        "h": 52.14,
        "w": 62.11,
        "x": 160.51,
        "y": 283.71
      },
      "name": "Cisto Inviável"
    },
    {
      "bounding_box": {
        "h": 46.01,
        "w": 46.77,
        "x": 55.46,
        "y": 243.07
      },
      "name": "Cisto Viável"
    },
    {
      "bounding_box": {
        "h": 66.71,
        "w": 55.21,
        "x": 231.05,
        "y": 52.91
      },
      "name": "Cisto Viável"
    },
    {
      "bounding_box": {
        "h": 44.47,
        "w": 28.37,
        "x": 607.54,
        "y": 107.35
      },
      "name": "Não Cisto"
    },
    {
      "bounding_box": {
        "h": 29.14,
        "w": 40.64,
        "x": 510.16,
        "y": 161.02
      },
      "name": "Não Cisto"
    }
  ]
}