{
  "dataset": "Cisto",
  "image": {
    "width": 640,
    "height": 480,
    "original_filename": "Cisto117.jpg",
    "filename": "Cisto117.jpg",
    "url": "https://darwin.v7labs.com/api/images/38437940/original",
    "thumbnail_url": "https://darwin.v7labs.com/api/images/38437940/thumbnail",
    "path": "/",
    "workview_url": "https://darwin.v7labs.com/workview?dataset=38016&image=279"
  },
  "annotations": [
    {
      "bounding_box": {
        "h": 69.78,
        "w": 65.94,
        "x": 174.31,
        "y": 161.02
      },
      "name": "Cisto Viável"
    },
    {
      "bounding_box": {
        "h": 36.81,
        "w": 36.04,
        "x": 427.35,
        "y": 203.96
      },
      "name": "Não Cisto"
    },
    {
      "bounding_box": {
        "h": 36.81,
        "w": 42.17,
        "x": 71.57,
        "y": 299.04
      },
      "name": "Não Cisto"
    },
    {
      "bounding_box": {
        "h": 44.47,
        "w": 60.58,
        "x": 116.04,
        "y": 289.84
      },
      "name": "Não Cisto"
    }
  ]
}