{
  "dataset": "Cisto",
  "image": {
    "width": 640,
    "height": 480,
    "original_filename": "Cisto107.jpg",
    "filename": "Cisto107.jpg",
    "url": "https://darwin.v7labs.com/api/images/38437913/original",
    "thumbnail_url": "https://darwin.v7labs.com/api/images/38437913/thumbnail",
    "path": "/",
    "workview_url": "https://darwin.v7labs.com/workview?dataset=38016&image=252"
  },
  "annotations": [
    {
      "bounding_box": {
        "h": 65.94,
        "w": 144.15,
        "x": 421.21,
        "y": 32.2
      },
      "name": "Não Cisto"
    },
    {
      "bounding_box": {
        "h": 43.71,
        "w": 42.94,
        "x": 529.33,
        "y": 118.08
      },
      "name": "Não Cisto"
    },
    {
      "bounding_box": {
        "h": 32.2,
        "w": 67.48,
        "x": 399.74,
        "y": 215.46
      },
      "name": "Não Cisto"
    },
    {
      "bounding_box": {
        "h": 81.28,
        "w": 76.68,
        "x": 216.49,
        "y": 107.35
      },
      "name": "Cisto Viável"
    },
    {
      "bounding_box": {
        "h": 44.47,
        "w": 59.81,
        "x": 158.21,
        "y": 239.23
      },
      "name": "Cisto Viável"
    },
    {
      "bounding_box": {
        "h": 72.84,
        "w": 73.61,
        "x": 21.73,
        "y": 117.32
      },
      "name": "Cisto Viável"
    }
  ]
}