{
  "dataset": "Cisto",
  "image": {
    "width": 640,
    "height": 480,
    "original_filename": "Cisto459.jpg",
    "filename": "Cisto459.jpg",
    "url": "https://darwin.v7labs.com/api/images/38437859/original",
    "thumbnail_url": "https://darwin.v7labs.com/api/images/38437859/thumbnail",
    "path": "/",
    "workview_url": "https://darwin.v7labs.com/workview?dataset=38016&image=198"
  },
  "annotations": [
    {
      "bounding_box": {
        "h": 40.68,
        "w": 38.13,
        "x": 4.18,
        "y": 108.3
      },
      "name": "Cisto Viável"
    },
    {
      "bounding_box": {
        "h": 33.9,
        "w": 35.59,
        "x": 5.88,
        "y": 74.4
      },
      "name": "Cisto Viável"
    },
    {
      "bounding_box": {
        "h": 40.68,
        "w": 43.22,
        "x": 255.02,
        "y": 133.72
      },
      "name": "Cisto Viável"
    },
    {
      "bounding_box": {
        "h": 38.98,
        "w": 61.01,
        "x": 253.32,
        "y": 208.29
      },
      "name": "Cisto Viável"
    },
    {
      "bounding_box": {
        "h": 30.51,
        "w": 72.03,
        "x": 390.6,
        "y": 156.6
      },
      "name": "Cisto Viável"
    },
    {
      "bounding_box": {
        "h": 72.88,
        "w": 52.54,
        "x": 307.56,
        "y": 131.18
      },
      "name": "Cisto Viável"
    },
    {
      "bounding_box": {
        "h": 48.3,
        "w": 37.29,
        "x": 231.29,
        "y": 338.79
      },
      "name": "Cisto Viável"
    },
    {
      "bounding_box": {
        "h": 33.9,
        "w": 30.51,
        "x": 204.17,
        "y": 353.2
      },
      "name": "Cisto Viável"
    },
    {
      "bounding_box": {
        "h": 36.44,
        "w": 42.37,
        "x": 26.21,
        "y": 442.18
      },
      "name": "Cisto Viável"
    },
    {
      "bounding_box": {
        "h": 30.96,
        "w": 34.52,
        "x": 22.49,
        "y": 274.28
      },
      "name": "Não Cisto"
    },
    {
      "bounding_box": {
        "h": 32.99,
        "w": 29.95,
        "x": 339.74,
        "y": 332.65
      },
      "name": "Não Cisto"
    },
    {
      "bounding_box": {
        "h": 39.21,
        "w": 46.63,
        "x": 203.4,
        "y": 94.24
      },
      "name": "Não Cisto"
    }
  ]
}