{
  "dataset": "Cisto",
  "image": {
    "width": 640,
    "height": 480,
    "original_filename": "Cisto356.jpg",
    "filename": "Cisto356.jpg",
    "url": "https://darwin.v7labs.com/api/images/38437746/original",
    "thumbnail_url": "https://darwin.v7labs.com/api/images/38437746/thumbnail",
    "path": "/",
    "workview_url": "https://darwin.v7labs.com/workview?dataset=38016&image=85"
  },
  "annotations": [
    {
      "bounding_box": {
        "h": 85.08,
        "w": 84.26,
        "x": 73.13,
        "y": 223.9
      },
      "name": "Não Cisto"
    },
    {
      "bounding_box": {
        "h": 33.54,
        "w": 46.63,
        "x": 191.76,
        "y": 292.63
      },
      "name": "Não Cisto"
    },
    {
      "bounding_box": {
        "h": 38.45,
        "w": 46.63,
        "x": 264.57,
        "y": 292.63
      },
      "name": "Não Cisto"
    },
    {
      "bounding_box": {
        "h": 36.81,
        "w": 50.72,
        "x": 380.74,
        "y": 429.25
      },
      "name": "Não Cisto"
    },
    {
      "bounding_box": {
        "h": 126.81,
        "w": 134.99,
        "x": 27.32,
        "y": 351.53
      },
      "name": "Não Cisto"
    },
    {
      "bounding_box": {
        "h": 45.39,
        "w": 54.28,
        "x": 263.2,
        "y": 136.71
      },
      "name": "Não Cisto"
    },
    {
      "bounding_box": {
        "h": 56.25,
        "w": 102.63,
        "x": 128.01,
        "y": -1.44
      },
      "name": "Não Cisto"
    },
    {
      "bounding_box": {
        "h": 50.33,
        "w": 83.88,
        "x": 379.65,
        "y": 30.14
      },
      "name": "Não Cisto"
    },
    {
      "bounding_box": {
        "h": 50.96,
        "w": 42.47,
        "x": 415.75,
        "y": 196.77
      },
      "name": "Cisto Viável"
    },
    {
      "bounding_box": {
        "h": 25.48,
        "w": 37.37,
        "x": 232.28,
        "y": 1.42
      },
      "name": "Cisto Viável"
    },
    {
      "bounding_box": {
        "h": 36.52,
        "w": 35.67,
        "x": 509.18,
        "y": 69.37
      },
      "name": "Cisto Viável"
    },
    {
      "bounding_box": {
        "h": 36.52,
        "w": 46.72,
        "x": 440.38,
        "y": 400.62
      },
      "name": "Cisto Viável"
    },
    {
      "bounding_box": {
        "h": 46.68,
        "w": 45.65,
        "x": 575.4,
        "y": 364.48
      },
      "name": "Cisto Inviável"
    }
  ]
}