{
  "dataset": "Cisto",
  "image": {
    "width": 640,
    "height": 480,
    "original_filename": "Cisto414.jpg",
    "filename": "Cisto414.jpg",
    "url": "https://darwin.v7labs.com/api/images/38437836/original",
    "thumbnail_url": "https://darwin.v7labs.com/api/images/38437836/thumbnail",
    "path": "/",
    "workview_url": "https://darwin.v7labs.com/workview?dataset=38016&image=175"
  },
  "annotations": [
    {
      "bounding_box": {
        "h": 52.91,
        "w": 47.54,
        "x": 218.02,
        "y": 95.08
      },
      "name": "Cisto Viável"
    },
    {
      "bounding_box": {
        "h": 42.94,
        "w": 55.21,
        "x": 488.69,
        "y": 391.05
      },
      "name": "Cisto Viável"
    },
    {
      "bounding_box": {
        "h": 52.14,
        "w": 55.21,
        "x": 356.81,
        "y": 44.47
      },
      "name": "Não Cisto"
    },
    {
      "bounding_box": {
        "h": 47.54,
        "w": 39.11,
        "x": 502.49,
        "y": 207.8
      },
      "name": "Não Cisto"
    },
    {
      "bounding_box": {
        "h": 49.84,
        "w": 36.81,
        "x": 27.09,
        "y": 342.75
      },
      "name": "Não Cisto"
    },
    {
      "bounding_box": {
        "h": 55.21,
        "w": 56.74,
        "x": 1.02,
        "y": 145.69
      },
      "name": "Não Cisto"
    }
  ]
}