{
  "dataset": "Cisto",
  "image": {
    "width": 640,
    "height": 480,
    "original_filename": "Cisto442.jpg",
    "filename": "Cisto442.jpg",
    "url": "https://darwin.v7labs.com/api/images/38437783/original",
    "thumbnail_url": "https://darwin.v7labs.com/api/images/38437783/thumbnail",
    "path": "/",
    "workview_url": "https://darwin.v7labs.com/workview?dataset=38016&image=122"
  },
  "annotations": [
    {
      "bounding_box": {
        "h": 37.2,
        "w": 44.49,
        "x": 320.39,
        "y": 35.74
      },
      "name": "Não Cisto"
    },
    {
      "bounding_box": {
        "h": 26.26,
        "w": 29.18,
        "x": 474.29,
        "y": 40.84
      },
      "name": "Não Cisto"
    },
    {
      "bounding_box": {
        "h": 35.74,
        "w": 29.9,
        "x": 451.68,
        "y": 240.69
      },
      "name": "Não Cisto"
    },
    {
      "bounding_box": {
        "h": 32.09,
        "w": 33.55,
        "x": 392.6,
        "y": 299.04
      },
      "name": "Não Cisto"
    },
    {
      "bounding_box": {
        "h": 66.37,
        "w": 46.68,
        "x": 343.0,
        "y": 276.43
      },
      "name": "Cisto Viável"
    },
    {
      "bounding_box": {
        "h": 44.49,
        "w": 56.89,
        "x": 398.44,
        "y": 213.7
      },
      "name": "Cisto Viável"
    },
    {
      "bounding_box": {
        "h": 43.76,
        "w": 44.49,
        "x": 429.07,
        "y": 162.65
      },
      "name": "Cisto Viável"
    },
    {
      "bounding_box": {
        "h": 40.85,
        "w": 54.7,
        "x": 423.96,
        "y": 126.18
      },
      "name": "Cisto Viável"
    },
    {
      "bounding_box": {
        "h": 38.66,
        "w": 48.14,
        "x": 424.69,
        "y": 91.17
      },
      "name": "Cisto Viável"
    },
    {
      "bounding_box": {
        "h": 35.74,
        "w": 31.36,
        "x": 110.33,
        "y": 153.17
      },
      "name": "Cisto Inviável"
    }
  ]
}