{
  "dataset": "Cisto",
  "image": {
    "width": 640,
    "height": 480,
    "original_filename": "Cisto432.jpg",
    "filename": "Cisto432.jpg",
    "url": "https://darwin.v7labs.com/api/images/38437822/original",
    "thumbnail_url": "https://darwin.v7labs.com/api/images/38437822/thumbnail",
    "path": "/",
    "workview_url": "https://darwin.v7labs.com/workview?dataset=38016&image=161"
  },
  "annotations": [
    {
      "bounding_box": {
        "h": 78.76,
        "w": 111.66,
        "x": 396.31,
        "y": 331.47
      },
      "name": "Não Cisto"
    },
    {
      "bounding_box": {
        "h": 62.81,
        "w": 49.85,
        "x": 391.33,
        "y": 94.2
      },
      "name": "Cisto Viável"
    }
  ]
}