{
  "dataset": "Cisto",
  "image": {
    "width": 640,
    "height": 480,
    "original_filename": "Cisto205.jpg",
    "filename": "Cisto205.jpg",
    "url": "https://darwin.v7labs.com/api/images/38438085/original",
    "thumbnail_url": "https://darwin.v7labs.com/api/images/38438085/thumbnail",
    "path": "/",
    "workview_url": "https://darwin.v7labs.com/workview?dataset=38016&image=424"
  },
  "annotations": [
    {
      "bounding_box": {
        "h": 74.57,
        "w": 56.78,
        "x": 440.45,
        "y": 205.39
      },
      "name": "Cisto Viável"
    }
  ]
}