{
  "dataset": "Cisto",
  "image": {
    "width": 640,
    "height": 480,
    "original_filename": "Cisto263.jpg",
    "filename": "Cisto263.jpg",
    "url": "https://darwin.v7labs.com/api/images/38438086/original",
    "thumbnail_url": "https://darwin.v7labs.com/api/images/38438086/thumbnail",
    "path": "/",
    "workview_url": "https://darwin.v7labs.com/workview?dataset=38016&image=425"
  },
  "annotations": [
    {
      "bounding_box": {
        "h": 45.24,
        "w": 52.14,
        "x": 243.32,
        "y": 164.09
      },
      "name": "Cisto Viável"
    },
    {
      "bounding_box": {
        "h": 42.94,
        "w": 52.91,
        "x": 136.74,
        "y": 299.04
      },
      "name": "Cisto Viável"
    },
    {
      "bounding_box": {
        "h": 48.31,
        "w": 47.54,
        "x": 202.68,
        "y": 184.79
      },
      "name": "Cisto Viável"
    },
    {
      "bounding_box": {
        "h": 44.47,
        "w": 46.77,
        "x": 445.75,
        "y": 246.9
      },
      "name": "Cisto Viável"
    },
    {
      "bounding_box": {
        "h": 73.61,
        "w": 56.74,
        "x": 244.86,
        "y": 200.89
      },
      "name": "Cisto Inviável"
    },
    {
      "bounding_box": {
        "h": 32.08,
        "w": 23.06,
        "x": 362.36,
        "y": 300.2
      },
      "name": "Cisto Viável"
    }
  ]
}