{
  "dataset": "Cisto",
  "image": {
    "width": 640,
    "height": 480,
    "original_filename": "Cisto471.jpg",
    "filename": "Cisto471.jpg",
    "url": "https://darwin.v7labs.com/api/images/38437857/original",
    "thumbnail_url": "https://darwin.v7labs.com/api/images/38437857/thumbnail",
    "path": "/",
    "workview_url": "https://darwin.v7labs.com/workview?dataset=38016&image=196"
  },
  "annotations": [
    {
      "bounding_box": {
        "h": 68.56,
        "w": 56.83,
        "x": 183.42,
        "y": 222.91
      },
      "name": "Cisto Inviável"
    },
    {
      "bounding_box": {
        "h": 54.12,
        "w": 47.81,
        "x": 479.3,
        "y": 78.58
      },
      "name": "Cisto Viável"
    },
    {
      "bounding_box": {
        "h": 30.89,
        "w": 34.32,
        "x": 103.12,
        "y": 168.39
      },
      "name": "Não Cisto"
    },
    {
      "bounding_box": {
        "h": 29.17,
        "w": 44.62,
        "x": 213.81,
        "y": 123.77
      },
      "name": "Não Cisto"
    },
    {
      "bounding_box": {
        "h": 26.6,
        "w": 30.89,
        "x": 71.37,
        "y": 218.15
      },
      "name": "Não Cisto"
    },
    {
      "bounding_box": {
        "h": 28.32,
        "w": 33.46,
        "x": 10.44,
        "y": 263.63
      },
      "name": "Não Cisto"
    },
    {
      "bounding_box": {
        "h": 36.9,
        "w": 31.75,
        "x": 307.34,
        "y": 388.05
      },
      "name": "Não Cisto"
    }
  ]
}