{
  "dataset": "Cisto",
  "image": {
    "width": 640,
    "height": 480,
    "original_filename": "Cisto230.jpg",
    "filename": "Cisto230.jpg",
    "url": "https://darwin.v7labs.com/api/images/38438059/original",
    "thumbnail_url": "https://darwin.v7labs.com/api/images/38438059/thumbnail",
    "path": "/",
    "workview_url": "https://darwin.v7labs.com/workview?dataset=38016&image=398"
  },
  "annotations": [
    {
      "bounding_box": {
        "h": 46.77,
        "w": 65.94,
        "x": 82.3,
        "y": 272.97
      },
      "name": "Cisto Viável"
    },
    {
      "bounding_box": {
        "h": 42.17,
        "w": 35.27,
        "x": 218.02,
        "y": 230.03
      },
      "name": "Cisto Viável"
    },
    {
      "bounding_box": {
        "h": 35.27,
        "w": 33.74,
        "x": 249.46,
        "y": 214.7
      },
      "name": "Cisto Viável"
    },
    {
      "bounding_box": {
        "h": 55.21,
        "w": 53.67,
        "x": 265.56,
        "y": 272.2
      },
      "name": "Cisto Viável"
    },
    {
      "bounding_box": {
        "h": 57.51,
        "w": 45.24,
        "x": 333.04,
        "y": 213.16
      },
      "name": "Cisto Viável"
    },
    {
      "bounding_box": {
        "h": 69.78,
        "w": 49.84,
        "x": 350.67,
        "y": 159.49
      },
      "name": "Cisto Viável"
    },
    {
      "bounding_box": {
        "h": 65.94,
        "w": 55.97,
        "x": 436.55,
        "y": 228.5
      },
      "name": "Cisto Viável"
    },
    {
      "bounding_box": {
        "h": 60.58,
        "w": 46.01,
        "x": 577.64,
        "y": 243.07
      },
      "name": "Cisto Viável"
    },
    {
      "bounding_box": {
        "h": 32.97,
        "w": 49.07,
        "x": 145.18,
        "y": 248.43
      },
      "name": "Cisto Inviável"
    },
    {
      "bounding_box": {
        "h": 47.54,
        "w": 43.71,
        "x": 89.97,
        "y": 194.76
      },
      "name": "Cisto Inviável"
    },
    {
      "bounding_box": {
        "h": 58.27,
        "w": 59.81,
        "x": 300.35,
        "y": 296.74
      },
      "name": "Cisto Inviável"
    }
  ]
}