{
  "dataset": "Cisto",
  "image": {
    "width": 640,
    "height": 480,
    "original_filename": "Cisto413.jpg",
    "filename": "Cisto413.jpg",
    "url": "https://darwin.v7labs.com/api/images/38437824/original",
    "thumbnail_url": "https://darwin.v7labs.com/api/images/38437824/thumbnail",
    "path": "/",
    "workview_url": "https://darwin.v7labs.com/workview?dataset=38016&image=163"
  },
  "annotations": [
    {
      "bounding_box": {
        "h": 42.94,
        "w": 41.41,
        "x": 44.73,
        "y": 176.36
      },
      "name": "Não Cisto"
    },
    {
      "bounding_box": {
        "h": 37.57,
        "w": 35.27,
        "x": 208.82,
        "y": 207.03
      },
      "name": "Não Cisto"
    },
    {
      "bounding_box": {
        "h": 32.2,
        "w": 32.97,
        "x": 341.47,
        "y": 321.28
      },
      "name": "Não Cisto"
    },
    {
      "bounding_box": {
        "h": 37.57,
        "w": 64.41,
        "x": 387.48,
        "y": 26.07
      },
      "name": "Não Cisto"
    },
    {
      "bounding_box": {
        "h": 30.67,
        "w": 43.71,
        "x": 76.17,
        "y": 253.04
      },
      "name": "Não Cisto"
    },
    {
      "bounding_box": {
        "h": 31.44,
        "w": 48.31,
        "x": 89.97,
        "y": 282.94
      },
      "name": "Não Cisto"
    },
    {
      "bounding_box": {
        "h": 28.37,
        "w": 46.77,
        "x": 107.6,
        "y": 368.05
      },
      "name": "Não Cisto"
    },
    {
      "bounding_box": {
        "h": 41.41,
        "w": 59.04,
        "x": 214.95,
        "y": 243.07
      },
      "name": "Cisto Viável"
    }
  ]
}