{
  "dataset": "Cisto",
  "image": {
    "width": 640,
    "height": 480,
    "original_filename": "Cisto409.jpg",
    "filename": "Cisto409.jpg",
    "url": "https://darwin.v7labs.com/api/images/38437817/original",
    "thumbnail_url": "https://darwin.v7labs.com/api/images/38437817/thumbnail",
    "path": "/",
    "workview_url": "https://darwin.v7labs.com/workview?dataset=38016&image=156"
  },
  "annotations": [
    {
      "bounding_box": {
        "h": 51.98,
        "w": 37.63,
        "x": 342.93,
        "y": 172.86
      },
      "name": "Cisto Inviável"
    },
    {
      "bounding_box": {
        "h": 48.34,
        "w": 43.32,
        "x": 145.63,
        "y": 297.17
      },
      "name": "Cisto Viável"
    },
    {
      "bounding_box": {
        "h": 33.9,
        "w": 36.41,
        "x": 275.58,
        "y": 279.6
      },
      "name": "Cisto Viável"
    },
    {
      "bounding_box": {
        "h": 35.01,
        "w": 29.9,
        "x": 391.77,
        "y": 292.39
      },
      "name": "Não Cisto"
    },
    {
      "bounding_box": {
        "h": 56.16,
        "w": 45.22,
        "x": 357.49,
        "y": 250.08
      },
      "name": "Não Cisto"
    },
    {
      "bounding_box": {
        "h": 26.99,
        "w": 27.72,
        "x": 344.37,
        "y": 94.0
      },
      "name": "Não Cisto"
    },
    {
      "bounding_box": {
        "h": 32.82,
        "w": 32.09,
        "x": 363.33,
        "y": 145.05
      },
      "name": "Não Cisto"
    },
    {
      "bounding_box": {
        "h": 78.77,
        "w": 40.85,
        "x": 287.47,
        "y": 37.11
      },
      "name": "Não Cisto"
    },
    {
      "bounding_box": {
        "h": 53.97,
        "w": 29.9,
        "x": 329.05,
        "y": 34.19
      },
      "name": "Não Cisto"
    },
    {
      "bounding_box": {
        "h": 42.97,
        "w": 47.32,
        "x": 289.62,
        "y": 161.11
      },
      "name": "Não Cisto"
    },
    {
      "bounding_box": {
        "h": 42.01,
        "w": 52.63,
        "x": 287.2,
        "y": 113.79
      },
      "name": "Não Cisto"
    },
    {
      "bounding_box": {
        "h": 63.43,
        "w": 88.45,
        "x": 241.94,
        "y": 378.61
      },
      "name": "Não Cisto"
    },
    {
      "bounding_box": {
        "h": 74.64,
        "w": 20.71,
        "x": 403.74,
        "y": 363.07
      },
      "name": "Não Cisto"
    },
    {
      "bounding_box": {
        "h": 28.62,
        "w": 43.72,
        "x": 226.58,
        "y": 349.31
      },
      "name": "Não Cisto"
    },
    {
      "bounding_box": {
        "h": 60.37,
        "w": 51.52,
        "x": 313.5,
        "y": 286.86
      },
      "name": "Não Cisto"
    },
    {
      "bounding_box": {
        "h": 48.92,
        "w": 29.67,
        "x": 365.54,
        "y": 315.49
      },
      "name": "Não Cisto"
    },
    {
      "bounding_box": {
        "h": 59.83,
        "w": 34.35,
        "x": 253.18,
        "y": 297.64
      },
      "name": "Não Cisto"
    },
    {
      "bounding_box": {
        "h": 28.03,
        "w": 37.15,
        "x": 16.88,
        "y": 265.77
      },
      "name": "Não Cisto"
    }
  ]
}