{
  "dataset": "Cisto",
  "image": {
    "width": 640,
    "height": 480,
    "original_filename": "Cisto45.jpg",
    "filename": "Cisto45.jpg",
    "url": "https://darwin.v7labs.com/api/images/38438141/original",
    "thumbnail_url": "https://darwin.v7labs.com/api/images/38438141/thumbnail",
    "path": "/",
    "workview_url": "https://darwin.v7labs.com/workview?dataset=38016&image=480"
  },
  "annotations": [
    {
      "bounding_box": {
        "h": 55.97,
        "w": 64.41,
        "x": 169.71,
        "y": 263.77
      },
      "name": "Cisto Viável"
    },
    {
      "bounding_box": {
        "h": 34.5,
        "w": 34.5,
        "x": 440.38,
        "y": 256.1
      },
      "name": "Cisto Viável"
    },
    {
      "bounding_box": {
        "h": 49.07,
        "w": 69.01,
        "x": 361.41,
        "y": 225.43
      },
      "name": "Cisto Inviável"
    },
    {
      "bounding_box": {
        "h": 25.3,
        "w": 36.04,
        "x": 278.59,
        "y": 345.81
      },
      "name": "Não Cisto"
    },
    {
      "bounding_box": {
        "h": 34.5,
        "w": 49.07,
        "x": 273.99,
        "y": 430.93
      },
      "name": "Não Cisto"
    }
  ]
}