{
  "dataset": "Cisto",
  "image": {
    "width": 640,
    "height": 480,
    "original_filename": "Cisto467.jpg",
    "filename": "Cisto467.jpg",
    "url": "https://darwin.v7labs.com/api/images/38437861/original",
    "thumbnail_url": "https://darwin.v7labs.com/api/images/38437861/thumbnail",
    "path": "/",
    "workview_url": "https://darwin.v7labs.com/workview?dataset=38016&image=200"
  },
  "annotations": [
    {
      "bounding_box": {
        "h": 50.0,
        "w": 64.4,
        "x": 186.82,
        "y": 308.88
      },
      "name": "Cisto Viável"
    },
    {
      "bounding_box": {
        "h": 57.62,
        "w": 40.68,
        "x": 386.81,
        "y": 200.41
      },
      "name": "Cisto Viável"
    },
    {
      "bounding_box": {
        "h": 38.98,
        "w": 49.15,
        "x": 425.79,
        "y": 222.44
      },
      "name": "Cisto Viável"
    },
    {
      "bounding_box": {
        "h": 44.07,
        "w": 56.78,
        "x": 371.56,
        "y": 122.45
      },
      "name": "Cisto Viável"
    },
    {
      "bounding_box": {
        "h": 44.07,
        "w": 69.49,
        "x": 455.45,
        "y": 105.5
      },
      "name": "Cisto Viável"
    },
    {
      "bounding_box": {
        "h": 50.0,
        "w": 62.71,
        "x": 266.48,
        "y": 373.28
      },
      "name": "Cisto Inviável"
    },
    {
      "bounding_box": {
        "h": 61.01,
        "w": 40.68,
        "x": 349.52,
        "y": 185.16
      },
      "name": "Cisto Inviável"
    },
    {
      "bounding_box": {
        "h": 43.22,
        "w": 44.91,
        "x": 198.68,
        "y": 39.4
      },
      "name": "Não Cisto"
    },
    {
      "bounding_box": {
        "h": 33.9,
        "w": 33.9,
        "x": 390.2,
        "y": 20.76
      },
      "name": "Não Cisto"
    },
    {
      "bounding_box": {
        "h": 30.51,
        "w": 27.96,
        "x": 278.34,
        "y": 247.02
      },
      "name": "Não Cisto"
    },
    {
      "bounding_box": {
        "h": 142.37,
        "w": 94.91,
        "x": 322.41,
        "y": 248.71
      },
      "name": "Não Cisto"
    },
    {
      "bounding_box": {
        "h": 111.01,
        "w": 84.74,
        "x": 542.73,
        "y": 128.38
      },
      "name": "Não Cisto"
    }
  ]
}