{
  "dataset": "Cisto",
  "image": {
    "width": 640,
    "height": 480,
    "original_filename": "Cisto401.jpg",
    "filename": "Cisto401.jpg",
    "url": "https://darwin.v7labs.com/api/images/38437838/original",
    "thumbnail_url": "https://darwin.v7labs.com/api/images/38437838/thumbnail",
    "path": "/",
    "workview_url": "https://darwin.v7labs.com/workview?dataset=38016&image=177"
  },
  "annotations": [
    {
      "bounding_box": {
        "h": 63.25,
        "w": 84.63,
        "x": 304.65,
        "y": 0.67
      },
      "name": "Não Cisto"
    },
    {
      "bounding_box": {
        "h": 73.94,
        "w": 125.61,
        "x": 189.72,
        "y": 109.36
      },
      "name": "Não Cisto"
    },
    {
      "bounding_box": {
        "h": 114.92,
        "w": 155.01,
        "x": 325.14,
        "y": 81.74
      },
      "name": "Não Cisto"
    },
    {
      "bounding_box": {
        "h": 40.09,
        "w": 45.43,
        "x": 206.65,
        "y": 191.32
      },
      "name": "Cisto Viável"
    },
    {
      "bounding_box": {
        "h": 32.96,
        "w": 34.74,
        "x": 223.58,
        "y": 322.27
      },
      "name": "Cisto Viável"
    },
    {
      "bounding_box": {
        "h": 28.66,
        "w": 28.84,
        "x": 214.74,
        "y": 75.25
      },
      "name": "Cisto Viável"
    }
  ]
}