{
  "dataset": "Cisto",
  "image": {
    "width": 640,
    "height": 480,
    "original_filename": "Cisto500.jpg",
    "filename": "Cisto500_2.jpg",
    "url": "https://darwin.v7labs.com/api/images/38437671/original",
    "thumbnail_url": "https://darwin.v7labs.com/api/images/38437671/thumbnail",
    "path": "/",
    "workview_url": "https://darwin.v7labs.com/workview?dataset=38016&image=10"
  },
  "annotations": [
    {
      "bounding_box": {
        "h": 30.67,
        "w": 32.97,
        "x": 586.84,
        "y": 225.43
      },
      "name": "Não Cisto"
    },
    {
      "bounding_box": {
        "h": 23.0,
        "w": 24.54,
        "x": 264.79,
        "y": 276.81
      },
      "name": "Não Cisto"
    },
    {
      "bounding_box": {
        "h": 25.3,
        "w": 22.24,
        "x": 174.31,
        "y": 242.3
      },
      "name": "Não Cisto"
    },
    {
      "bounding_box": {
        "h": 65.94,
        "w": 26.07,
        "x": 196.55,
        "y": 237.7
      },
      "name": "Não Cisto"
    },
    {
      "bounding_box": {
        "h": 29.14,
        "w": 28.37,
        "x": 13.29,
        "y": 217.76
      },
      "name": "Não Cisto"
    },
    {
      "bounding_box": {
        "h": 33.74,
        "w": 28.37,
        "x": 7.92,
        "y": 243.83
      },
      "name": "Não Cisto"
    },
    {
      "bounding_box": {
        "h": 35.27,
        "w": 25.3,
        "x": 277.83,
        "y": 218.53
      },
      "name": "Não Cisto"
    },
    {
      "bounding_box": {
        "h": 65.18,
        "w": 45.24,
        "x": 233.35,
        "y": 203.96
      },
      "name": "Cisto Viável"
    },
    {
      "bounding_box": {
        "h": 39.87,
        "w": 25.3,
        "x": 224.15,
        "y": 268.37
      },
      "name": "Não Cisto"
    }
  ]
}