{
  "dataset": "Cisto",
  "image": {
    "width": 640,
    "height": 480,
    "original_filename": "Cisto250.jpg",
    "filename": "Cisto250.jpg",
    "url": "https://darwin.v7labs.com/api/images/38438067/original",
    "thumbnail_url": "https://darwin.v7labs.com/api/images/38438067/thumbnail",
    "path": "/",
    "workview_url": "https://darwin.v7labs.com/workview?dataset=38016&image=406"
  },
  "annotations": [
    {
      "bounding_box": {
        "h": 71.31,
        "w": 74.38,
        "x": 322.3,
        "y": 221.6
      },
      "name": "Cisto Viável"
    }
  ]
}