{
  "dataset": "Cisto",
  "image": {
    "width": 640,
    "height": 480,
    "original_filename": "Cisto445.jpg",
    "filename": "Cisto445.jpg",
    "url": "https://darwin.v7labs.com/api/images/38437806/original",
    "thumbnail_url": "https://darwin.v7labs.com/api/images/38437806/thumbnail",
    "path": "/",
    "workview_url": "https://darwin.v7labs.com/workview?dataset=38016&image=145"
  },
  "annotations": [
    {
      "bounding_box": {
        "h": 50.61,
        "w": 62.11,
        "x": 59.3,
        "y": 77.44
      },
      "name": "Cisto Viável"
    },
    {
      "bounding_box": {
        "h": 41.41,
        "w": 30.67,
        "x": 602.94,
        "y": 217.0
      },
      "name": "Cisto Viável"
    },
    {
      "bounding_box": {
        "h": 39.87,
        "w": 44.47,
        "x": 220.32,
        "y": 133.42
      },
      "name": "Cisto Viável"
    },
    {
      "bounding_box": {
        "h": 44.31,
        "w": 44.31,
        "x": 151.39,
        "y": 80.81
      },
      "name": "Cisto Inviável"
    },
    {
      "bounding_box": {
        "h": 104.52,
        "w": 100.54,
        "x": 57.09,
        "y": 145.57
      },
      "name": "Não Cisto"
    },
    {
      "bounding_box": {
        "h": 97.13,
        "w": 103.95,
        "x": 253.63,
        "y": 120.57
      },
      "name": "Não Cisto"
    },
    {
      "bounding_box": {
        "h": 160.19,
        "w": 76.12,
        "x": 257.04,
        "y": 213.73
      },
      "name": "Não Cisto"
    },
    {
      "bounding_box": {
        "h": 29.54,
        "w": 34.08,
        "x": 502.43,
        "y": 276.22
      },
      "name": "Não Cisto"
    },
    {
      "bounding_box": {
        "h": 35.79,
        "w": 29.54,
        "x": 520.04,
        "y": 223.96
      },
      "name": "Não Cisto"
    },
    {
      "bounding_box": {
        "h": 43.74,
        "w": 33.51,
        "x": 572.87,
        "y": 224.53
      },
      "name": "Não Cisto"
    },
    {
      "bounding_box": {
        "h": 63.05,
        "w": 33.51,
        "x": 186.6,
        "y": 116.6
      },
      "name": "Não Cisto"
    },
    {
      "bounding_box": {
        "h": 168.71,
        "w": 98.84,
        "x": 155.93,
        "y": 221.69
      },
      "name": "Não Cisto"
    },
    {
      "bounding_box": {
        "h": 23.07,
        "w": 24.39,
        "x": 158.92,
        "y": 54.4
      },
      "name": "Não Cisto"
    }
  ]
}