{
  "dataset": "Cisto",
  "image": {
    "width": 640,
    "height": 480,
    "original_filename": "Cisto243.jpg",
    "filename": "Cisto243.jpg",
    "url": "https://darwin.v7labs.com/api/images/38438069/original",
    "thumbnail_url": "https://darwin.v7labs.com/api/images/38438069/thumbnail",
    "path": "/",
    "workview_url": "https://darwin.v7labs.com/workview?dataset=38016&image=408"
  },
  "annotations": [
    {
      "bounding_box": {
        "h": 44.47,
        "w": 72.08,
        "x": 364.47,
        "y": 171.76
      },
      "name": "Cisto Inviável"
    },
    {
      "bounding_box": {
        "h": 101.21,
        "w": 61.34,
        "x": 401.28,
        "y": 225.43
      },
      "name": "Cisto Inviável"
    },
    {
      "bounding_box": {
        "h": 62.88,
        "w": 62.11,
        "x": 273.99,
        "y": 157.96
      },
      "name": "Cisto Viável"
    }
  ]
}