{
  "dataset": "Cisto",
  "image": {
    "width": 640,
    "height": 480,
    "original_filename": "Cisto299.jpg",
    "filename": "Cisto299.jpg",
    "url": "https://darwin.v7labs.com/api/images/38437691/original",
    "thumbnail_url": "https://darwin.v7labs.com/api/images/38437691/thumbnail",
    "path": "/",
    "workview_url": "https://darwin.v7labs.com/workview?dataset=38016&image=30"
  },
  "annotations": [
    {
      "bounding_box": {
        "h": 36.04,
        "w": 40.64,
        "x": 13.29,
        "y": 360.38
      },
      "name": "Não Cisto"
    },
    {
      "bounding_box": {
        "h": 30.67,
        "w": 32.97,
        "x": 19.42,
        "y": 32.2
      },
      "name": "Não Cisto"
    },
    {
      "bounding_box": {
        "h": 35.27,
        "w": 38.34,
        "x": 210.35,
        "y": 193.23
      },
      "name": "Não Cisto"
    },
    {
      "bounding_box": {
        "h": 39.87,
        "w": 81.28,
        "x": 350.67,
        "y": 326.65
      },
      "name": "Não Cisto"
    },
    {
      "bounding_box": {
        "h": 31.44,
        "w": 29.14,
        "x": 372.14,
        "y": 92.78
      },
      "name": "Não Cisto"
    },
    {
      "bounding_box": {
        "h": 29.14,
        "w": 25.3,
        "x": 402.81,
        "y": 90.48
      },
      "name": "Não Cisto"
    },
    {
      "bounding_box": {
        "h": 34.5,
        "w": 31.44,
        "x": 469.52,
        "y": 119.62
      },
      "name": "Não Cisto"
    },
    {
      "bounding_box": {
        "h": 30.67,
        "w": 29.14,
        "x": 491.76,
        "y": 155.65
      },
      "name": "Não Cisto"
    },
    {
      "bounding_box": {
        "h": 32.97,
        "w": 32.97,
        "x": 471.82,
        "y": 180.19
      },
      "name": "Não Cisto"
    },
    {
      "bounding_box": {
        "h": 26.84,
        "w": 30.67,
        "x": 393.61,
        "y": 118.08
      },
      "name": "Não Cisto"
    },
    {
      "bounding_box": {
        "h": 78.21,
        "w": 68.24,
        "x": 298.53,
        "y": 133.42
      },
      "name": "Não Cisto"
    },
    {
      "bounding_box": {
        "h": 24.54,
        "w": 30.67,
        "x": 149.78,
        "y": 449.33
      },
      "name": "Não Cisto"
    },
    {
      "bounding_box": {
        "h": 38.34,
        "w": 51.37,
        "x": 395.14,
        "y": 141.85
      },
      "name": "Cisto Viável"
    }
  ]
}