{
  "dataset": "Cisto",
  "image": {
    "width": 640,
    "height": 480,
    "original_filename": "Cisto10.jpg",
    "filename": "Cisto10.jpg",
    "url": "https://darwin.v7labs.com/api/images/38438111/original",
    "thumbnail_url": "https://darwin.v7labs.com/api/images/38438111/thumbnail",
    "path": "/",
    "workview_url": "https://darwin.v7labs.com/workview?dataset=38016&image=450"
  },
  "annotations": [
    {
      "bounding_box": {
        "h": 36.31,
        "w": 42.48,
        "x": 559.83,
        "y": 44.87
      },
      "name": "Cisto Inviável"
    },
    {
      "bounding_box": {
        "h": 49.33,
        "w": 43.17,
        "x": 107.61,
        "y": 213.43
      },
      "name": "Cisto Viável"
    },
    {
      "bounding_box": {
        "h": 45.22,
        "w": 43.85,
        "x": 144.61,
        "y": 240.15
      },
      "name": "Cisto Viável"
    },
    {
      "bounding_box": {
        "h": 43.85,
        "w": 49.33,
        "x": 262.46,
        "y": 286.74
      },
      "name": "Cisto Viável"
    },
    {
      "bounding_box": {
        "h": 40.43,
        "w": 38.37,
        "x": 287.13,
        "y": 138.74
      },
      "name": "Cisto Viável"
    },
    {
      "bounding_box": {
        "h": 52.76,
        "w": 39.74,
        "x": 354.28,
        "y": 105.17
      },
      "name": "Cisto Viável"
    },
    {
      "bounding_box": {
        "h": 33.57,
        "w": 33.57,
        "x": 594.09,
        "y": 198.36
      },
      "name": "Cisto Viável"
    }
  ]
}