{
  "dataset": "Cisto",
  "image": {
    "width": 640,
    "height": 480,
    "original_filename": "Cisto480.jpg",
    "filename": "Cisto480.jpg",
    "url": "https://darwin.v7labs.com/api/images/38437792/original",
    "thumbnail_url": "https://darwin.v7labs.com/api/images/38437792/thumbnail",
    "path": "/",
    "workview_url": "https://darwin.v7labs.com/workview?dataset=38016&image=131"
  },
  "annotations": [
    {
      "bounding_box": {
        "h": 38.88,
        "w": 72.9,
        "x": 219.61,
        "y": 208.78
      },
      "name": "Cisto Inviável"
    },
    {
      "bounding_box": {
        "h": 38.88,
        "w": 69.26,
        "x": 214.75,
        "y": 247.66
      },
      "name": "Cisto Viável"
    },
    {
      "bounding_box": {
        "h": 36.45,
        "w": 51.64,
        "x": 277.93,
        "y": 146.81
      },
      "name": "Não Cisto"
    },
    {
      "bounding_box": {
        "h": 65.01,
        "w": 63.18,
        "x": 387.89,
        "y": 240.98
      },
      "name": "Não Cisto"
    },
    {
      "bounding_box": {
        "h": 36.45,
        "w": 48.6,
        "x": 473.55,
        "y": 152.28
      },
      "name": "Não Cisto"
    },
    {
      "bounding_box": {
        "h": 37.67,
        "w": 47.39,
        "x": 580.47,
        "y": 169.9
      },
      "name": "Não Cisto"
    }
  ]
}