{
  "dataset": "Cisto",
  "image": {
    "width": 640,
    "height": 480,
    "original_filename": "Cisto188.jpg",
    "filename": "Cisto188.jpg",
    "url": "https://darwin.v7labs.com/api/images/38437993/original",
    "thumbnail_url": "https://darwin.v7labs.com/api/images/38437993/thumbnail",
    "path": "/",
    "workview_url": "https://darwin.v7labs.com/workview?dataset=38016&image=332"
  },
  "annotations": [
    {
      "bounding_box": {
        "h": 65.62,
        "w": 56.53,
        "x": 284.88,
        "y": 159.66
      },
      "name": "Cisto Viável"
    },
    {
      "bounding_box": {
        "h": 66.63,
        "w": 50.47,
        "x": 185.95,
        "y": 129.38
      },
      "name": "Não Cisto"
    }
  ]
}