{
  "dataset": "Cisto",
  "image": {
    "width": 640,
    "height": 480,
    "original_filename": "Cisto218.jpg",
    "filename": "Cisto218.jpg",
    "url": "https://darwin.v7labs.com/api/images/38438050/original",
    "thumbnail_url": "https://darwin.v7labs.com/api/images/38438050/thumbnail",
    "path": "/",
    "workview_url": "https://darwin.v7labs.com/workview?dataset=38016&image=389"
  },
  "annotations": [
    {
      "bounding_box": {
        "h": 74.38,
        "w": 117.32,
        "x": 179.68,
        "y": 208.56
      },
      "name": "Cisto Viável"
    }
  ]
}