{
  "dataset": "Cisto",
  "image": {
    "width": 640,
    "height": 480,
    "original_filename": "Cisto103.jpg",
    "filename": "Cisto103.jpg",
    "url": "https://darwin.v7labs.com/api/images/38437922/original",
    "thumbnail_url": "https://darwin.v7labs.com/api/images/38437922/thumbnail",
    "path": "/",
    "workview_url": "https://darwin.v7labs.com/workview?dataset=38016&image=261"
  },
  "annotations": [
    {
      "bounding_box": {
        "h": 57.51,
        "w": 52.14,
        "x": 71.57,
        "y": 149.52
      },
      "name": "Cisto Viável"
    },
    {
      "bounding_box": {
        "h": 79.74,
        "w": 78.98,
        "x": 356.81,
        "y": 177.12
      },
      "name": "Cisto Viável"
    },
    {
      "bounding_box": {
        "h": 60.58,
        "w": 46.77,
        "x": 240.26,
        "y": 98.15
      },
      "name": "Não Cisto"
    },
    {
      "bounding_box": {
        "h": 89.71,
        "w": 65.94,
        "x": 359.11,
        "y": 278.34
      },
      "name": "Não Cisto"
    },
    {
      "bounding_box": {
        "h": 81.28,
        "w": 98.15,
        "x": 376.74,
        "y": 374.19
      },
      "name": "Não Cisto"
    },
    {
      "bounding_box": {
        "h": 37.73,
        "w": 36.21,
        "x": 210.4,
        "y": 95.49
      },
      "name": "Cisto Viável"
    },
    {
      "bounding_box": {
        "h": 35.25,
        "w": 51.18,
        "x": 65.22,
        "y": 102.88
      },
      "name": "Cisto Viável"
    }
  ]
}