{
  "dataset": "Cisto",
  "image": {
    "width": 640,
    "height": 480,
    "original_filename": "Cisto44.jpg",
    "filename": "Cisto44.jpg",
    "url": "https://darwin.v7labs.com/api/images/38438125/original",
    "thumbnail_url": "https://darwin.v7labs.com/api/images/38438125/thumbnail",
    "path": "/",
    "workview_url": "https://darwin.v7labs.com/workview?dataset=38016&image=464"
  },
  "annotations": [
    {
      "bounding_box": {
        "h": 71.55,
        "w": 55.2,
        "x": 486.11,
        "y": 35.04
      },
      "name": "Cisto Viável"
    },
    {
      "bounding_box": {
        "h": 54.9,
        "w": 60.02,
        "x": 517.29,
        "y": 275.24
      },
      "name": "Cisto Inviável"
    },
    {
      "bounding_box": {
        "h": 40.28,
        "w": 40.85,
        "x": 422.7,
        "y": 309.3
      },
      "name": "Cisto Inviável"
    },
    {
      "bounding_box": {
        "h": 100.7,
        "w": 97.24,
        "x": 315.1,
        "y": 201.7
      },
      "name": "Não Cisto"
    },
    {
      "bounding_box": {
        "h": 35.1,
        "w": 43.73,
        "x": 49.26,
        "y": 179.26
      },
      "name": "Cisto Viável"
    }
  ]
}