{
  "dataset": "Cisto",
  "image": {
    "width": 640,
    "height": 480,
    "original_filename": "Cisto475.jpg",
    "filename": "Cisto475.jpg",
    "url": "https://darwin.v7labs.com/api/images/38437821/original",
    "thumbnail_url": "https://darwin.v7labs.com/api/images/38437821/thumbnail",
    "path": "/",
    "workview_url": "https://darwin.v7labs.com/workview?dataset=38016&image=160"
  },
  "annotations": [
    {
      "bounding_box": {
        "h": 50.57,
        "w": 59.0,
        "x": 202.54,
        "y": 208.64
      },
      "name": "Cisto Viável"
    },
    {
      "bounding_box": {
        "h": 43.08,
        "w": 61.81,
        "x": 306.5,
        "y": 19.45
      },
      "name": "Cisto Viável"
    },
    {
      "bounding_box": {
        "h": 54.34,
        "w": 47.77,
        "x": 273.24,
        "y": 308.59
      },
      "name": "Cisto Inviável"
    },
    {
      "bounding_box": {
        "h": 66.88,
        "w": 93.16,
        "x": 145.44,
        "y": 351.59
      },
      "name": "Não Cisto"
    },
    {
      "bounding_box": {
        "h": 26.87,
        "w": 24.48,
        "x": 218.3,
        "y": 287.1
      },
      "name": "Não Cisto"
    },
    {
      "bounding_box": {
        "h": 48.37,
        "w": 106.3,
        "x": 201.58,
        "y": 430.41
      },
      "name": "Não Cisto"
    },
    {
      "bounding_box": {
        "h": 36.75,
        "w": 53.76,
        "x": 249.48,
        "y": 4.62
      },
      "name": "Não Cisto"
    },
    {
      "bounding_box": {
        "h": 77.58,
        "w": 62.61,
        "x": 303.92,
        "y": 64.51
      },
      "name": "Não Cisto"
    },
    {
      "bounding_box": {
        "h": 68.73,
        "w": 80.98,
        "x": 470.64,
        "y": 97.85
      },
      "name": "Não Cisto"
    }
  ]
}