{
  "dataset": "Cisto",
  "image": {
    "width": 640,
    "height": 480,
    "original_filename": "Cisto134.jpg",
    "filename": "Cisto134.jpg",
    "url": "https://darwin.v7labs.com/api/images/38437954/original",
    "thumbnail_url": "https://darwin.v7labs.com/api/images/38437954/thumbnail",
    "path": "/",
    "workview_url": "https://darwin.v7labs.com/workview?dataset=38016&image=293"
  },
  "annotations": [
    {
      "bounding_box": {
        "h": 44.47,
        "w": 59.04,
        "x": 193.48,
        "y": 194.76
      },
      "name": "Cisto Viável"
    },
    {
      "bounding_box": {
        "h": 40.64,
        "w": 39.87,
        "x": 378.27,
        "y": 251.5
      },
      "name": "Cisto Viável"
    },
    {
      "bounding_box": {
        "h": 85.88,
        "w": 71.31,
        "x": 101.47,
        "y": 13.8
      },
      "name": "Não Cisto"
    },
    {
      "bounding_box": {
        "h": 33.74,
        "w": 58.27,
        "x": 195.02,
        "y": 270.67
      },
      "name": "Não Cisto"
    },
    {
      "bounding_box": {
        "h": 42.17,
        "w": 46.77,
        "x": 325.37,
        "y": 210.1
      },
      "name": "Não Cisto"
    },
    {
      "bounding_box": {
        "h": 65.18,
        "w": 57.51,
        "x": 576.87,
        "y": 270.67
      },
      "name": "Não Cisto"
    }
  ]
}