{
  "dataset": "Cisto",
  "image": {
    "width": 640,
    "height": 480,
    "original_filename": "Cisto269.jpg",
    "filename": "Cisto269.jpg",
    "url": "https://darwin.v7labs.com/api/images/38438091/original",
    "thumbnail_url": "https://darwin.v7labs.com/api/images/38438091/thumbnail",
    "path": "/",
    "workview_url": "https://darwin.v7labs.com/workview?dataset=38016&image=430"
  },
  "annotations": [
    {
      "bounding_box": {
        "h": 63.4,
        "w": 66.18,
        "x": 374.6,
        "y": 145.42
      },
      "name": "Cisto Viável"
    },
    {
      "bounding_box": {
        "h": 37.62,
        "w": 50.86,
        "x": 168.39,
        "y": 72.97
      },
      "name": "Não Cisto"
    }
  ]
}