{
  "dataset": "Cisto",
  "image": {
    "width": 640,
    "height": 480,
    "original_filename": "Cisto497.jpg",
    "filename": "Cisto497.jpg",
    "url": "https://darwin.v7labs.com/api/images/38437673/original",
    "thumbnail_url": "https://darwin.v7labs.com/api/images/38437673/thumbnail",
    "path": "/",
    "workview_url": "https://darwin.v7labs.com/workview?dataset=38016&image=12"
  },
  "annotations": [
    {
      "bounding_box": {
        "h": 73.9,
        "w": 51.53,
        "x": 247.63,
        "y": 242.41
      },
      "name": "Cisto Viável"
    },
    {
      "bounding_box": {
        "h": 37.92,
        "w": 41.81,
        "x": 418.76,
        "y": 111.15
      },
      "name": "Não Cisto"
    },
    {
      "bounding_box": {
        "h": 37.92,
        "w": 39.87,
        "x": 535.44,
        "y": 83.92
      },
      "name": "Não Cisto"
    },
    {
      "bounding_box": {
        "h": 24.31,
        "w": 35.0,
        "x": 558.77,
        "y": 362.98
      },
      "name": "Não Cisto"
    },
    {
      "bounding_box": {
        "h": 34.03,
        "w": 35.98,
        "x": 553.91,
        "y": 251.16
      },
      "name": "Não Cisto"
    },
    {
      "bounding_box": {
        "h": 27.23,
        "w": 35.98,
        "x": 504.32,
        "y": 244.36
      },
      "name": "Não Cisto"
    },
    {
      "bounding_box": {
        "h": 66.12,
        "w": 55.42,
        "x": 199.01,
        "y": 145.18
      },
      "name": "Não Cisto"
    },
    {
      "bounding_box": {
        "h": 40.84,
        "w": 37.92,
        "x": 0.66,
        "y": 71.28
      },
      "name": "Não Cisto"
    },
    {
      "bounding_box": {
        "h": 30.14,
        "w": 35.0,
        "x": 77.47,
        "y": 150.04
      },
      "name": "Não Cisto"
    },
    {
      "bounding_box": {
        "h": 45.7,
        "w": 52.51,
        "x": 142.62,
        "y": -1.64
      },
      "name": "Não Cisto"
    },
    {
      "bounding_box": {
        "h": 36.95,
        "w": 43.75,
        "x": 54.14,
        "y": 11.97
      },
      "name": "Não Cisto"
    },
    {
      "bounding_box": {
        "h": 30.14,
        "w": 29.17,
        "x": 48.3,
        "y": 414.51
      },
      "name": "Não Cisto"
    },
    {
      "bounding_box": {
        "h": 31.11,
        "w": 30.14,
        "x": 337.08,
        "y": 345.48
      },
      "name": "Não Cisto"
    },
    {
      "bounding_box": {
        "h": 35.0,
        "w": 33.06,
        "x": 602.53,
        "y": 71.28
      },
      "name": "Não Cisto"
    }
  ]
}