{
  "dataset": "Cisto",
  "image": {
    "width": 640,
    "height": 480,
    "original_filename": "Cisto245.jpg",
    "filename": "Cisto245.jpg",
    "url": "https://darwin.v7labs.com/api/images/38438075/original",
    "thumbnail_url": "https://darwin.v7labs.com/api/images/38438075/thumbnail",
    "path": "/",
    "workview_url": "https://darwin.v7labs.com/workview?dataset=38016&image=414"
  },
  "annotations": [
    {
      "bounding_box": {
        "h": 43.71,
        "w": 36.81,
        "x": 215.72,
        "y": 132.65
      },
      "name": "Cisto Viável"
    },
    {
      "bounding_box": {
        "h": 46.77,
        "w": 49.84,
        "x": 106.07,
        "y": 153.35
      },
      "name": "Cisto Inviável"
    },
    {
      "bounding_box": {
        "h": 74.38,
        "w": 61.34,
        "x": 252.52,
        "y": 161.02
      },
      "name": "Cisto Inviável"
    }
  ]
}