{
  "dataset": "Cisto",
  "image": {
    "width": 640,
    "height": 480,
    "original_filename": "Cisto278.jpg",
    "filename": "Cisto278.jpg",
    "url": "https://darwin.v7labs.com/api/images/38438028/original",
    "thumbnail_url": "https://darwin.v7labs.com/api/images/38438028/thumbnail",
    "path": "/",
    "workview_url": "https://darwin.v7labs.com/workview?dataset=38016&image=367"
  },
  "annotations": [
    {
      "bounding_box": {
        "h": 70.54,
        "w": 84.35,
        "x": 401.28,
        "y": 105.81
      },
      "name": "Cisto Viável"
    }
  ]
}