{
  "dataset": "Cisto",
  "image": {
    "width": 640,
    "height": 480,
    "original_filename": "Cisto96.jpg",
    "filename": "Cisto96.jpg",
    "url": "https://darwin.v7labs.com/api/images/38437919/original",
    "thumbnail_url": "https://darwin.v7labs.com/api/images/38437919/thumbnail",
    "path": "/",
    "workview_url": "https://darwin.v7labs.com/workview?dataset=38016&image=258"
  },
  "annotations": [
    {
      "bounding_box": {
        "h": 41.52,
        "w": 45.76,
        "x": 241.06,
        "y": 291.09
      },
      "name": "Cisto Viável"
    },
    {
      "bounding_box": {
        "h": 27.12,
        "w": 34.74,
        "x": 288.51,
        "y": 17.38
      },
      "name": "Cisto Viável"
    },
    {
      "bounding_box": {
        "h": 36.13,
        "w": 33.85,
        "x": 318.04,
        "y": 439.28
      },
      "name": "Cisto Viável"
    },
    {
      "bounding_box": {
        "h": 49.13,
        "w": 27.42,
        "x": 277.48,
        "y": 278.76
      },
      "name": "Cisto Inviável"
    },
    {
      "bounding_box": {
        "h": 41.52,
        "w": 39.7,
        "x": 268.56,
        "y": 234.5
      },
      "name": "Cisto Inviável"
    },
    {
      "bounding_box": {
        "h": 41.27,
        "w": 40.79,
        "x": 220.77,
        "y": 137.34
      },
      "name": "Não Cisto"
    },
    {
      "bounding_box": {
        "h": 42.25,
        "w": 44.67,
        "x": 246.99,
        "y": 172.3
      },
      "name": "Não Cisto"
    },
    {
      "bounding_box": {
        "h": 33.99,
        "w": 33.02,
        "x": 296.52,
        "y": 170.36
      },
      "name": "Não Cisto"
    }
  ]
}