{
  "dataset": "Cisto",
  "image": {
    "width": 640,
    "height": 480,
    "original_filename": "Cisto402.jpg",
    "filename": "Cisto402.jpg",
    "url": "https://darwin.v7labs.com/api/images/38437810/original",
    "thumbnail_url": "https://darwin.v7labs.com/api/images/38437810/thumbnail",
    "path": "/",
    "workview_url": "https://darwin.v7labs.com/workview?dataset=38016&image=149"
  },
  "annotations": [
    {
      "bounding_box": {
        "h": 49.77,
        "w": 71.22,
        "x": 184.83,
        "y": 94.05
      },
      "name": "Cisto Viável"
    },
    {
      "bounding_box": {
        "h": 30.89,
        "w": 36.9,
        "x": 129.91,
        "y": 137.81
      },
      "name": "Não Cisto"
    },
    {
      "bounding_box": {
        "h": 42.05,
        "w": 45.48,
        "x": 384.76,
        "y": 124.94
      },
      "name": "Não Cisto"
    },
    {
      "bounding_box": {
        "h": 30.89,
        "w": 30.89,
        "x": 401.06,
        "y": 23.69
      },
      "name": "Não Cisto"
    },
    {
      "bounding_box": {
        "h": 24.03,
        "w": 32.61,
        "x": 514.33,
        "y": -0.34
      },
      "name": "Não Cisto"
    },
    {
      "bounding_box": {
        "h": 32.61,
        "w": 44.62,
        "x": 568.39,
        "y": 75.17
      },
      "name": "Não Cisto"
    },
    {
      "bounding_box": {
        "h": 40.33,
        "w": 61.78,
        "x": 205.42,
        "y": 432.13
      },
      "name": "Não Cisto"
    },
    {
      "bounding_box": {
        "h": 33.46,
        "w": 31.75,
        "x": 157.37,
        "y": 445.86
      },
      "name": "Não Cisto"
    }
  ]
}