{
  "dataset": "Cisto",
  "image": {
    "width": 640,
    "height": 480,
    "original_filename": "Cisto189.jpg",
    "filename": "Cisto189.jpg",
    "url": "https://darwin.v7labs.com/api/images/38438048/original",
    "thumbnail_url": "https://darwin.v7labs.com/api/images/38438048/thumbnail",
    "path": "/",
    "workview_url": "https://darwin.v7labs.com/workview?dataset=38016&image=387"
  },
  "annotations": [
    {
      "bounding_box": {
        "h": 65.18,
        "w": 75.91,
        "x": 193.48,
        "y": 131.88
      },
      "name": "Cisto Inviável"
    }
  ]
}