{
  "dataset": "Cisto",
  "image": {
    "width": 640,
    "height": 480,
    "original_filename": "Cisto315.jpg",
    "filename": "Cisto315.jpg",
    "url": "https://darwin.v7labs.com/api/images/38437692/original",
    "thumbnail_url": "https://darwin.v7labs.com/api/images/38437692/thumbnail",
    "path": "/",
    "workview_url": "https://darwin.v7labs.com/workview?dataset=38016&image=31"
  },
  "annotations": [
    {
      "bounding_box": {
        "h": 36.81,
        "w": 55.21,
        "x": 212.65,
        "y": 147.99
      },
      "name": "Cisto Viável"
    },
    {
      "bounding_box": {
        "h": 19.17,
        "w": 17.64,
        "x": 23.26,
        "y": 144.92
      },
      "name": "Não Cisto"
    },
    {
      "bounding_box": {
        "h": 28.37,
        "w": 42.17,
        "x": 126.77,
        "y": 192.46
      },
      "name": "Não Cisto"
    },
    {
      "bounding_box": {
        "h": 30.67,
        "w": 26.07,
        "x": 246.39,
        "y": 299.04
      },
      "name": "Não Cisto"
    },
    {
      "bounding_box": {
        "h": 23.0,
        "w": 29.9,
        "x": 217.25,
        "y": 337.38
      },
      "name": "Não Cisto"
    },
    {
      "bounding_box": {
        "h": 32.97,
        "w": 36.04,
        "x": 375.21,
        "y": 389.52
      },
      "name": "Não Cisto"
    },
    {
      "bounding_box": {
        "h": 48.31,
        "w": 28.37,
        "x": 435.78,
        "y": 382.62
      },
      "name": "Não Cisto"
    },
    {
      "bounding_box": {
        "h": 105.81,
        "w": 98.15,
        "x": 540.06,
        "y": 349.65
      },
      "name": "Não Cisto"
    },
    {
      "bounding_box": {
        "h": 28.37,
        "w": 36.81,
        "x": 586.84,
        "y": 329.71
      },
      "name": "Não Cisto"
    },
    {
      "bounding_box": {
        "h": 29.14,
        "w": 24.54,
        "x": 559.23,
        "y": 243.83
      },
      "name": "Não Cisto"
    },
    {
      "bounding_box": {
        "h": 20.7,
        "w": 29.14,
        "x": 527.8,
        "y": 44.47
      },
      "name": "Não Cisto"
    }
  ]
}