{
  "dataset": "Cisto",
  "image": {
    "width": 640,
    "height": 480,
    "original_filename": "Cisto489.jpg",
    "filename": "Cisto489.jpg",
    "url": "https://darwin.v7labs.com/api/images/38437677/original",
    "thumbnail_url": "https://darwin.v7labs.com/api/images/38437677/thumbnail",
    "path": "/",
    "workview_url": "https://darwin.v7labs.com/workview?dataset=38016&image=16"
  },
  "annotations": [
    {
      "bounding_box": {
        "h": 26.84,
        "w": 39.87,
        "x": 6.39,
        "y": 186.33
      },
      "name": "Não Cisto"
    },
    {
      "bounding_box": {
        "h": 36.04,
        "w": 34.5,
        "x": 173.55,
        "y": 359.62
      },
      "name": "Não Cisto"
    },
    {
      "bounding_box": {
        "h": 38.34,
        "w": 46.01,
        "x": 163.58,
        "y": 402.56
      },
      "name": "Não Cisto"
    },
    {
      "bounding_box": {
        "h": 39.87,
        "w": 43.71,
        "x": 349.14,
        "y": 195.53
      },
      "name": "Não Cisto"
    },
    {
      "bounding_box": {
        "h": 29.9,
        "w": 26.07,
        "x": 365.24,
        "y": 164.86
      },
      "name": "Não Cisto"
    },
    {
      "bounding_box": {
        "h": 31.44,
        "w": 28.37,
        "x": 372.91,
        "y": 41.41
      },
      "name": "Não Cisto"
    },
    {
      "bounding_box": {
        "h": 25.3,
        "w": 28.37,
        "x": 372.91,
        "y": 19.94
      },
      "name": "Não Cisto"
    },
    {
      "bounding_box": {
        "h": 23.0,
        "w": 37.57,
        "x": 325.37,
        "y": 400.26
      },
      "name": "Não Cisto"
    },
    {
      "bounding_box": {
        "h": 22.24,
        "w": 26.07,
        "x": 293.93,
        "y": 415.59
      },
      "name": "Não Cisto"
    },
    {
      "bounding_box": {
        "h": 20.7,
        "w": 19.17,
        "x": 356.81,
        "y": 419.42
      },
      "name": "Não Cisto"
    },
    {
      "bounding_box": {
        "h": 66.71,
        "w": 66.71,
        "x": 163.58,
        "y": 187.09
      },
      "name": "Cisto Inviável"
    },
    {
      "bounding_box": {
        "h": 29.9,
        "w": 42.17,
        "x": 22.49,
        "y": 274.5
      },
      "name": "Cisto Inviável"
    }
  ]
}