{
  "dataset": "Cisto",
  "image": {
    "width": 640,
    "height": 480,
    "original_filename": "Cisto483.jpg",
    "filename": "Cisto483.jpg",
    "url": "https://darwin.v7labs.com/api/images/38437869/original",
    "thumbnail_url": "https://darwin.v7labs.com/api/images/38437869/thumbnail",
    "path": "/",
    "workview_url": "https://darwin.v7labs.com/workview?dataset=38016&image=208"
  },
  "annotations": [
    {
      "bounding_box": {
        "h": 42.94,
        "w": 47.54,
        "x": 308.5,
        "y": 188.63
      },
      "name": "Cisto Viável"
    },
    {
      "bounding_box": {
        "h": 59.04,
        "w": 68.24,
        "x": 202.68,
        "y": 169.46
      },
      "name": "Não Cisto"
    },
    {
      "bounding_box": {
        "h": 101.21,
        "w": 76.68,
        "x": 80.77,
        "y": 136.49
      },
      "name": "Não Cisto"
    },
    {
      "bounding_box": {
        "h": 30.87,
        "w": 29.52,
        "x": 332.99,
        "y": 257.96
      },
      "name": "Cisto Viável"
    }
  ]
}