{
  "dataset": "Cisto",
  "image": {
    "width": 640,
    "height": 480,
    "original_filename": "Cisto241.jpg",
    "filename": "Cisto241.jpg",
    "url": "https://darwin.v7labs.com/api/images/38438019/original",
    "thumbnail_url": "https://darwin.v7labs.com/api/images/38438019/thumbnail",
    "path": "/",
    "workview_url": "https://darwin.v7labs.com/workview?dataset=38016&image=358"
  },
  "annotations": [
    {
      "bounding_box": {
        "h": 42.17,
        "w": 44.47,
        "x": 276.29,
        "y": 39.11
      },
      "name": "Cisto Viável"
    }
  ]
}