{
  "dataset": "Cisto",
  "image": {
    "width": 640,
    "height": 480,
    "original_filename": "Cisto26.jpg",
    "filename": "Cisto26.jpg",
    "url": "https://darwin.v7labs.com/api/images/38438159/original",
    "thumbnail_url": "https://darwin.v7labs.com/api/images/38438159/thumbnail",
    "path": "/",
    "workview_url": "https://darwin.v7labs.com/workview?dataset=38016&image=498"
  },
  "annotations": [
    {
      "bounding_box": {
        "h": 73.61,
        "w": 74.38,
        "x": 221.09,
        "y": 102.75
      },
      "name": "Cisto Viável"
    },
    {
      "bounding_box": {
        "h": 83.58,
        "w": 84.35,
        "x": 556.17,
        "y": 311.31
      },
      "name": "Cisto Inviável"
    },
    {
      "bounding_box": {
        "h": 58.27,
        "w": 52.14,
        "x": 358.34,
        "y": 245.37
      },
      "name": "Não Cisto"
    },
    {
      "bounding_box": {
        "h": 42.94,
        "w": 46.01,
        "x": 4.86,
        "y": 73.61
      },
      "name": "Não Cisto"
    }
  ]
}