{
  "dataset": "Cisto",
  "image": {
    "width": 640,
    "height": 480,
    "original_filename": "Cisto86.jpg",
    "filename": "Cisto86.jpg",
    "url": "https://darwin.v7labs.com/api/images/38437994/original",
    "thumbnail_url": "https://darwin.v7labs.com/api/images/38437994/thumbnail",
    "path": "/",
    "workview_url": "https://darwin.v7labs.com/workview?dataset=38016&image=333"
  },
  "annotations": [
    {
      "bounding_box": {
        "h": 55.21,
        "w": 83.58,
        "x": 481.79,
        "y": 240.77
      },
      "name": "Cisto Viável"
    },
    {
      "bounding_box": {
        "h": 55.97,
        "w": 53.67,
        "x": 504.03,
        "y": 182.49
      },
      "name": "Cisto Viável"
    },
    {
      "bounding_box": {
        "h": 58.27,
        "w": 46.77,
        "x": 450.35,
        "y": 168.69
      },
      "name": "Cisto Viável"
    },
    {
      "bounding_box": {
        "h": 39.87,
        "w": 42.17,
        "x": 366.77,
        "y": 125.75
      },
      "name": "Cisto Viável"
    },
    {
      "bounding_box": {
        "h": 70.54,
        "w": 69.78,
        "x": 221.34,
        "y": 301.95
      },
      "name": "Não Cisto"
    },
    {
      "bounding_box": {
        "h": 46.77,
        "w": 56.74,
        "x": 303.39,
        "y": 265.91
      },
      "name": "Não Cisto"
    }
  ]
}