{
  "dataset": "Cisto",
  "image": {
    "width": 640,
    "height": 480,
    "original_filename": "Cisto93.jpg",
    "filename": "Cisto93.jpg",
    "url": "https://darwin.v7labs.com/api/images/38437959/original",
    "thumbnail_url": "https://darwin.v7labs.com/api/images/38437959/thumbnail",
    "path": "/",
    "workview_url": "https://darwin.v7labs.com/workview?dataset=38016&image=298"
  },
  "annotations": [
    {
      "bounding_box": {
        "h": 32.2,
        "w": 39.87,
        "x": 126.77,
        "y": 50.61
      },
      "name": "Não Cisto"
    },
    {
      "bounding_box": {
        "h": 62.11,
        "w": 68.24,
        "x": 249.46,
        "y": 164.86
      },
      "name": "Cisto Viável"
    }
  ]
}