{
  "dataset": "Cisto",
  "image": {
    "width": 640,
    "height": 480,
    "original_filename": "Cisto418.jpg",
    "filename": "Cisto418.jpg",
    "url": "https://darwin.v7labs.com/api/images/38437809/original",
    "thumbnail_url": "https://darwin.v7labs.com/api/images/38437809/thumbnail",
    "path": "/",
    "workview_url": "https://darwin.v7labs.com/workview?dataset=38016&image=148"
  },
  "annotations": [
    {
      "bounding_box": {
        "h": 39.11,
        "w": 44.47,
        "x": 43.96,
        "y": 344.28
      },
      "name": "Não Cisto"
    },
    {
      "bounding_box": {
        "h": 68.24,
        "w": 89.71,
        "x": 268.63,
        "y": 320.51
      },
      "name": "Não Cisto"
    },
    {
      "bounding_box": {
        "h": 46.01,
        "w": 47.54,
        "x": 467.22,
        "y": 274.5
      },
      "name": "Não Cisto"
    },
    {
      "bounding_box": {
        "h": 63.64,
        "w": 68.24,
        "x": 227.22,
        "y": 177.89
      },
      "name": "Cisto Viável"
    }
  ]
}