{
  "dataset": "Cisto",
  "image": {
    "width": 640,
    "height": 480,
    "original_filename": "Cisto33.jpg",
    "filename": "Cisto33.jpg",
    "url": "https://darwin.v7labs.com/api/images/38438144/original",
    "thumbnail_url": "https://darwin.v7labs.com/api/images/38438144/thumbnail",
    "path": "/",
    "workview_url": "https://darwin.v7labs.com/workview?dataset=38016&image=483"
  },
  "annotations": [
    {
      "bounding_box": {
        "h": 30.67,
        "w": 41.41,
        "x": 150.54,
        "y": 93.55
      },
      "name": "Não Cisto"
    },
    {
      "bounding_box": {
        "h": 91.25,
        "w": 63.64,
        "x": 123.71,
        "y": 183.26
      },
      "name": "Cisto Inviável"
    },
    {
      "bounding_box": {
        "h": 52.14,
        "w": 71.31,
        "x": 232.59,
        "y": 207.8
      },
      "name": "Cisto Inviável"
    },
    {
      "bounding_box": {
        "h": 44.47,
        "w": 59.04,
        "x": 298.53,
        "y": 206.26
      },
      "name": "Cisto Inviável"
    },
    {
      "bounding_box": {
        "h": 69.01,
        "w": 50.61,
        "x": 292.4,
        "y": 146.45
      },
      "name": "Cisto Viável"
    },
    {
      "bounding_box": {
        "h": 43.71,
        "w": 83.58,
        "x": 252.52,
        "y": 255.34
      },
      "name": "Cisto Viável"
    }
  ]
}