{
  "dataset": "Cisto",
  "image": {
    "width": 640,
    "height": 480,
    "original_filename": "Cisto169.jpg",
    "filename": "Cisto169.jpg",
    "url": "https://darwin.v7labs.com/api/images/38437901/original",
    "thumbnail_url": "https://darwin.v7labs.com/api/images/38437901/thumbnail",
    "path": "/",
    "workview_url": "https://darwin.v7labs.com/workview?dataset=38016&image=240"
  },
  "annotations": [
    {
      "bounding_box": {
        "h": 40.76,
        "w": 50.79,
        "x": 194.82,
        "y": 127.85
      },
      "name": "Cisto Viável"
    },
    {
      "bounding_box": {
        "h": 40.1,
        "w": 45.44,
        "x": 254.3,
        "y": 12.24
      },
      "name": "Cisto Viável"
    },
    {
      "bounding_box": {
        "h": 42.77,
        "w": 30.74,
        "x": 363.22,
        "y": 164.6
      },
      "name": "Cisto Viável"
    },
    {
      "bounding_box": {
        "h": 28.07,
        "w": 35.42,
        "x": 228.23,
        "y": 173.29
      },
      "name": "Cisto Viável"
    },
    {
      "bounding_box": {
        "h": 27.4,
        "w": 30.07,
        "x": 237.59,
        "y": 200.02
      },
      "name": "Cisto Viável"
    },
    {
      "bounding_box": {
        "h": 45.44,
        "w": 48.78,
        "x": 365.23,
        "y": 220.74
      },
      "name": "Cisto Viável"
    },
    {
      "bounding_box": {
        "h": 36.77,
        "w": 36.77,
        "x": 118.8,
        "y": 390.79
      },
      "name": "Cisto Viável"
    },
    {
      "bounding_box": {
        "h": 29.53,
        "w": 41.23,
        "x": 51.39,
        "y": 321.71
      },
      "name": "Cisto Viável"
    },
    {
      "bounding_box": {
        "h": 31.2,
        "w": 33.43,
        "x": 25.2,
        "y": 347.34
      },
      "name": "Cisto Viável"
    },
    {
      "bounding_box": {
        "h": 39.38,
        "w": 32.37,
        "x": 581.0,
        "y": 383.24
      },
      "name": "Cisto Viável"
    },
    {
      "bounding_box": {
        "h": 28.16,
        "w": 27.68,
        "x": 88.43,
        "y": 165.32
      },
      "name": "Cisto Viável"
    },
    {
      "bounding_box": {
        "h": 37.39,
        "w": 36.42,
        "x": 228.28,
        "y": 299.34
      },
      "name": "Cisto Inviável"
    },
    {
      "bounding_box": {
        "h": 36.57,
        "w": 33.39,
        "x": 332.11,
        "y": 176.39
      },
      "name": "Cisto Inviável"
    },
    {
      "bounding_box": {
        "h": 36.34,
        "w": 47.8,
        "x": 146.41,
        "y": 385.82
      },
      "name": "Cisto Inviável"
    },
    {
      "bounding_box": {
        "h": 36.84,
        "w": 40.33,
        "x": 290.3,
        "y": 345.99
      },
      "name": "Cisto Inviável"
    },
    {
      "bounding_box": {
        "h": 27.88,
        "w": 38.83,
        "x": 221.09,
        "y": 437.6
      },
      "name": "Cisto Inviável"
    },
    {
      "bounding_box": {
        "h": 36.45,
        "w": 31.98,
        "x": 235.54,
        "y": 4.86
      },
      "name": "Cisto Inviável"
    },
    {
      "bounding_box": {
        "h": 34.59,
        "w": 30.0,
        "x": 453.07,
        "y": 224.54
      },
      "name": "Cisto Inviável"
    },
    {
      "bounding_box": {
        "h": 75.28,
        "w": 54.03,
        "x": 37.68,
        "y": 29.99
      },
      "name": "Não Cisto"
    },
    {
      "bounding_box": {
        "h": 69.97,
        "w": 77.05,
        "x": 373.36,
        "y": 314.3
      },
      "name": "Não Cisto"
    },
    {
      "bounding_box": {
        "h": 38.97,
        "w": 53.14,
        "x": 454.84,
        "y": 145.13
      },
      "name": "Não Cisto"
    },
    {
      "bounding_box": {
        "h": 48.71,
        "w": 35.43,
        "x": 507.1,
        "y": 37.08
      },
      "name": "Não Cisto"
    },
    {
      "bounding_box": {
        "h": 52.26,
        "w": 60.23,
        "x": 555.81,
        "y": 62.77
      },
      "name": "Não Cisto"
    },
    {
      "bounding_box": {
        "h": 47.83,
        "w": 77.05,
        "x": 537.21,
        "y": 102.62
      },
      "name": "Não Cisto"
    },
    {
      "bounding_box": {
        "h": 32.77,
        "w": 46.94,
        "x": 393.73,
        "y": 401.1
      },
      "name": "Não Cisto"
    },
    {
      "bounding_box": {
        "h": 46.06,
        "w": 39.86,
        "x": 180.28,
        "y": 169.05
      },
      "name": "Não Cisto"
    },
    {
      "bounding_box": {
        "h": 52.26,
        "w": 38.08,
        "x": 153.71,
        "y": 44.17
      },
      "name": "Não Cisto"
    },
    {
      "bounding_box": {
        "h": 36.31,
        "w": 46.06,
        "x": 267.07,
        "y": 129.19
      },
      "name": "Não Cisto"
    }
  ]
}