{
  "dataset": "Cisto",
  "image": {
    "width": 640,
    "height": 480,
    "original_filename": "Cisto178.jpg",
    "filename": "Cisto178.jpg",
    "url": "https://darwin.v7labs.com/api/images/38438055/original",
    "thumbnail_url": "https://darwin.v7labs.com/api/images/38438055/thumbnail",
    "path": "/",
    "workview_url": "https://darwin.v7labs.com/workview?dataset=38016&image=394"
  },
  "annotations": [
    {
      "bounding_box": {
        "h": 41.41,
        "w": 50.61,
        "x": 221.09,
        "y": 138.02
      },
      "name": "Cisto Viável"
    },
    {
      "bounding_box": {
        "h": 45.24,
        "w": 55.21,
        "x": 249.46,
        "y": 303.64
      },
      "name": "Não Cisto"
    },
    {
      "bounding_box": {
        "h": 28.37,
        "w": 54.44,
        "x": 577.64,
        "y": 125.75
      },
      "name": "Cisto Viável"
    }
  ]
}