{
  "dataset": "Cisto",
  "image": {
    "width": 640,
    "height": 480,
    "original_filename": "Cisto40.jpg",
    "filename": "Cisto40.jpg",
    "url": "https://darwin.v7labs.com/api/images/38438157/original",
    "thumbnail_url": "https://darwin.v7labs.com/api/images/38438157/thumbnail",
    "path": "/",
    "workview_url": "https://darwin.v7labs.com/workview?dataset=38016&image=496"
  },
  "annotations": [
    {
      "bounding_box": {
        "h": 64.41,
        "w": 73.61,
        "x": 178.91,
        "y": 105.81
      },
      "name": "Cisto Viável"
    },
    {
      "bounding_box": {
        "h": 49.84,
        "w": 75.14,
        "x": 422.75,
        "y": 209.33
      },
      "name": "Cisto Viável"
    }
  ]
}