{
  "dataset": "Cisto",
  "image": {
    "width": 640,
    "height": 480,
    "original_filename": "Cisto142.jpg",
    "filename": "Cisto142.jpg",
    "url": "https://darwin.v7labs.com/api/images/38437970/original",
    "thumbnail_url": "https://darwin.v7labs.com/api/images/38437970/thumbnail",
    "path": "/",
    "workview_url": "https://darwin.v7labs.com/workview?dataset=38016&image=309"
  },
  "annotations": [
    {
      "bounding_box": {
        "h": 55.97,
        "w": 55.97,
        "x": 475.65,
        "y": 193.99
      },
      "name": "Cisto Viável"
    }
  ]
}