{
  "dataset": "Cisto",
  "image": {
    "width": 640,
    "height": 480,
    "original_filename": "Cisto334.jpg",
    "filename": "Cisto334.jpg",
    "url": "https://darwin.v7labs.com/api/images/38437707/original",
    "thumbnail_url": "https://darwin.v7labs.com/api/images/38437707/thumbnail",
    "path": "/",
    "workview_url": "https://darwin.v7labs.com/workview?dataset=38016&image=46"
  },
  "annotations": [
    {
      "bounding_box": {
        "h": 26.42,
        "w": 56.24,
        "x": 556.84,
        "y": 135.3
      },
      "name": "Não Cisto"
    },
    {
      "bounding_box": {
        "h": 24.27,
        "w": 27.51,
        "x": 107.82,
        "y": 449.08
      },
      "name": "Não Cisto"
    },
    {
      "bounding_box": {
        "h": 63.11,
        "w": 82.53,
        "x": 257.02,
        "y": 393.41
      },
      "name": "Cisto Inviável"
    },
    {
      "bounding_box": {
        "h": 47.2,
        "w": 53.5,
        "x": 108.3,
        "y": 105.48
      },
      "name": "Cisto Inviável"
    },
    {
      "bounding_box": {
        "h": 50.35,
        "w": 70.02,
        "x": 345.88,
        "y": 119.64
      },
      "name": "Cisto Viável"
    },
    {
      "bounding_box": {
        "h": 44.49,
        "w": 50.11,
        "x": 110.2,
        "y": 410.42
      },
      "name": "Cisto Viável"
    },
    {
      "bounding_box": {
        "h": 25.57,
        "w": 29.15,
        "x": 111.73,
        "y": 387.41
      },
      "name": "Não Cisto"
    }
  ]
}