{
  "dataset": "Cisto",
  "image": {
    "width": 640,
    "height": 480,
    "original_filename": "Cisto73.jpg",
    "filename": "Cisto73.jpg",
    "url": "https://darwin.v7labs.com/api/images/38438153/original",
    "thumbnail_url": "https://darwin.v7labs.com/api/images/38438153/thumbnail",
    "path": "/",
    "workview_url": "https://darwin.v7labs.com/workview?dataset=38016&image=492"
  },
  "annotations": [
    {
      "bounding_box": {
        "h": 34.5,
        "w": 36.04,
        "x": 83.83,
        "y": 197.83
      },
      "name": "Não Cisto"
    },
    {
      "bounding_box": {
        "h": 35.27,
        "w": 44.47,
        "x": 39.36,
        "y": 124.22
      },
      "name": "Não Cisto"
    },
    {
      "bounding_box": {
        "h": 78.98,
        "w": 53.67,
        "x": 217.25,
        "y": 202.43
      },
      "name": "Cisto Viável"
    },
    {
      "bounding_box": {
        "h": 69.78,
        "w": 78.98,
        "x": 501.73,
        "y": 87.41
      },
      "name": "Cisto Viável"
    }
  ]
}