{
  "dataset": "Cisto",
  "image": {
    "width": 640,
    "height": 480,
    "original_filename": "Cisto55.jpg",
    "filename": "Cisto55.jpg",
    "url": "https://darwin.v7labs.com/api/images/38438160/original",
    "thumbnail_url": "https://darwin.v7labs.com/api/images/38438160/thumbnail",
    "path": "/",
    "workview_url": "https://darwin.v7labs.com/workview?dataset=38016&image=499"
  },
  "annotations": [
    {
      "bounding_box": {
        "h": 90.48,
        "w": 92.01,
        "x": 145.18,
        "y": 301.34
      },
      "name": "Não Cisto"
    },
    {
      "bounding_box": {
        "h": 56.74,
        "w": 64.41,
        "x": 175.85,
        "y": 84.35
      },
      "name": "Cisto Viável"
    }
  ]
}