{
  "dataset": "Cisto",
  "image": {
    "width": 640,
    "height": 480,
    "original_filename": "Cisto201.jpg",
    "filename": "Cisto201.jpg",
    "url": "https://darwin.v7labs.com/api/images/38438022/original",
    "thumbnail_url": "https://darwin.v7labs.com/api/images/38438022/thumbnail",
    "path": "/",
    "workview_url": "https://darwin.v7labs.com/workview?dataset=38016&image=361"
  },
  "annotations": [
    {
      "bounding_box": {
        "h": 76.68,
        "w": 60.58,
        "x": 341.47,
        "y": 210.1
      },
      "name": "Cisto Viável"
    }
  ]
}