{
  "dataset": "Cisto",
  "image": {
    "width": 640,
    "height": 480,
    "original_filename": "Cisto98.jpg",
    "filename": "Cisto98.jpg",
    "url": "https://darwin.v7labs.com/api/images/38437978/original",
    "thumbnail_url": "https://darwin.v7labs.com/api/images/38437978/thumbnail",
    "path": "/",
    "workview_url": "https://darwin.v7labs.com/workview?dataset=38016&image=317"
  },
  "annotations": [
    {
      "bounding_box": {
        "h": 56.58,
        "w": 47.68,
        "x": 39.54,
        "y": 128.26
      },
      "name": "Cisto Inviável"
    },
    {
      "bounding_box": {
        "h": 54.96,
        "w": 51.76,
        "x": 421.91,
        "y": 130.92
      },
      "name": "Cisto Inviável"
    },
    {
      "bounding_box": {
        "h": 41.63,
        "w": 36.03,
        "x": 218.94,
        "y": 117.75
      },
      "name": "Cisto Inviável"
    },
    {
      "bounding_box": {
        "h": 27.28,
        "w": 37.82,
        "x": 473.77,
        "y": 388.64
      },
      "name": "Cisto Inviável"
    },
    {
      "bounding_box": {
        "h": 46.17,
        "w": 48.32,
        "x": 114.21,
        "y": 196.52
      },
      "name": "Cisto Viável"
    },
    {
      "bounding_box": {
        "h": 49.19,
        "w": 42.72,
        "x": 163.39,
        "y": 374.28
      },
      "name": "Cisto Viável"
    },
    {
      "bounding_box": {
        "h": 36.24,
        "w": 29.34,
        "x": 201.8,
        "y": 381.18
      },
      "name": "Cisto Viável"
    }
  ]
}