{
  "dataset": "Cisto",
  "image": {
    "width": 640,
    "height": 480,
    "original_filename": "Cisto349.jpg",
    "filename": "Cisto349.jpg",
    "url": "https://darwin.v7labs.com/api/images/38437745/original",
    "thumbnail_url": "https://darwin.v7labs.com/api/images/38437745/thumbnail",
    "path": "/",
    "workview_url": "https://darwin.v7labs.com/workview?dataset=38016&image=84"
  },
  "annotations": [
    {
      "bounding_box": {
        "h": 50.61,
        "w": 59.58,
        "x": 284.8,
        "y": 220.26
      },
      "name": "Cisto Viável"
    },
    {
      "bounding_box": {
        "h": 40.19,
        "w": 42.93,
        "x": 151.94,
        "y": 287.96
      },
      "name": "Cisto Inviável"
    },
    {
      "bounding_box": {
        "h": 41.15,
        "w": 44.89,
        "x": 328.04,
        "y": 1.2
      },
      "name": "Cisto Inviável"
    },
    {
      "bounding_box": {
        "h": 31.29,
        "w": 27.28,
        "x": 58.64,
        "y": 239.28
      },
      "name": "Não Cisto"
    },
    {
      "bounding_box": {
        "h": 25.68,
        "w": 24.07,
        "x": 114.81,
        "y": 249.71
      },
      "name": "Não Cisto"
    },
    {
      "bounding_box": {
        "h": 24.88,
        "w": 29.69,
        "x": 120.43,
        "y": 119.72
      },
      "name": "Não Cisto"
    },
    {
      "bounding_box": {
        "h": 36.91,
        "w": 28.08,
        "x": 140.49,
        "y": 130.95
      },
      "name": "Não Cisto"
    },
    {
      "bounding_box": {
        "h": 52.16,
        "w": 56.17,
        "x": 55.43,
        "y": 6.58
      },
      "name": "Não Cisto"
    },
    {
      "bounding_box": {
        "h": 19.26,
        "w": 23.27,
        "x": 195.86,
        "y": 74.78
      },
      "name": "Não Cisto"
    },
    {
      "bounding_box": {
        "h": 22.47,
        "w": 38.52,
        "x": 241.6,
        "y": 84.41
      },
      "name": "Não Cisto"
    },
    {
      "bounding_box": {
        "h": 46.54,
        "w": 56.97,
        "x": 203.08,
        "y": 25.03
      },
      "name": "Não Cisto"
    },
    {
      "bounding_box": {
        "h": 28.08,
        "w": 56.97,
        "x": 293.76,
        "y": 53.12
      },
      "name": "Não Cisto"
    },
    {
      "bounding_box": {
        "h": 22.47,
        "w": 38.52,
        "x": 284.93,
        "y": 79.6
      },
      "name": "Não Cisto"
    },
    {
      "bounding_box": {
        "h": 132.4,
        "w": 85.06,
        "x": 311.41,
        "y": 111.7
      },
      "name": "Não Cisto"
    },
    {
      "bounding_box": {
        "h": 38.52,
        "w": 43.33,
        "x": 256.04,
        "y": 300.27
      },
      "name": "Não Cisto"
    },
    {
      "bounding_box": {
        "h": 36.91,
        "w": 28.08,
        "x": 239.19,
        "y": 334.77
      },
      "name": "Não Cisto"
    },
    {
      "bounding_box": {
        "h": 35.31,
        "w": 36.91,
        "x": 361.16,
        "y": 398.97
      },
      "name": "Não Cisto"
    },
    {
      "bounding_box": {
        "h": 33.7,
        "w": 38.52,
        "x": 409.31,
        "y": 298.66
      },
      "name": "Não Cisto"
    },
    {
      "bounding_box": {
        "h": 52.96,
        "w": 35.31,
        "x": 463.07,
        "y": 374.89
      },
      "name": "Não Cisto"
    },
    {
      "bounding_box": {
        "h": 30.49,
        "w": 33.7,
        "x": 588.25,
        "y": 326.75
      },
      "name": "Não Cisto"
    },
    {
      "bounding_box": {
        "h": 36.11,
        "w": 23.27,
        "x": 609.11,
        "y": 389.34
      },
      "name": "Não Cisto"
    },
    {
      "bounding_box": {
        "h": 38.52,
        "w": 36.91,
        "x": 590.65,
        "y": 289.84
      },
      "name": "Não Cisto"
    },
    {
      "bounding_box": {
        "h": 32.1,
        "w": 22.47,
        "x": 547.32,
        "y": 221.63
      },
      "name": "Não Cisto"
    },
    {
      "bounding_box": {
        "h": 24.07,
        "w": 38.52,
        "x": 562.57,
        "y": 190.33
      },
      "name": "Não Cisto"
    },
    {
      "bounding_box": {
        "h": 28.08,
        "w": 33.7,
        "x": 443.81,
        "y": 216.81
      },
      "name": "Não Cisto"
    },
    {
      "bounding_box": {
        "h": 28.89,
        "w": 32.9,
        "x": 463.87,
        "y": 147.0
      },
      "name": "Não Cisto"
    },
    {
      "bounding_box": {
        "h": 40.92,
        "w": 33.7,
        "x": 503.99,
        "y": 123.73
      },
      "name": "Não Cisto"
    },
    {
      "bounding_box": {
        "h": 27.28,
        "w": 31.29,
        "x": 533.68,
        "y": 70.77
      },
      "name": "Não Cisto"
    },
    {
      "bounding_box": {
        "h": 39.32,
        "w": 47.34,
        "x": 356.35,
        "y": 39.48
      },
      "name": "Não Cisto"
    }
  ]
}