{
  "dataset": "Cisto",
  "image": {
    "width": 640,
    "height": 480,
    "original_filename": "Cisto335.jpg",
    "filename": "Cisto335.jpg",
    "url": "https://darwin.v7labs.com/api/images/38437744/original",
    "thumbnail_url": "https://darwin.v7labs.com/api/images/38437744/thumbnail",
    "path": "/",
    "workview_url": "https://darwin.v7labs.com/workview?dataset=38016&image=83"
  },
  "annotations": [
    {
      "bounding_box": {
        "h": 47.54,
        "w": 54.44,
        "x": 379.04,
        "y": 329.71
      },
      "name": "Cisto Viável"
    },
    {
      "bounding_box": {
        "h": 52.14,
        "w": 39.11,
        "x": 575.34,
        "y": 260.7
      },
      "name": "Cisto Viável"
    },
    {
      "bounding_box": {
        "h": 49.84,
        "w": 43.71,
        "x": 198.08,
        "y": 235.4
      },
      "name": "Cisto Viável"
    },
    {
      "bounding_box": {
        "h": 50.61,
        "w": 66.71,
        "x": 34.76,
        "y": 414.06
      },
      "name": "Cisto Viável"
    },
    {
      "bounding_box": {
        "h": 25.93,
        "w": 28.85,
        "x": 396.92,
        "y": 69.43
      },
      "name": "Cisto Inviável"
    },
    {
      "bounding_box": {
        "h": 34.69,
        "w": 30.68,
        "x": 602.16,
        "y": 107.78
      },
      "name": "Cisto Inviável"
    },
    {
      "bounding_box": {
        "h": 28.2,
        "w": 29.05,
        "x": 6.27,
        "y": 390.18
      },
      "name": "Cisto Inviável"
    },
    {
      "bounding_box": {
        "h": 27.72,
        "w": 35.17,
        "x": 580.32,
        "y": 306.08
      },
      "name": "Cisto Inviável"
    },
    {
      "bounding_box": {
        "h": 23.89,
        "w": 27.62,
        "x": 45.52,
        "y": 72.65
      },
      "name": "Não Cisto"
    },
    {
      "bounding_box": {
        "h": 50.77,
        "w": 80.63,
        "x": 132.13,
        "y": 147.32
      },
      "name": "Não Cisto"
    },
    {
      "bounding_box": {
        "h": 28.37,
        "w": 26.13,
        "x": 88.08,
        "y": 221.98
      },
      "name": "Não Cisto"
    },
    {
      "bounding_box": {
        "h": 70.93,
        "w": 76.15,
        "x": 335.96,
        "y": 374.29
      },
      "name": "Não Cisto"
    },
    {
      "bounding_box": {
        "h": 106.48,
        "w": 69.52,
        "x": 426.24,
        "y": 230.39
      },
      "name": "Não Cisto"
    },
    {
      "bounding_box": {
        "h": 36.08,
        "w": 67.76,
        "x": 435.92,
        "y": 320.15
      },
      "name": "Não Cisto"
    },
    {
      "bounding_box": {
        "h": 36.96,
        "w": 36.08,
        "x": 562.64,
        "y": 328.95
      },
      "name": "Não Cisto"
    },
    {
      "bounding_box": {
        "h": 42.24,
        "w": 40.48,
        "x": 502.8,
        "y": 197.83
      },
      "name": "Não Cisto"
    },
    {
      "bounding_box": {
        "h": 44.0,
        "w": 129.37,
        "x": 512.48,
        "y": 145.03
      },
      "name": "Não Cisto"
    },
    {
      "bounding_box": {
        "h": 42.24,
        "w": 62.48,
        "x": 163.11,
        "y": 433.68
      },
      "name": "Não Cisto"
    },
    {
      "bounding_box": {
        "h": 75.68,
        "w": 96.8,
        "x": 129.67,
        "y": 288.47
      },
      "name": "Não Cisto"
    },
    {
      "bounding_box": {
        "h": 40.66,
        "w": 48.06,
        "x": 329.16,
        "y": 109.64
      },
      "name": "Não Cisto"
    },
    {
      "bounding_box": {
        "h": 27.11,
        "w": 41.48,
        "x": 348.47,
        "y": 87.46
      },
      "name": "Cisto Inviável"
    }
  ]
}