{
  "dataset": "Cisto",
  "image": {
    "width": 640,
    "height": 480,
    "original_filename": "Cisto17.jpg",
    "filename": "Cisto17.jpg",
    "url": "https://darwin.v7labs.com/api/images/38438098/original",
    "thumbnail_url": "https://darwin.v7labs.com/api/images/38438098/thumbnail",
    "path": "/",
    "workview_url": "https://darwin.v7labs.com/workview?dataset=38016&image=437"
  },
  "annotations": [
    {
      "bounding_box": {
        "h": 48.31,
        "w": 61.34,
        "x": 231.05,
        "y": 207.03
      },
      "name": "Cisto Viável"
    },
    {
      "bounding_box": {
        "h": 33.74,
        "w": 36.04,
        "x": 277.83,
        "y": 160.26
      },
      "name": "Não Cisto"
    },
    {
      "bounding_box": {
        "h": 34.5,
        "w": 43.71,
        "x": 221.85,
        "y": 443.96
      },
      "name": "Não Cisto"
    }
  ]
}