{
  "dataset": "Cisto",
  "image": {
    "width": 640,
    "height": 480,
    "original_filename": "Cisto56.jpg",
    "filename": "Cisto56.jpg",
    "url": "https://darwin.v7labs.com/api/images/38438154/original",
    "thumbnail_url": "https://darwin.v7labs.com/api/images/38438154/thumbnail",
    "path": "/",
    "workview_url": "https://darwin.v7labs.com/workview?dataset=38016&image=493"
  },
  "annotations": [
    {
      "bounding_box": {
        "h": 68.24,
        "w": 95.08,
        "x": 255.59,
        "y": 73.61
      },
      "name": "Cisto Viável"
    },
    {
      "bounding_box": {
        "h": 43.71,
        "w": 46.01,
        "x": 556.93,
        "y": 99.68
      },
      "name": "Não Cisto"
    },
    {
      "bounding_box": {
        "h": 52.91,
        "w": 41.41,
        "x": 421.21,
        "y": 249.97
      },
      "name": "Não Cisto"
    }
  ]
}