{
  "dataset": "Cisto",
  "image": {
    "width": 640,
    "height": 480,
    "original_filename": "Cisto140.jpg",
    "filename": "Cisto140.jpg",
    "url": "https://darwin.v7labs.com/api/images/38437963/original",
    "thumbnail_url": "https://darwin.v7labs.com/api/images/38437963/thumbnail",
    "path": "/",
    "workview_url": "https://darwin.v7labs.com/workview?dataset=38016&image=302"
  },
  "annotations": [
    {
      "bounding_box": {
        "h": 45.86,
        "w": 40.87,
        "x": 169.55,
        "y": 212.0
      },
      "name": "Cisto Viável"
    },
    {
      "bounding_box": {
        "h": 49.85,
        "w": 40.87,
        "x": 306.13,
        "y": 194.05
      },
      "name": "Cisto Viável"
    },
    {
      "bounding_box": {
        "h": 46.86,
        "w": 42.87,
        "x": 333.04,
        "y": 140.22
      },
      "name": "Cisto Viável"
    },
    {
      "bounding_box": {
        "h": 49.85,
        "w": 34.89,
        "x": 55.89,
        "y": 340.6
      },
      "name": "Cisto Viável"
    },
    {
      "bounding_box": {
        "h": 40.89,
        "w": 53.76,
        "x": 14.77,
        "y": 126.06
      },
      "name": "Cisto Viável"
    },
    {
      "bounding_box": {
        "h": 28.29,
        "w": 46.79,
        "x": 146.6,
        "y": 405.3
      },
      "name": "Não Cisto"
    },
    {
      "bounding_box": {
        "h": 30.47,
        "w": 41.35,
        "x": 142.25,
        "y": 436.86
      },
      "name": "Não Cisto"
    },
    {
      "bounding_box": {
        "h": 97.93,
        "w": 76.17,
        "x": 422.98,
        "y": 285.61
      },
      "name": "Não Cisto"
    },
    {
      "bounding_box": {
        "h": 69.64,
        "w": 43.52,
        "x": 602.52,
        "y": 248.62
      },
      "name": "Não Cisto"
    },
    {
      "bounding_box": {
        "h": 44.61,
        "w": 53.32,
        "x": 550.29,
        "y": 196.39
      },
      "name": "Não Cisto"
    },
    {
      "bounding_box": {
        "h": 85.96,
        "w": 51.14,
        "x": 351.17,
        "y": 61.46
      },
      "name": "Não Cisto"
    },
    {
      "bounding_box": {
        "h": 56.58,
        "w": 70.73,
        "x": 88.93,
        "y": 97.37
      },
      "name": "Não Cisto"
    },
    {
      "bounding_box": {
        "h": 54.41,
        "w": 65.29,
        "x": 39.97,
        "y": 186.6
      },
      "name": "Não Cisto"
    },
    {
      "bounding_box": {
        "h": 48.96,
        "w": 47.88,
        "x": 264.12,
        "y": 343.28
      },
      "name": "Não Cisto"
    }
  ]
}