{
  "dataset": "Cisto",
  "image": {
    "width": 640,
    "height": 480,
    "original_filename": "Cisto176.jpg",
    "filename": "Cisto176.jpg",
    "url": "https://darwin.v7labs.com/api/images/38437905/original",
    "thumbnail_url": "https://darwin.v7labs.com/api/images/38437905/thumbnail",
    "path": "/",
    "workview_url": "https://darwin.v7labs.com/workview?dataset=38016&image=244"
  },
  "annotations": [
    {
      "bounding_box": {
        "h": 51.25,
        "w": 53.0,
        "x": 44.94,
        "y": 276.77
      },
      "name": "Cisto Viável"
    },
    {
      "bounding_box": {
        "h": 37.86,
        "w": 44.85,
        "x": 201.61,
        "y": 210.95
      },
      "name": "Cisto Viável"
    },
    {
      "bounding_box": {
        "h": 26.94,
        "w": 40.12,
        "x": 114.62,
        "y": -2.24
      },
      "name": "Cisto Viável"
    },
    {
      "bounding_box": {
        "h": 62.99,
        "w": 80.25,
        "x": 405.8,
        "y": 152.82
      },
      "name": "Não Cisto"
    },
    {
      "bounding_box": {
        "h": 92.33,
        "w": 56.95,
        "x": 463.62,
        "y": 69.98
      },
      "name": "Não Cisto"
    },
    {
      "bounding_box": {
        "h": 40.56,
        "w": 34.52,
        "x": 529.2,
        "y": 143.33
      },
      "name": "Não Cisto"
    },
    {
      "bounding_box": {
        "h": 62.99,
        "w": 64.72,
        "x": 389.41,
        "y": 291.75
      },
      "name": "Não Cisto"
    },
    {
      "bounding_box": {
        "h": 46.6,
        "w": 78.53,
        "x": 177.12,
        "y": 136.43
      },
      "name": "Não Cisto"
    },
    {
      "bounding_box": {
        "h": 60.41,
        "w": 75.08,
        "x": 205.6,
        "y": 57.04
      },
      "name": "Não Cisto"
    },
    {
      "bounding_box": {
        "h": 59.54,
        "w": 82.84,
        "x": 52.86,
        "y": 38.91
      },
      "name": "Não Cisto"
    },
    {
      "bounding_box": {
        "h": 46.6,
        "w": 80.25,
        "x": 99.46,
        "y": 170.94
      },
      "name": "Não Cisto"
    }
  ]
}