{
  "dataset": "Cisto",
  "image": {
    "width": 640,
    "height": 480,
    "original_filename": "Cisto312.jpg",
    "filename": "Cisto312.jpg",
    "url": "https://darwin.v7labs.com/api/images/38437705/original",
    "thumbnail_url": "https://darwin.v7labs.com/api/images/38437705/thumbnail",
    "path": "/",
    "workview_url": "https://darwin.v7labs.com/workview?dataset=38016&image=44"
  },
  "annotations": [
    {
      "bounding_box": {
        "h": 44.2,
        "w": 36.08,
        "x": 59.52,
        "y": 270.46
      },
      "name": "Não Cisto"
    },
    {
      "bounding_box": {
        "h": 41.49,
        "w": 39.69,
        "x": 220.06,
        "y": 327.28
      },
      "name": "Não Cisto"
    },
    {
      "bounding_box": {
        "h": 34.27,
        "w": 47.8,
        "x": 374.3,
        "y": 404.85
      },
      "name": "Não Cisto"
    },
    {
      "bounding_box": {
        "h": 23.45,
        "w": 25.25,
        "x": 355.36,
        "y": 284.89
      },
      "name": "Não Cisto"
    },
    {
      "bounding_box": {
        "h": 58.63,
        "w": 64.94,
        "x": 401.36,
        "y": 112.61
      },
      "name": "Não Cisto"
    },
    {
      "bounding_box": {
        "h": 32.47,
        "w": 38.78,
        "x": 450.97,
        "y": 53.99
      },
      "name": "Não Cisto"
    },
    {
      "bounding_box": {
        "h": 27.96,
        "w": 42.39,
        "x": 464.5,
        "y": 6.18
      },
      "name": "Não Cisto"
    },
    {
      "bounding_box": {
        "h": 98.31,
        "w": 147.02,
        "x": 254.34,
        "y": 65.71
      },
      "name": "Não Cisto"
    },
    {
      "bounding_box": {
        "h": 50.51,
        "w": 72.16,
        "x": 310.26,
        "y": 346.22
      },
      "name": "Cisto Inviável"
    },
    {
      "bounding_box": {
        "h": 29.76,
        "w": 29.76,
        "x": 294.93,
        "y": 244.3
      },
      "name": "Cisto Inviável"
    },
    {
      "bounding_box": {
        "h": 55.92,
        "w": 76.67,
        "x": 340.93,
        "y": 161.32
      },
      "name": "Cisto Inviável"
    }
  ]
}