{
  "dataset": "Cisto",
  "image": {
    "width": 640,
    "height": 480,
    "original_filename": "Cisto367.jpg",
    "filename": "Cisto367.jpg",
    "url": "https://darwin.v7labs.com/api/images/38437684/original",
    "thumbnail_url": "https://darwin.v7labs.com/api/images/38437684/thumbnail",
    "path": "/",
    "workview_url": "https://darwin.v7labs.com/workview?dataset=38016&image=23"
  },
  "annotations": [
    {
      "bounding_box": {
        "h": 57.51,
        "w": 70.54,
        "x": 292.4,
        "y": 255.34
      },
      "name": "Cisto Viável"
    },
    {
      "bounding_box": {
        "h": 25.3,
        "w": 25.3,
        "x": 23.26,
        "y": 60.58
      },
      "name": "Não Cisto"
    },
    {
      "bounding_box": {
        "h": 35.27,
        "w": 46.01,
        "x": 369.07,
        "y": 43.71
      },
      "name": "Não Cisto"
    },
    {
      "bounding_box": {
        "h": 27.6,
        "w": 21.47,
        "x": 562.3,
        "y": 386.45
      },
      "name": "Não Cisto"
    }
  ]
}