{
  "dataset": "Cisto",
  "image": {
    "width": 640,
    "height": 480,
    "original_filename": "Cisto455.jpg",
    "filename": "Cisto455.jpg",
    "url": "https://darwin.v7labs.com/api/images/38437833/original",
    "thumbnail_url": "https://darwin.v7labs.com/api/images/38437833/thumbnail",
    "path": "/",
    "workview_url": "https://darwin.v7labs.com/workview?dataset=38016&image=172"
  },
  "annotations": [
    {
      "bounding_box": {
        "h": 56.74,
        "w": 81.28,
        "x": 402.81,
        "y": 194.76
      },
      "name": "Cisto Viável"
    },
    {
      "bounding_box": {
        "h": 65.18,
        "w": 68.24,
        "x": 411.25,
        "y": 348.12
      },
      "name": "Cisto Viável"
    },
    {
      "bounding_box": {
        "h": 101.63,
        "w": 95.39,
        "x": 394.1,
        "y": 249.26
      },
      "name": "Cisto Viável"
    }
  ]
}