{
  "dataset": "Cisto",
  "image": {
    "width": 640,
    "height": 480,
    "original_filename": "Cisto492.jpg",
    "filename": "Cisto492.jpg",
    "url": "https://darwin.v7labs.com/api/images/38437665/original",
    "thumbnail_url": "https://darwin.v7labs.com/api/images/38437665/thumbnail",
    "path": "/",
    "workview_url": "https://darwin.v7labs.com/workview?dataset=38016&image=4"
  },
  "annotations": [
    {
      "bounding_box": {
        "h": 45.93,
        "w": 53.31,
        "x": 461.93,
        "y": 224.28
      },
      "name": "Cisto Inviável"
    },
    {
      "bounding_box": {
        "h": 40.25,
        "w": 54.0,
        "x": 145.04,
        "y": 80.97
      },
      "name": "Cisto Inviável"
    },
    {
      "bounding_box": {
        "h": 46.74,
        "w": 60.92,
        "x": 252.96,
        "y": 184.36
      },
      "name": "Cisto Viável"
    },
    {
      "bounding_box": {
        "h": 45.9,
        "w": 52.58,
        "x": 224.59,
        "y": 208.56
      },
      "name": "Cisto Viável"
    },
    {
      "bounding_box": {
        "h": 27.54,
        "w": 26.71,
        "x": 247.95,
        "y": 281.16
      },
      "name": "Cisto Viável"
    },
    {
      "bounding_box": {
        "h": 27.54,
        "w": 38.39,
        "x": 150.31,
        "y": 0.75
      },
      "name": "Cisto Viável"
    },
    {
      "bounding_box": {
        "h": 23.03,
        "w": 28.43,
        "x": 175.99,
        "y": 35.39
      },
      "name": "Cisto Viável"
    },
    {
      "bounding_box": {
        "h": 34.62,
        "w": 30.87,
        "x": 199.23,
        "y": 193.55
      },
      "name": "Cisto Inviável"
    },
    {
      "bounding_box": {
        "h": 31.34,
        "w": 21.52,
        "x": 108.94,
        "y": 208.52
      },
      "name": "Não Cisto"
    },
    {
      "bounding_box": {
        "h": 26.66,
        "w": 27.6,
        "x": 163.68,
        "y": 136.48
      },
      "name": "Não Cisto"
    },
    {
      "bounding_box": {
        "h": 28.07,
        "w": 30.41,
        "x": 163.68,
        "y": 182.79
      },
      "name": "Não Cisto"
    },
    {
      "bounding_box": {
        "h": 26.2,
        "w": 26.2,
        "x": 203.44,
        "y": 230.97
      },
      "name": "Não Cisto"
    },
    {
      "bounding_box": {
        "h": 24.79,
        "w": 19.18,
        "x": 285.3,
        "y": 298.33
      },
      "name": "Não Cisto"
    },
    {
      "bounding_box": {
        "h": 19.18,
        "w": 23.39,
        "x": 305.88,
        "y": 266.99
      },
      "name": "Não Cisto"
    },
    {
      "bounding_box": {
        "h": 32.28,
        "w": 29.94,
        "x": 331.14,
        "y": 138.35
      },
      "name": "Não Cisto"
    },
    {
      "bounding_box": {
        "h": 33.21,
        "w": 33.68,
        "x": 418.15,
        "y": 121.04
      },
      "name": "Não Cisto"
    },
    {
      "bounding_box": {
        "h": 25.26,
        "w": 29.0,
        "x": 318.98,
        "y": 102.33
      },
      "name": "Não Cisto"
    },
    {
      "bounding_box": {
        "h": 41.89,
        "w": 55.08,
        "x": 487.19,
        "y": 112.28
      },
      "name": "Não Cisto"
    },
    {
      "bounding_box": {
        "h": 27.93,
        "w": 21.72,
        "x": 519.77,
        "y": 149.52
      },
      "name": "Não Cisto"
    },
    {
      "bounding_box": {
        "h": 31.81,
        "w": 38.01,
        "x": 397.21,
        "y": 174.34
      },
      "name": "Não Cisto"
    },
    {
      "bounding_box": {
        "h": 47.3,
        "w": 46.11,
        "x": 187.47,
        "y": 87.85
      },
      "name": "Não Cisto"
    }
  ]
}