{
  "dataset": "Cisto",
  "image": {
    "width": 640,
    "height": 480,
    "original_filename": "Cisto392.jpg",
    "filename": "Cisto392.jpg",
    "url": "https://darwin.v7labs.com/api/images/38437789/original",
    "thumbnail_url": "https://darwin.v7labs.com/api/images/38437789/thumbnail",
    "path": "/",
    "workview_url": "https://darwin.v7labs.com/workview?dataset=38016&image=128"
  },
  "annotations": [
    {
      "bounding_box": {
        "h": 26.22,
        "w": 22.48,
        "x": 86.81,
        "y": 10.61
      },
      "name": "Não Cisto"
    },
    {
      "bounding_box": {
        "h": 20.6,
        "w": 21.54,
        "x": 102.73,
        "y": 34.96
      },
      "name": "Não Cisto"
    },
    {
      "bounding_box": {
        "h": 37.46,
        "w": 31.84,
        "x": 53.09,
        "y": 122.99
      },
      "name": "Não Cisto"
    },
    {
      "bounding_box": {
        "h": 31.84,
        "w": 25.29,
        "x": 3.46,
        "y": 327.16
      },
      "name": "Não Cisto"
    },
    {
      "bounding_box": {
        "h": 34.65,
        "w": 31.84,
        "x": 36.24,
        "y": 359.94
      },
      "name": "Não Cisto"
    },
    {
      "bounding_box": {
        "h": 29.03,
        "w": 37.46,
        "x": 174.85,
        "y": 247.55
      },
      "name": "Não Cisto"
    },
    {
      "bounding_box": {
        "h": 22.48,
        "w": 26.22,
        "x": 243.21,
        "y": 226.01
      },
      "name": "Não Cisto"
    },
    {
      "bounding_box": {
        "h": 17.79,
        "w": 25.29,
        "x": 260.07,
        "y": 242.87
      },
      "name": "Não Cisto"
    },
    {
      "bounding_box": {
        "h": 26.22,
        "w": 21.54,
        "x": 165.48,
        "y": 60.25
      },
      "name": "Não Cisto"
    },
    {
      "bounding_box": {
        "h": 32.78,
        "w": 23.41,
        "x": 184.21,
        "y": 48.07
      },
      "name": "Não Cisto"
    },
    {
      "bounding_box": {
        "h": 41.21,
        "w": 35.59,
        "x": 305.96,
        "y": 59.31
      },
      "name": "Não Cisto"
    },
    {
      "bounding_box": {
        "h": 33.72,
        "w": 29.97,
        "x": 502.63,
        "y": 111.76
      },
      "name": "Não Cisto"
    },
    {
      "bounding_box": {
        "h": 53.38,
        "w": 33.72,
        "x": 544.78,
        "y": 76.17
      },
      "name": "Não Cisto"
    },
    {
      "bounding_box": {
        "h": 30.91,
        "w": 22.48,
        "x": 456.74,
        "y": 115.5
      },
      "name": "Não Cisto"
    },
    {
      "bounding_box": {
        "h": 22.48,
        "w": 26.22,
        "x": 446.44,
        "y": 145.47
      },
      "name": "Não Cisto"
    },
    {
      "bounding_box": {
        "h": 20.6,
        "w": 23.41,
        "x": 412.73,
        "y": 132.36
      },
      "name": "Não Cisto"
    },
    {
      "bounding_box": {
        "h": 35.59,
        "w": 29.97,
        "x": 547.59,
        "y": 275.65
      },
      "name": "Não Cisto"
    },
    {
      "bounding_box": {
        "h": 26.22,
        "w": 66.49,
        "x": 540.1,
        "y": 340.27
      },
      "name": "Não Cisto"
    },
    {
      "bounding_box": {
        "h": 27.16,
        "w": 28.1,
        "x": 541.97,
        "y": 396.46
      },
      "name": "Não Cisto"
    },
    {
      "bounding_box": {
        "h": 29.03,
        "w": 26.22,
        "x": 503.57,
        "y": 367.43
      },
      "name": "Não Cisto"
    },
    {
      "bounding_box": {
        "h": 46.83,
        "w": 37.46,
        "x": 465.17,
        "y": 400.21
      },
      "name": "Não Cisto"
    },
    {
      "bounding_box": {
        "h": 28.1,
        "w": 32.78,
        "x": 305.96,
        "y": 314.05
      },
      "name": "Não Cisto"
    },
    {
      "bounding_box": {
        "h": 31.84,
        "w": 39.33,
        "x": 269.44,
        "y": 348.7
      },
      "name": "Não Cisto"
    },
    {
      "bounding_box": {
        "h": 33.72,
        "w": 28.1,
        "x": 272.25,
        "y": 315.92
      },
      "name": "Não Cisto"
    },
    {
      "bounding_box": {
        "h": 60.88,
        "w": 57.13,
        "x": 482.97,
        "y": 257.86
      },
      "name": "Não Cisto"
    },
    {
      "bounding_box": {
        "h": 31.84,
        "w": 23.41,
        "x": 612.21,
        "y": 269.09
      },
      "name": "Não Cisto"
    },
    {
      "bounding_box": {
        "h": 38.4,
        "w": 42.14,
        "x": 382.76,
        "y": 256.92
      },
      "name": "Cisto Viável"
    },
    {
      "bounding_box": {
        "h": 41.21,
        "w": 60.88,
        "x": 430.52,
        "y": 209.16
      },
      "name": "Cisto Viável"
    },
    {
      "bounding_box": {
        "h": 26.09,
        "w": 23.87,
        "x": 417.02,
        "y": 445.64
      },
      "name": "Cisto Viável"
    }
  ]
}