{
  "dataset": "Cisto",
  "image": {
    "width": 640,
    "height": 480,
    "original_filename": "Cisto121.jpg",
    "filename": "Cisto121.jpg",
    "url": "https://darwin.v7labs.com/api/images/38437937/original",
    "thumbnail_url": "https://darwin.v7labs.com/api/images/38437937/thumbnail",
    "path": "/",
    "workview_url": "https://darwin.v7labs.com/workview?dataset=38016&image=276"
  },
  "annotations": [
    {
      "bounding_box": {
        "h": 72.55,
        "w": 50.94,
        "x": 114.92,
        "y": 67.23
      },
      "name": "Não Cisto"
    },
    {
      "bounding_box": {
        "h": 62.26,
        "w": 69.46,
        "x": 35.17,
        "y": 115.59
      },
      "name": "Não Cisto"
    },
    {
      "bounding_box": {
        "h": 75.63,
        "w": 54.02,
        "x": 69.64,
        "y": 65.68
      },
      "name": "Não Cisto"
    },
    {
      "bounding_box": {
        "h": 144.72,
        "w": 94.65,
        "x": 464.05,
        "y": 35.52
      },
      "name": "Não Cisto"
    },
    {
      "bounding_box": {
        "h": 41.84,
        "w": 41.15,
        "x": 336.48,
        "y": 147.32
      },
      "name": "Cisto Viável"
    }
  ]
}