{
  "dataset": "Cisto",
  "image": {
    "width": 640,
    "height": 480,
    "original_filename": "Cisto22.jpg",
    "filename": "Cisto22.jpg",
    "url": "https://darwin.v7labs.com/api/images/38438124/original",
    "thumbnail_url": "https://darwin.v7labs.com/api/images/38438124/thumbnail",
    "path": "/",
    "workview_url": "https://darwin.v7labs.com/workview?dataset=38016&image=463"
  },
  "annotations": [
    {
      "bounding_box": {
        "h": 40.0,
        "w": 43.26,
        "x": 101.08,
        "y": 38.47
      },
      "name": "Cisto Inviável"
    },
    {
      "bounding_box": {
        "h": 52.24,
        "w": 38.36,
        "x": 60.27,
        "y": 164.98
      },
      "name": "Cisto Inviável"
    },
    {
      "bounding_box": {
        "h": 41.63,
        "w": 58.77,
        "x": 313.3,
        "y": 213.95
      },
      "name": "Cisto Inviável"
    },
    {
      "bounding_box": {
        "h": 54.69,
        "w": 40.0,
        "x": 536.94,
        "y": 406.58
      },
      "name": "Cisto Inviável"
    },
    {
      "bounding_box": {
        "h": 42.85,
        "w": 43.56,
        "x": 20.47,
        "y": 171.67
      },
      "name": "Cisto Inviável"
    },
    {
      "bounding_box": {
        "h": 52.69,
        "w": 46.37,
        "x": 0.09,
        "y": 334.65
      },
      "name": "Cisto Viável"
    },
    {
      "bounding_box": {
        "h": 54.8,
        "w": 54.09,
        "x": 586.01,
        "y": 340.27
      },
      "name": "Cisto Viável"
    },
    {
      "bounding_box": {
        "h": 49.23,
        "w": 42.34,
        "x": 367.11,
        "y": 14.78
      },
      "name": "Cisto Viável"
    },
    {
      "bounding_box": {
        "h": 20.16,
        "w": 21.65,
        "x": 443.6,
        "y": 33.56
      },
      "name": "Cisto Viável"
    },
    {
      "bounding_box": {
        "h": 28.16,
        "w": 39.81,
        "x": 468.79,
        "y": 455.46
      },
      "name": "Cisto Viável"
    },
    {
      "bounding_box": {
        "h": 47.54,
        "w": 48.26,
        "x": 248.79,
        "y": 278.19
      },
      "name": "Não Cisto"
    }
  ]
}