{
  "dataset": "Cisto",
  "image": {
    "width": 640,
    "height": 480,
    "original_filename": "Cisto170.jpg",
    "filename": "Cisto170.jpg",
    "url": "https://darwin.v7labs.com/api/images/38437979/original",
    "thumbnail_url": "https://darwin.v7labs.com/api/images/38437979/thumbnail",
    "path": "/",
    "workview_url": "https://darwin.v7labs.com/workview?dataset=38016&image=318"
  },
  "annotations": [
    {
      "bounding_box": {
        "h": 61.34,
        "w": 75.14,
        "x": 299.3,
        "y": 219.3
      },
      "name": "Cisto Viável"
    }
  ]
}