{
  "dataset": "Cisto",
  "image": {
    "width": 640,
    "height": 480,
    "original_filename": "Cisto252.jpg",
    "filename": "Cisto252.jpg",
    "url": "https://darwin.v7labs.com/api/images/38437957/original",
    "thumbnail_url": "https://darwin.v7labs.com/api/images/38437957/thumbnail",
    "path": "/",
    "workview_url": "https://darwin.v7labs.com/workview?dataset=38016&image=296"
  },
  "annotations": [
    {
      "bounding_box": {
        "h": 114.25,
        "w": 63.64,
        "x": 283.19,
        "y": 227.73
      },
      "name": "Não Cisto"
    },
    {
      "bounding_box": {
        "h": 25.57,
        "w": 32.68,
        "x": 258.3,
        "y": 161.06
      },
      "name": "Cisto Viável"
    },
    {
      "bounding_box": {
        "h": 40.49,
        "w": 46.41,
        "x": 272.03,
        "y": 174.32
      },
      "name": "Cisto Viável"
    }
  ]
}