{
  "dataset": "Cisto",
  "image": {
    "width": 640,
    "height": 480,
    "original_filename": "Cisto398.jpg",
    "filename": "Cisto398.jpg",
    "url": "https://darwin.v7labs.com/api/images/38437865/original",
    "thumbnail_url": "https://darwin.v7labs.com/api/images/38437865/thumbnail",
    "path": "/",
    "workview_url": "https://darwin.v7labs.com/workview?dataset=38016&image=204"
  },
  "annotations": [
    {
      "bounding_box": {
        "h": 65.21,
        "w": 81.77,
        "x": 265.25,
        "y": 145.59
      },
      "name": "Cisto Viável"
    },
    {
      "bounding_box": {
        "h": 50.42,
        "w": 49.59,
        "x": 133.74,
        "y": 233.36
      },
      "name": "Cisto Viável"
    },
    {
      "bounding_box": {
        "h": 99.94,
        "w": 90.85,
        "x": 466.91,
        "y": 57.52
      },
      "name": "Não Cisto"
    },
    {
      "bounding_box": {
        "h": 88.83,
        "w": 76.72,
        "x": 558.78,
        "y": 159.48
      },
      "name": "Não Cisto"
    },
    {
      "bounding_box": {
        "h": 80.76,
        "w": 88.83,
        "x": 97.44,
        "y": 294.75
      },
      "name": "Não Cisto"
    },
    {
      "bounding_box": {
        "h": 60.57,
        "w": 59.56,
        "x": 15.67,
        "y": 228.13
      },
      "name": "Não Cisto"
    }
  ]
}