{
  "dataset": "Cisto",
  "image": {
    "width": 640,
    "height": 480,
    "original_filename": "Cisto175.jpg",
    "filename": "Cisto175.jpg",
    "url": "https://darwin.v7labs.com/api/images/38437902/original",
    "thumbnail_url": "https://darwin.v7labs.com/api/images/38437902/thumbnail",
    "path": "/",
    "workview_url": "https://darwin.v7labs.com/workview?dataset=38016&image=241"
  },
  "annotations": [
    {
      "bounding_box": {
        "h": 52.14,
        "w": 73.61,
        "x": 157.44,
        "y": 332.78
      },
      "name": "Não Cisto"
    },
    {
      "bounding_box": {
        "h": 50.61,
        "w": 54.44,
        "x": 225.69,
        "y": 152.59
      },
      "name": "Cisto Viável"
    },
    {
      "bounding_box": {
        "h": 52.91,
        "w": 55.21,
        "x": 217.25,
        "y": 193.99
      },
      "name": "Cisto Viável"
    },
    {
      "bounding_box": {
        "h": 38.12,
        "w": 35.96,
        "x": 148.2,
        "y": 17.5
      },
      "name": "Cisto Viável"
    },
    {
      "bounding_box": {
        "h": 38.22,
        "w": 37.84,
        "x": 14.75,
        "y": 43.63
      },
      "name": "Cisto Viável"
    },
    {
      "bounding_box": {
        "h": 43.81,
        "w": 50.55,
        "x": 2.95,
        "y": 144.31
      },
      "name": "Não Cisto"
    },
    {
      "bounding_box": {
        "h": 30.33,
        "w": 24.01,
        "x": 228.32,
        "y": 64.27
      },
      "name": "Não Cisto"
    },
    {
      "bounding_box": {
        "h": 39.6,
        "w": 23.17,
        "x": 258.65,
        "y": 122.82
      },
      "name": "Não Cisto"
    },
    {
      "bounding_box": {
        "h": 18.53,
        "w": 24.01,
        "x": 206.84,
        "y": 232.77
      },
      "name": "Não Cisto"
    }
  ]
}