{
  "dataset": "Cisto",
  "image": {
    "width": 640,
    "height": 480,
    "original_filename": "Cisto320.jpg",
    "filename": "Cisto320.jpg",
    "url": "https://darwin.v7labs.com/api/images/38437721/original",
    "thumbnail_url": "https://darwin.v7labs.com/api/images/38437721/thumbnail",
    "path": "/",
    "workview_url": "https://darwin.v7labs.com/workview?dataset=38016&image=60"
  },
  "annotations": [
    {
      "bounding_box": {
        "h": 50.49,
        "w": 53.15,
        "x": 285.02,
        "y": 46.21
      },
      "name": "Cisto Inviável"
    },
    {
      "bounding_box": {
        "h": 42.95,
        "w": 35.28,
        "x": 179.38,
        "y": 339.69
      },
      "name": "Cisto Inviável"
    },
    {
      "bounding_box": {
        "h": 33.75,
        "w": 35.28,
        "x": 418.68,
        "y": 309.01
      },
      "name": "Cisto Inviável"
    },
    {
      "bounding_box": {
        "h": 32.21,
        "w": 36.05,
        "x": 423.28,
        "y": 341.99
      },
      "name": "Cisto Inviável"
    },
    {
      "bounding_box": {
        "h": 46.02,
        "w": 32.21,
        "x": 399.5,
        "y": 174.79
      },
      "name": "Cisto Inviável"
    },
    {
      "bounding_box": {
        "h": 34.52,
        "w": 32.83,
        "x": 247.03,
        "y": 218.82
      },
      "name": "Cisto Inviável"
    },
    {
      "bounding_box": {
        "h": 24.41,
        "w": 30.31,
        "x": 401.09,
        "y": 264.28
      },
      "name": "Cisto Viável"
    },
    {
      "bounding_box": {
        "h": 25.26,
        "w": 27.36,
        "x": 397.3,
        "y": 145.16
      },
      "name": "Cisto Viável"
    },
    {
      "bounding_box": {
        "h": 26.87,
        "w": 41.34,
        "x": 59.48,
        "y": 393.52
      },
      "name": "Não Cisto"
    },
    {
      "bounding_box": {
        "h": 28.94,
        "w": 26.87,
        "x": 66.37,
        "y": 311.52
      },
      "name": "Não Cisto"
    },
    {
      "bounding_box": {
        "h": 33.08,
        "w": 34.45,
        "x": 233.13,
        "y": 144.77
      },
      "name": "Não Cisto"
    },
    {
      "bounding_box": {
        "h": 66.15,
        "w": 27.56,
        "x": 510.13,
        "y": 205.41
      },
      "name": "Não Cisto"
    },
    {
      "bounding_box": {
        "h": 37.21,
        "w": 50.99,
        "x": 539.76,
        "y": 287.41
      },
      "name": "Não Cisto"
    },
    {
      "bounding_box": {
        "h": 31.01,
        "w": 32.39,
        "x": 576.97,
        "y": 376.29
      },
      "name": "Não Cisto"
    },
    {
      "bounding_box": {
        "h": 55.13,
        "w": 33.08,
        "x": 517.71,
        "y": 292.92
      },
      "name": "Não Cisto"
    },
    {
      "bounding_box": {
        "h": 63.39,
        "w": 81.31,
        "x": 279.29,
        "y": 142.7
      },
      "name": "Não Cisto"
    },
    {
      "bounding_box": {
        "h": 38.59,
        "w": 62.02,
        "x": 266.2,
        "y": 288.09
      },
      "name": "Não Cisto"
    },
    {
      "bounding_box": {
        "h": 50.9,
        "w": 37.6,
        "x": 342.9,
        "y": 32.28
      },
      "name": "Não Cisto"
    },
    {
      "bounding_box": {
        "h": 52.64,
        "w": 45.7,
        "x": 261.34,
        "y": 92.44
      },
      "name": "Não Cisto"
    }
  ]
}