{
  "dataset": "Cisto",
  "image": {
    "width": 640,
    "height": 480,
    "original_filename": "Cisto444.jpg",
    "filename": "Cisto444.jpg",
    "url": "https://darwin.v7labs.com/api/images/38437825/original",
    "thumbnail_url": "https://darwin.v7labs.com/api/images/38437825/thumbnail",
    "path": "/",
    "workview_url": "https://darwin.v7labs.com/workview?dataset=38016&image=164"
  },
  "annotations": [
    {
      "bounding_box": {
        "h": 61.22,
        "w": 83.26,
        "x": 206.04,
        "y": 85.68
      },
      "name": "Cisto Inviável"
    },
    {
      "bounding_box": {
        "h": 26.12,
        "w": 33.47,
        "x": 68.92,
        "y": 57.93
      },
      "name": "Não Cisto"
    },
    {
      "bounding_box": {
        "h": 35.91,
        "w": 43.26,
        "x": 132.58,
        "y": 164.04
      },
      "name": "Não Cisto"
    },
    {
      "bounding_box": {
        "h": 48.16,
        "w": 70.2,
        "x": 153.8,
        "y": 280.76
      },
      "name": "Não Cisto"
    },
    {
      "bounding_box": {
        "h": 44.89,
        "w": 46.52,
        "x": 119.52,
        "y": 359.93
      },
      "name": "Não Cisto"
    },
    {
      "bounding_box": {
        "h": 50.61,
        "w": 36.73,
        "x": 303.17,
        "y": 201.59
      },
      "name": "Não Cisto"
    },
    {
      "bounding_box": {
        "h": 40.0,
        "w": 58.77,
        "x": 389.69,
        "y": 195.87
      },
      "name": "Não Cisto"
    },
    {
      "bounding_box": {
        "h": 65.3,
        "w": 141.21,
        "x": 489.27,
        "y": 167.3
      },
      "name": "Não Cisto"
    }
  ]
}