{
  "dataset": "Cisto",
  "image": {
    "width": 640,
    "height": 480,
    "original_filename": "Cisto343.jpg",
    "filename": "Cisto343.jpg",
    "url": "https://darwin.v7labs.com/api/images/38437760/original",
    "thumbnail_url": "https://darwin.v7labs.com/api/images/38437760/thumbnail",
    "path": "/",
    "workview_url": "https://darwin.v7labs.com/workview?dataset=38016&image=99"
  },
  "annotations": [
    {
      "bounding_box": {
        "h": 60.58,
        "w": 56.74,
        "x": 257.12,
        "y": 115.78
      },
      "name": "Cisto Inviável"
    },
    {
      "bounding_box": {
        "h": 66.71,
        "w": 58.27,
        "x": 31.69,
        "y": 307.48
      },
      "name": "Cisto Viável"
    },
    {
      "bounding_box": {
        "h": 51.37,
        "w": 59.81,
        "x": 207.28,
        "y": 322.04
      },
      "name": "Cisto Viável"
    },
    {
      "bounding_box": {
        "h": 36.81,
        "w": 37.57,
        "x": 178.15,
        "y": 278.34
      },
      "name": "Cisto Viável"
    },
    {
      "bounding_box": {
        "h": 42.94,
        "w": 46.01,
        "x": 209.58,
        "y": 280.64
      },
      "name": "Cisto Viável"
    },
    {
      "bounding_box": {
        "h": 26.07,
        "w": 35.27,
        "x": 286.26,
        "y": 26.07
      },
      "name": "Não Cisto"
    },
    {
      "bounding_box": {
        "h": 32.2,
        "w": 32.2,
        "x": 261.73,
        "y": 73.61
      },
      "name": "Não Cisto"
    },
    {
      "bounding_box": {
        "h": 32.2,
        "w": 47.54,
        "x": 264.79,
        "y": 196.29
      },
      "name": "Não Cisto"
    },
    {
      "bounding_box": {
        "h": 29.9,
        "w": 32.2,
        "x": 289.33,
        "y": 395.65
      },
      "name": "Não Cisto"
    }
  ]
}