{
  "dataset": "Cisto",
  "image": {
    "width": 640,
    "height": 480,
    "original_filename": "Cisto374.jpg",
    "filename": "Cisto374.jpg",
    "url": "https://darwin.v7labs.com/api/images/38437696/original",
    "thumbnail_url": "https://darwin.v7labs.com/api/images/38437696/thumbnail",
    "path": "/",
    "workview_url": "https://darwin.v7labs.com/workview?dataset=38016&image=35"
  },
  "annotations": [
    {
      "bounding_box": {
        "h": 46.01,
        "w": 52.14,
        "x": 41.66,
        "y": 219.3
      },
      "name": "Não Cisto"
    },
    {
      "bounding_box": {
        "h": 93.55,
        "w": 78.21,
        "x": 113.74,
        "y": 60.58
      },
      "name": "Não Cisto"
    },
    {
      "bounding_box": {
        "h": 56.74,
        "w": 36.04,
        "x": 118.34,
        "y": 387.99
      },
      "name": "Não Cisto"
    },
    {
      "bounding_box": {
        "h": 24.54,
        "w": 38.34,
        "x": 73.1,
        "y": 369.58
      },
      "name": "Não Cisto"
    },
    {
      "bounding_box": {
        "h": 27.6,
        "w": 44.47,
        "x": 65.43,
        "y": 391.05
      },
      "name": "Não Cisto"
    },
    {
      "bounding_box": {
        "h": 39.11,
        "w": 40.64,
        "x": 16.36,
        "y": 346.58
      },
      "name": "Não Cisto"
    },
    {
      "bounding_box": {
        "h": 27.6,
        "w": 43.71,
        "x": 180.45,
        "y": 164.09
      },
      "name": "Não Cisto"
    },
    {
      "bounding_box": {
        "h": 76.68,
        "w": 58.27,
        "x": 187.35,
        "y": 214.7
      },
      "name": "Não Cisto"
    },
    {
      "bounding_box": {
        "h": 106.58,
        "w": 55.97,
        "x": 175.08,
        "y": 303.64
      },
      "name": "Não Cisto"
    },
    {
      "bounding_box": {
        "h": 96.61,
        "w": 86.65,
        "x": 96.1,
        "y": 253.04
      },
      "name": "Não Cisto"
    },
    {
      "bounding_box": {
        "h": 85.88,
        "w": 80.51,
        "x": 22.49,
        "y": 1.53
      },
      "name": "Não Cisto"
    },
    {
      "bounding_box": {
        "h": 55.21,
        "w": 33.74,
        "x": 301.6,
        "y": 84.35
      },
      "name": "Não Cisto"
    },
    {
      "bounding_box": {
        "h": 37.57,
        "w": 36.04,
        "x": 342.24,
        "y": 10.73
      },
      "name": "Cisto Viável"
    },
    {
      "bounding_box": {
        "h": 46.01,
        "w": 42.94,
        "x": 303.13,
        "y": 35.27
      },
      "name": "Cisto Viável"
    },
    {
      "bounding_box": {
        "h": 29.93,
        "w": 29.21,
        "x": 403.68,
        "y": 73.06
      },
      "name": "Cisto Viável"
    },
    {
      "bounding_box": {
        "h": 63.41,
        "w": 45.6,
        "x": 346.68,
        "y": 137.9
      },
      "name": "Cisto Viável"
    },
    {
      "bounding_box": {
        "h": 34.91,
        "w": 37.76,
        "x": 354.52,
        "y": 80.18
      },
      "name": "Cisto Inviável"
    },
    {
      "bounding_box": {
        "h": 31.35,
        "w": 23.51,
        "x": 403.68,
        "y": 23.18
      },
      "name": "Cisto Inviável"
    },
    {
      "bounding_box": {
        "h": 39.19,
        "w": 49.88,
        "x": 256.19,
        "y": 271.14
      },
      "name": "Não Cisto"
    },
    {
      "bounding_box": {
        "h": 53.44,
        "w": 27.79,
        "x": 435.75,
        "y": 200.6
      },
      "name": "Não Cisto"
    },
    {
      "bounding_box": {
        "h": 47.74,
        "w": 34.91,
        "x": 422.92,
        "y": 140.03
      },
      "name": "Não Cisto"
    },
    {
      "bounding_box": {
        "h": 22.8,
        "w": 37.76,
        "x": 410.1,
        "y": 104.41
      },
      "name": "Cisto Viável"
    },
    {
      "bounding_box": {
        "h": 22.8,
        "w": 36.34,
        "x": 361.64,
        "y": 114.38
      },
      "name": "Cisto Viável"
    },
    {
      "bounding_box": {
        "h": 86.22,
        "w": 60.56,
        "x": 387.3,
        "y": 226.25
      },
      "name": "Não Cisto"
    },
    {
      "bounding_box": {
        "h": 52.73,
        "w": 36.34,
        "x": 459.97,
        "y": 303.91
      },
      "name": "Não Cisto"
    },
    {
      "bounding_box": {
        "h": 26.36,
        "w": 34.2,
        "x": 462.11,
        "y": 265.44
      },
      "name": "Não Cisto"
    },
    {
      "bounding_box": {
        "h": 53.44,
        "w": 39.9,
        "x": 323.17,
        "y": 331.7
      },
      "name": "Não Cisto"
    },
    {
      "bounding_box": {
        "h": 51.3,
        "w": 33.49,
        "x": 389.43,
        "y": 387.99
      },
      "name": "Não Cisto"
    },
    {
      "bounding_box": {
        "h": 29.93,
        "w": 35.63,
        "x": 264.03,
        "y": 212.0
      },
      "name": "Não Cisto"
    },
    {
      "bounding_box": {
        "h": 33.49,
        "w": 34.2,
        "x": 383.73,
        "y": 345.95
      },
      "name": "Não Cisto"
    },
    {
      "bounding_box": {
        "h": 30.64,
        "w": 30.64,
        "x": 442.16,
        "y": 292.51
      },
      "name": "Não Cisto"
    },
    {
      "bounding_box": {
        "h": 37.76,
        "w": 31.35,
        "x": 489.19,
        "y": 373.74
      },
      "name": "Cisto Inviável"
    }
  ]
}