{
  "dataset": "Cisto",
  "image": {
    "width": 640,
    "height": 480,
    "original_filename": "Cisto279.jpg",
    "filename": "Cisto279.jpg",
    "url": "https://darwin.v7labs.com/api/images/38438008/original",
    "thumbnail_url": "https://darwin.v7labs.com/api/images/38438008/thumbnail",
    "path": "/",
    "workview_url": "https://darwin.v7labs.com/workview?dataset=38016&image=347"
  },
  "annotations": [
    {
      "bounding_box": {
        "h": 40.85,
        "w": 40.12,
        "x": 242.81,
        "y": 158.0
      },
      "name": "Cisto Viável"
    },
    {
      "bounding_box": {
        "h": 32.09,
        "w": 51.06,
        "x": 110.79,
        "y": 163.83
      },
      "name": "Cisto Inviável"
    },
    {
      "bounding_box": {
        "h": 42.3,
        "w": 36.47,
        "x": 495.9,
        "y": 397.96
      },
      "name": "Cisto Inviável"
    }
  ]
}