{
  "dataset": "Cisto",
  "image": {
    "width": 640,
    "height": 480,
    "original_filename": "Cisto195.jpg",
    "filename": "Cisto195.jpg",
    "url": "https://darwin.v7labs.com/api/images/38438001/original",
    "thumbnail_url": "https://darwin.v7labs.com/api/images/38438001/thumbnail",
    "path": "/",
    "workview_url": "https://darwin.v7labs.com/workview?dataset=38016&image=340"
  },
  "annotations": [
    {
      "bounding_box": {
        "h": 51.37,
        "w": 55.97,
        "x": 44.73,
        "y": 299.04
      },
      "name": "Cisto Viável"
    },
    {
      "bounding_box": {
        "h": 48.31,
        "w": 40.64,
        "x": 362.17,
        "y": 149.52
      },
      "name": "Cisto Viável"
    },
    {
      "bounding_box": {
        "h": 29.9,
        "w": 29.14,
        "x": 24.79,
        "y": 124.22
      },
      "name": "Cisto Inviável"
    },
    {
      "bounding_box": {
        "h": 37.57,
        "w": 33.74,
        "x": 482.56,
        "y": 264.54
      },
      "name": "Cisto Inviável"
    },
    {
      "bounding_box": {
        "h": 35.27,
        "w": 42.94,
        "x": 591.44,
        "y": 32.2
      },
      "name": "Cisto Inviável"
    }
  ]
}