{
  "dataset": "Cisto",
  "image": {
    "width": 640,
    "height": 480,
    "original_filename": "Cisto42.jpg",
    "filename": "Cisto42.jpg",
    "url": "https://darwin.v7labs.com/api/images/38438149/original",
    "thumbnail_url": "https://darwin.v7labs.com/api/images/38438149/thumbnail",
    "path": "/",
    "workview_url": "https://darwin.v7labs.com/workview?dataset=38016&image=488"
  },
  "annotations": [
    {
      "bounding_box": {
        "h": 65.94,
        "w": 88.95,
        "x": 254.06,
        "y": 164.09
      },
      "name": "Cisto Viável"
    }
  ]
}