{
  "dataset": "Cisto",
  "image": {
    "width": 640,
    "height": 480,
    "original_filename": "Cisto493.jpg",
    "filename": "Cisto493.jpg",
    "url": "https://darwin.v7labs.com/api/images/38437669/original",
    "thumbnail_url": "https://darwin.v7labs.com/api/images/38437669/thumbnail",
    "path": "/",
    "workview_url": "https://darwin.v7labs.com/workview?dataset=38016&image=8"
  },
  "annotations": [
    {
      "bounding_box": {
        "h": 33.74,
        "w": 69.78,
        "x": 371.37,
        "y": 292.14
      },
      "name": "Cisto Inviável"
    },
    {
      "bounding_box": {
        "h": 40.64,
        "w": 40.64,
        "x": 427.35,
        "y": 312.08
      },
      "name": "Cisto Inviável"
    },
    {
      "bounding_box": {
        "h": 30.67,
        "w": 39.87,
        "x": 141.34,
        "y": 16.87
      },
      "name": "Cisto Inviável"
    },
    {
      "bounding_box": {
        "h": 85.88,
        "w": 118.85,
        "x": 181.21,
        "y": 189.39
      },
      "name": "Não Cisto"
    },
    {
      "bounding_box": {
        "h": 95.85,
        "w": 118.08,
        "x": 479.49,
        "y": 186.33
      },
      "name": "Não Cisto"
    },
    {
      "bounding_box": {
        "h": 104.28,
        "w": 110.42,
        "x": 371.37,
        "y": 124.22
      },
      "name": "Não Cisto"
    },
    {
      "bounding_box": {
        "h": 144.92,
        "w": 59.81,
        "x": 240.26,
        "y": 32.97
      },
      "name": "Não Cisto"
    },
    {
      "bounding_box": {
        "h": 34.5,
        "w": 53.67,
        "x": 155.91,
        "y": 345.81
      },
      "name": "Não Cisto"
    },
    {
      "bounding_box": {
        "h": 49.07,
        "w": 56.74,
        "x": 488.69,
        "y": 283.71
      },
      "name": "Não Cisto"
    },
    {
      "bounding_box": {
        "h": 67.48,
        "w": 196.29,
        "x": 21.73,
        "y": 265.3
      },
      "name": "Não Cisto"
    },
    {
      "bounding_box": {
        "h": 36.81,
        "w": 43.71,
        "x": 153.61,
        "y": 277.57
      },
      "name": "Não Cisto"
    },
    {
      "bounding_box": {
        "h": 28.37,
        "w": 28.37,
        "x": 116.04,
        "y": 406.39
      },
      "name": "Não Cisto"
    },
    {
      "bounding_box": {
        "h": 21.47,
        "w": 26.07,
        "x": 165.11,
        "y": 409.46
      },
      "name": "Não Cisto"
    },
    {
      "bounding_box": {
        "h": 31.44,
        "w": 46.77,
        "x": 30.93,
        "y": 374.95
      },
      "name": "Não Cisto"
    },
    {
      "bounding_box": {
        "h": 36.04,
        "w": 47.54,
        "x": 64.66,
        "y": 314.38
      },
      "name": "Não Cisto"
    },
    {
      "bounding_box": {
        "h": 19.17,
        "w": 32.2,
        "x": 140.58,
        "y": 88.95
      },
      "name": "Não Cisto"
    },
    {
      "bounding_box": {
        "h": 32.97,
        "w": 36.81,
        "x": 548.5,
        "y": 305.18
      },
      "name": "Não Cisto"
    },
    {
      "bounding_box": {
        "h": 49.07,
        "w": 26.84,
        "x": 290.1,
        "y": 277.57
      },
      "name": "Não Cisto"
    },
    {
      "bounding_box": {
        "h": 22.06,
        "w": 24.56,
        "x": 524.15,
        "y": 332.09
      },
      "name": "Não Cisto"
    },
    {
      "bounding_box": {
        "h": 20.05,
        "w": 25.57,
        "x": 547.71,
        "y": 356.15
      },
      "name": "Não Cisto"
    },
    {
      "bounding_box": {
        "h": 24.05,
        "w": 27.23,
        "x": 581.67,
        "y": 342.04
      },
      "name": "Não Cisto"
    },
    {
      "bounding_box": {
        "h": 34.74,
        "w": 40.98,
        "x": 516.19,
        "y": 5.1
      },
      "name": "Não Cisto"
    },
    {
      "bounding_box": {
        "h": 31.37,
        "w": 61.41,
        "x": 109.51,
        "y": 228.35
      },
      "name": "Não Cisto"
    },
    {
      "bounding_box": {
        "h": 42.96,
        "w": 47.81,
        "x": 23.23,
        "y": 168.13
      },
      "name": "Não Cisto"
    },
    {
      "bounding_box": {
        "h": 25.29,
        "w": 25.64,
        "x": 160.78,
        "y": 191.0
      },
      "name": "Cisto Inviável"
    },
    {
      "bounding_box": {
        "h": 21.21,
        "w": 34.37,
        "x": 364.95,
        "y": 339.82
      },
      "name": "Cisto Inviável"
    }
  ]
}