{
  "dataset": "Cisto",
  "image": {
    "width": 640,
    "height": 480,
    "original_filename": "Cisto464.jpg",
    "filename": "Cisto464.jpg",
    "url": "https://darwin.v7labs.com/api/images/38437796/original",
    "thumbnail_url": "https://darwin.v7labs.com/api/images/38437796/thumbnail",
    "path": "/",
    "workview_url": "https://darwin.v7labs.com/workview?dataset=38016&image=135"
  },
  "annotations": [
    {
      "bounding_box": {
        "h": 29.17,
        "w": 30.03,
        "x": 110.18,
        "y": 215.98
      },
      "name": "Não Cisto"
    },
    {
      "bounding_box": {
        "h": 44.62,
        "w": 49.77,
        "x": 395.06,
        "y": 246.87
      },
      "name": "Não Cisto"
    },
    {
      "bounding_box": {
        "h": 46.34,
        "w": 47.19,
        "x": 490.3,
        "y": 277.76
      },
      "name": "Não Cisto"
    },
    {
      "bounding_box": {
        "h": 45.48,
        "w": 51.48,
        "x": 519.48,
        "y": 214.26
      },
      "name": "Não Cisto"
    },
    {
      "bounding_box": {
        "h": 33.46,
        "w": 29.17,
        "x": 312.68,
        "y": 258.88
      },
      "name": "Não Cisto"
    },
    {
      "bounding_box": {
        "h": 41.19,
        "w": 43.76,
        "x": 261.2,
        "y": 428.78
      },
      "name": "Não Cisto"
    },
    {
      "bounding_box": {
        "h": 88.38,
        "w": 122.7,
        "x": 27.8,
        "y": 276.04
      },
      "name": "Não Cisto"
    },
    {
      "bounding_box": {
        "h": 124.42,
        "w": 139.01,
        "x": 6.35,
        "y": 351.55
      },
      "name": "Não Cisto"
    },
    {
      "bounding_box": {
        "h": 60.92,
        "w": 60.07,
        "x": 245.75,
        "y": 258.02
      },
      "name": "Cisto Viável"
    }
  ]
}