{
  "dataset": "Cisto",
  "image": {
    "width": 640,
    "height": 480,
    "original_filename": "Cisto92.jpg",
    "filename": "Cisto92.jpg",
    "url": "https://darwin.v7labs.com/api/images/38437907/original",
    "thumbnail_url": "https://darwin.v7labs.com/api/images/38437907/thumbnail",
    "path": "/",
    "workview_url": "https://darwin.v7labs.com/workview?dataset=38016&image=246"
  },
  "annotations": [
    {
      "bounding_box": {
        "h": 81.07,
        "w": 100.67,
        "x": 281.58,
        "y": 315.7
      },
      "name": "Cisto Viável"
    },
    {
      "bounding_box": {
        "h": 70.38,
        "w": 55.23,
        "x": 365.32,
        "y": 216.82
      },
      "name": "Cisto Viável"
    },
    {
      "bounding_box": {
        "h": 57.02,
        "w": 50.78,
        "x": 536.37,
        "y": 273.83
      },
      "name": "Cisto Viável"
    },
    {
      "bounding_box": {
        "h": 56.55,
        "w": 57.03,
        "x": 295.43,
        "y": 147.32
      },
      "name": "Cisto Inviável"
    },
    {
      "bounding_box": {
        "h": 50.75,
        "w": 64.28,
        "x": 270.29,
        "y": 0.38
      },
      "name": "Cisto Inviável"
    },
    {
      "bounding_box": {
        "h": 52.2,
        "w": 53.65,
        "x": 245.64,
        "y": 61.28
      },
      "name": "Não Cisto"
    },
    {
      "bounding_box": {
        "h": 32.68,
        "w": 35.95,
        "x": 293.85,
        "y": 209.99
      },
      "name": "Não Cisto"
    },
    {
      "bounding_box": {
        "h": 26.15,
        "w": 49.02,
        "x": 564.3,
        "y": 326.01
      },
      "name": "Não Cisto"
    },
    {
      "bounding_box": {
        "h": 67.82,
        "w": 114.39,
        "x": 242.37,
        "y": 250.03
      },
      "name": "Não Cisto"
    }
  ]
}