{
  "dataset": "Cisto",
  "image": {
    "width": 640,
    "height": 480,
    "original_filename": "Cisto206.jpg",
    "filename": "Cisto206.jpg",
    "url": "https://darwin.v7labs.com/api/images/38438021/original",
    "thumbnail_url": "https://darwin.v7labs.com/api/images/38438021/thumbnail",
    "path": "/",
    "workview_url": "https://darwin.v7labs.com/workview?dataset=38016&image=360"
  },
  "annotations": [
    {
      "bounding_box": {
        "h": 38.13,
        "w": 38.13,
        "x": 217.84,
        "y": 386.21
      },
      "name": "Cisto Viável"
    },
    {
      "bounding_box": {
        "h": 48.3,
        "w": 37.29,
        "x": 379.7,
        "y": 268.42
      },
      "name": "Cisto Viável"
    },
    {
      "bounding_box": {
        "h": 42.37,
        "w": 42.37,
        "x": 395.8,
        "y": 380.28
      },
      "name": "Cisto Viável"
    },
    {
      "bounding_box": {
        "h": 42.37,
        "w": 46.61,
        "x": 24.63,
        "y": 89.62
      },
      "name": "Cisto Viável"
    },
    {
      "bounding_box": {
        "h": 61.86,
        "w": 47.46,
        "x": 501.73,
        "y": 104.87
      },
      "name": "Cisto Inviável"
    },
    {
      "bounding_box": {
        "h": 63.56,
        "w": 33.9,
        "x": 372.92,
        "y": 184.53
      },
      "name": "Cisto Inviável"
    }
  ]
}