{
  "dataset": "Cisto",
  "image": {
    "width": 640,
    "height": 480,
    "original_filename": "Cisto202.jpg",
    "filename": "Cisto202.jpg",
    "url": "https://darwin.v7labs.com/api/images/38438080/original",
    "thumbnail_url": "https://darwin.v7labs.com/api/images/38438080/thumbnail",
    "path": "/",
    "workview_url": "https://darwin.v7labs.com/workview?dataset=38016&image=419"
  },
  "annotations": [
    {
      "bounding_box": {
        "h": 41.19,
        "w": 51.48,
        "x": 200.36,
        "y": 427.84
      },
      "name": "Cisto Viável"
    },
    {
      "bounding_box": {
        "h": 54.92,
        "w": 45.48,
        "x": 276.73,
        "y": 148.97
      },
      "name": "Cisto Viável"
    },
    {
      "bounding_box": {
        "h": 39.37,
        "w": 30.16,
        "x": 407.71,
        "y": 160.45
      },
      "name": "Cisto Viável"
    }
  ]
}