{
  "dataset": "Cisto",
  "image": {
    "width": 640,
    "height": 480,
    "original_filename": "Cisto124.jpg",
    "filename": "Cisto124.jpg",
    "url": "https://darwin.v7labs.com/api/images/38437910/original",
    "thumbnail_url": "https://darwin.v7labs.com/api/images/38437910/thumbnail",
    "path": "/",
    "workview_url": "https://darwin.v7labs.com/workview?dataset=38016&image=249"
  },
  "annotations": [
    {
      "bounding_box": {
        "h": 39.11,
        "w": 29.14,
        "x": 7.92,
        "y": 231.57
      },
      "name": "Não Cisto"
    },
    {
      "bounding_box": {
        "h": 45.24,
        "w": 46.01,
        "x": 11.76,
        "y": 338.91
      },
      "name": "Não Cisto"
    },
    {
      "bounding_box": {
        "h": 24.54,
        "w": 41.41,
        "x": 14.06,
        "y": 412.52
      },
      "name": "Não Cisto"
    },
    {
      "bounding_box": {
        "h": 72.84,
        "w": 58.27,
        "x": 546.96,
        "y": 135.72
      },
      "name": "Não Cisto"
    },
    {
      "bounding_box": {
        "h": 53.67,
        "w": 54.44,
        "x": 387.48,
        "y": 283.71
      },
      "name": "Não Cisto"
    },
    {
      "bounding_box": {
        "h": 49.07,
        "w": 62.11,
        "x": 479.49,
        "y": 403.32
      },
      "name": "Não Cisto"
    },
    {
      "bounding_box": {
        "h": 44.47,
        "w": 59.04,
        "x": 172.01,
        "y": 264.54
      },
      "name": "Cisto Viável"
    },
    {
      "bounding_box": {
        "h": 45.24,
        "w": 62.88,
        "x": 83.83,
        "y": 320.51
      },
      "name": "Cisto Inviável"
    }
  ]
}