{
  "dataset": "Cisto",
  "image": {
    "width": 640,
    "height": 480,
    "original_filename": "Cisto383.jpg",
    "filename": "Cisto383.jpg",
    "url": "https://darwin.v7labs.com/api/images/38437870/original",
    "thumbnail_url": "https://darwin.v7labs.com/api/images/38437870/thumbnail",
    "path": "/",
    "workview_url": "https://darwin.v7labs.com/workview?dataset=38016&image=209"
  },
  "annotations": [
    {
      "bounding_box": {
        "h": 33.9,
        "w": 48.3,
        "x": 118.74,
        "y": 351.17
      },
      "name": "Cisto Viável"
    },
    {
      "bounding_box": {
        "h": 40.68,
        "w": 38.98,
        "x": 438.22,
        "y": 123.21
      },
      "name": "Cisto Viável"
    },
    {
      "bounding_box": {
        "h": 27.12,
        "w": 42.37,
        "x": 527.2,
        "y": 88.47
      },
      "name": "Cisto Viável"
    },
    {
      "bounding_box": {
        "h": 38.98,
        "w": 42.37,
        "x": 518.72,
        "y": 7.12
      },
      "name": "Cisto Viável"
    },
    {
      "bounding_box": {
        "h": 40.68,
        "w": 41.52,
        "x": 583.13,
        "y": 146.09
      },
      "name": "Cisto Viável"
    },
    {
      "bounding_box": {
        "h": 38.13,
        "w": 38.13,
        "x": 345.0,
        "y": 221.51
      },
      "name": "Cisto Viável"
    },
    {
      "bounding_box": {
        "h": 27.96,
        "w": 22.88,
        "x": 120.44,
        "y": 79.99
      },
      "name": "Cisto Viável"
    },
    {
      "bounding_box": {
        "h": 33.06,
        "w": 48.98,
        "x": 288.09,
        "y": 280.78
      },
      "name": "Cisto Inviável"
    },
    {
      "bounding_box": {
        "h": 34.9,
        "w": 26.33,
        "x": 168.7,
        "y": 121.58
      },
      "name": "Cisto Inviável"
    }
  ]
}