{
  "dataset": "Cisto",
  "image": {
    "width": 640,
    "height": 480,
    "original_filename": "Cisto259.jpg",
    "filename": "Cisto259.jpg",
    "url": "https://darwin.v7labs.com/api/images/38438039/original",
    "thumbnail_url": "https://darwin.v7labs.com/api/images/38438039/thumbnail",
    "path": "/",
    "workview_url": "https://darwin.v7labs.com/workview?dataset=38016&image=378"
  },
  "annotations": [
    {
      "bounding_box": {
        "h": 45.24,
        "w": 48.31,
        "x": 172.01,
        "y": 197.83
      },
      "name": "Cisto Viável"
    },
    {
      "bounding_box": {
        "h": 85.88,
        "w": 78.98,
        "x": 329.2,
        "y": 178.66
      },
      "name": "Cisto Viável"
    },
    {
      "bounding_box": {
        "h": 36.81,
        "w": 39.87,
        "x": 289.33,
        "y": 427.86
      },
      "name": "Cisto Inviável"
    }
  ]
}