{
  "dataset": "Cisto",
  "image": {
    "width": 640,
    "height": 480,
    "original_filename": "Cisto441.jpg",
    "filename": "Cisto441.jpg",
    "url": "https://darwin.v7labs.com/api/images/38437850/original",
    "thumbnail_url": "https://darwin.v7labs.com/api/images/38437850/thumbnail",
    "path": "/",
    "workview_url": "https://darwin.v7labs.com/workview?dataset=38016&image=189"
  },
  "annotations": [
    {
      "bounding_box": {
        "h": 38.34,
        "w": 56.74,
        "x": 267.86,
        "y": 296.74
      },
      "name": "Cisto Viável"
    },
    {
      "bounding_box": {
        "h": 49.07,
        "w": 50.61,
        "x": 288.56,
        "y": 178.66
      },
      "name": "Cisto Viável"
    },
    {
      "bounding_box": {
        "h": 66.03,
        "w": 59.35,
        "x": 335.4,
        "y": 203.66
      },
      "name": "Cisto Viável"
    },
    {
      "bounding_box": {
        "h": 25.33,
        "w": 30.87,
        "x": 226.96,
        "y": 165.94
      },
      "name": "Não Cisto"
    },
    {
      "bounding_box": {
        "h": 37.99,
        "w": 34.03,
        "x": 566.49,
        "y": 302.86
      },
      "name": "Não Cisto"
    }
  ]
}