{
  "dataset": "Cisto",
  "image": {
    "width": 640,
    "height": 480,
    "original_filename": "Cisto127.jpg",
    "filename": "Cisto127.jpg",
    "url": "https://darwin.v7labs.com/api/images/38437977/original",
    "thumbnail_url": "https://darwin.v7labs.com/api/images/38437977/thumbnail",
    "path": "/",
    "workview_url": "https://darwin.v7labs.com/workview?dataset=38016&image=316"
  },
  "annotations": [
    {
      "bounding_box": {
        "h": 37.57,
        "w": 49.84,
        "x": 40.13,
        "y": 346.58
      },
      "name": "Cisto Inviável"
    },
    {
      "bounding_box": {
        "h": 48.31,
        "w": 65.18,
        "x": 194.25,
        "y": 108.88
      },
      "name": "Cisto Inviável"
    },
    {
      "bounding_box": {
        "h": 59.1,
        "w": 45.91,
        "x": 410.58,
        "y": 226.94
      },
      "name": "Cisto Inviável"
    },
    {
      "bounding_box": {
        "h": 38.34,
        "w": 43.64,
        "x": 526.84,
        "y": 140.55
      },
      "name": "Cisto Inviável"
    },
    {
      "bounding_box": {
        "h": 77.51,
        "w": 68.59,
        "x": 450.6,
        "y": 119.82
      },
      "name": "Cisto Viável"
    },
    {
      "bounding_box": {
        "h": 35.67,
        "w": 27.44,
        "x": 316.85,
        "y": 43.69
      },
      "name": "Não Cisto"
    },
    {
      "bounding_box": {
        "h": 51.44,
        "w": 38.41,
        "x": 378.58,
        "y": 83.47
      },
      "name": "Não Cisto"
    }
  ]
}