{
  "dataset": "Cisto",
  "image": {
    "width": 640,
    "height": 480,
    "original_filename": "Cisto145.jpg",
    "filename": "Cisto145.jpg",
    "url": "https://darwin.v7labs.com/api/images/38437895/original",
    "thumbnail_url": "https://darwin.v7labs.com/api/images/38437895/thumbnail",
    "path": "/",
    "workview_url": "https://darwin.v7labs.com/workview?dataset=38016&image=234"
  },
  "annotations": [
    {
      "bounding_box": {
        "h": 46.01,
        "w": 63.64,
        "x": 543.9,
        "y": 180.19
      },
      "name": "Cisto Viável"
    },
    {
      "bounding_box": {
        "h": 53.67,
        "w": 34.5,
        "x": 283.96,
        "y": 195.53
      },
      "name": "Cisto Viável"
    },
    {
      "bounding_box": {
        "h": 35.27,
        "w": 52.14,
        "x": 356.04,
        "y": 192.46
      },
      "name": "Cisto Viável"
    },
    {
      "bounding_box": {
        "h": 28.37,
        "w": 37.57,
        "x": 297.76,
        "y": 279.11
      },
      "name": "Cisto Viável"
    },
    {
      "bounding_box": {
        "h": 23.77,
        "w": 57.51,
        "x": 534.7,
        "y": 225.43
      },
      "name": "Cisto Viável"
    },
    {
      "bounding_box": {
        "h": 32.2,
        "w": 38.34,
        "x": 549.27,
        "y": 145.69
      },
      "name": "Cisto Viável"
    },
    {
      "bounding_box": {
        "h": 25.3,
        "w": 43.71,
        "x": 540.06,
        "y": 118.08
      },
      "name": "Cisto Viável"
    },
    {
      "bounding_box": {
        "h": 46.03,
        "w": 35.99,
        "x": 105.89,
        "y": 104.79
      },
      "name": "Cisto Inviável"
    },
    {
      "bounding_box": {
        "h": 78.67,
        "w": 46.03,
        "x": 130.16,
        "y": 195.17
      },
      "name": "Cisto Inviável"
    },
    {
      "bounding_box": {
        "h": 40.1,
        "w": 36.95,
        "x": 155.86,
        "y": 354.35
      },
      "name": "Não Cisto"
    },
    {
      "bounding_box": {
        "h": 215.34,
        "w": 133.59,
        "x": -0.21,
        "y": 215.57
      },
      "name": "Não Cisto"
    }
  ]
}