{
  "dataset": "Cisto",
  "image": {
    "width": 640,
    "height": 480,
    "original_filename": "Cisto203.jpg",
    "filename": "Cisto203.jpg",
    "url": "https://darwin.v7labs.com/api/images/38438011/original",
    "thumbnail_url": "https://darwin.v7labs.com/api/images/38438011/thumbnail",
    "path": "/",
    "workview_url": "https://darwin.v7labs.com/workview?dataset=38016&image=350"
  },
  "annotations": [
    {
      "bounding_box": {
        "h": 64.54,
        "w": 56.95,
        "x": 375.63,
        "y": 259.28
      },
      "name": "Cisto Viável"
    }
  ]
}