{
  "dataset": "Cisto",
  "image": {
    "width": 640,
    "height": 480,
    "original_filename": "Cisto427.jpg",
    "filename": "Cisto427.jpg",
    "url": "https://darwin.v7labs.com/api/images/38437842/original",
    "thumbnail_url": "https://darwin.v7labs.com/api/images/38437842/thumbnail",
    "path": "/",
    "workview_url": "https://darwin.v7labs.com/workview?dataset=38016&image=181"
  },
  "annotations": [
    {
      "bounding_box": {
        "h": 36.44,
        "w": 40.68,
        "x": 177.15,
        "y": 102.04
      },
      "name": "Cisto Viável"
    },
    {
      "bounding_box": {
        "h": 34.74,
        "w": 38.13,
        "x": 152.57,
        "y": 156.27
      },
      "name": "Cisto Viável"
    },
    {
      "bounding_box": {
        "h": 43.22,
        "w": 53.39,
        "x": 464.42,
        "y": 122.37
      },
      "name": "Cisto Viável"
    },
    {
      "bounding_box": {
        "h": 26.27,
        "w": 29.66,
        "x": 233.08,
        "y": 128.31
      },
      "name": "Cisto Viável"
    },
    {
      "bounding_box": {
        "h": 26.28,
        "w": 29.86,
        "x": 252.9,
        "y": 353.53
      },
      "name": "Cisto Viável"
    },
    {
      "bounding_box": {
        "h": 26.87,
        "w": 35.83,
        "x": 389.05,
        "y": 358.31
      },
      "name": "Cisto Viável"
    },
    {
      "bounding_box": {
        "h": 29.86,
        "w": 37.62,
        "x": 40.9,
        "y": 448.48
      },
      "name": "Cisto Viável"
    },
    {
      "bounding_box": {
        "h": 27.47,
        "w": 28.66,
        "x": 78.52,
        "y": 166.62
      },
      "name": "Cisto Viável"
    },
    {
      "bounding_box": {
        "h": 44.82,
        "w": 33.62,
        "x": 335.19,
        "y": 203.1
      },
      "name": "Cisto Inviável"
    }
  ]
}