{
  "dataset": "Cisto",
  "image": {
    "width": 640,
    "height": 480,
    "original_filename": "Cisto224.jpg",
    "filename": "Cisto224.jpg",
    "url": "https://darwin.v7labs.com/api/images/38438045/original",
    "thumbnail_url": "https://darwin.v7labs.com/api/images/38438045/thumbnail",
    "path": "/",
    "workview_url": "https://darwin.v7labs.com/workview?dataset=38016&image=384"
  },
  "annotations": [
    {
      "bounding_box": {
        "h": 76.68,
        "w": 62.11,
        "x": 187.35,
        "y": 339.68
      },
      "name": "Cisto Viável"
    }
  ]
}