{
  "dataset": "Cisto",
  "image": {
    "width": 640,
    "height": 480,
    "original_filename": "Cisto446.jpg",
    "filename": "Cisto446.jpg",
    "url": "https://darwin.v7labs.com/api/images/38437808/original",
    "thumbnail_url": "https://darwin.v7labs.com/api/images/38437808/thumbnail",
    "path": "/",
    "workview_url": "https://darwin.v7labs.com/workview?dataset=38016&image=147"
  },
  "annotations": [
    {
      "bounding_box": {
        "h": 51.05,
        "w": 52.72,
        "x": 88.12,
        "y": 149.94
      },
      "name": "Cisto Viável"
    },
    {
      "bounding_box": {
        "h": 33.48,
        "w": 46.87,
        "x": 83.94,
        "y": 98.06
      },
      "name": "Não Cisto"
    },
    {
      "bounding_box": {
        "h": 26.78,
        "w": 35.99,
        "x": 106.53,
        "y": 297.23
      },
      "name": "Não Cisto"
    },
    {
      "bounding_box": {
        "h": 28.45,
        "w": 36.82,
        "x": 27.03,
        "y": 451.22
      },
      "name": "Não Cisto"
    },
    {
      "bounding_box": {
        "h": 46.03,
        "w": 63.6,
        "x": 422.04,
        "y": 180.07
      },
      "name": "Não Cisto"
    }
  ]
}