{
  "dataset": "Cisto",
  "image": {
    "width": 640,
    "height": 480,
    "original_filename": "Cisto348.jpg",
    "filename": "Cisto348.jpg",
    "url": "https://darwin.v7labs.com/api/images/38437736/original",
    "thumbnail_url": "https://darwin.v7labs.com/api/images/38437736/thumbnail",
    "path": "/",
    "workview_url": "https://darwin.v7labs.com/workview?dataset=38016&image=75"
  },
  "annotations": [
    {
      "bounding_box": {
        "h": 78.48,
        "w": 177.71,
        "x": 14.02,
        "y": 217.36
      },
      "name": "Não Cisto"
    },
    {
      "bounding_box": {
        "h": 79.38,
        "w": 92.01,
        "x": 293.66,
        "y": 360.79
      },
      "name": "Não Cisto"
    },
    {
      "bounding_box": {
        "h": 40.59,
        "w": 56.83,
        "x": 410.02,
        "y": 310.27
      },
      "name": "Não Cisto"
    },
    {
      "bounding_box": {
        "h": 29.77,
        "w": 35.18,
        "x": 545.34,
        "y": 352.67
      },
      "name": "Não Cisto"
    },
    {
      "bounding_box": {
        "h": 30.67,
        "w": 46.01,
        "x": 523.69,
        "y": 151.51
      },
      "name": "Não Cisto"
    },
    {
      "bounding_box": {
        "h": 31.57,
        "w": 32.47,
        "x": 508.35,
        "y": 59.5
      },
      "name": "Não Cisto"
    },
    {
      "bounding_box": {
        "h": 31.57,
        "w": 47.81,
        "x": 305.38,
        "y": 8.08
      },
      "name": "Não Cisto"
    },
    {
      "bounding_box": {
        "h": 66.75,
        "w": 60.44,
        "x": 175.49,
        "y": 14.39
      },
      "name": "Não Cisto"
    },
    {
      "bounding_box": {
        "h": 29.77,
        "w": 42.4,
        "x": 213.37,
        "y": 114.52
      },
      "name": "Não Cisto"
    },
    {
      "bounding_box": {
        "h": 23.75,
        "w": 34.71,
        "x": 343.36,
        "y": 308.62
      },
      "name": "Não Cisto"
    },
    {
      "bounding_box": {
        "h": 27.4,
        "w": 25.58,
        "x": 432.88,
        "y": 144.2
      },
      "name": "Não Cisto"
    },
    {
      "bounding_box": {
        "h": 54.8,
        "w": 50.24,
        "x": 249.28,
        "y": 27.28
      },
      "name": "Não Cisto"
    },
    {
      "bounding_box": {
        "h": 43.84,
        "w": 41.1,
        "x": 257.5,
        "y": 90.31
      },
      "name": "Cisto Viável"
    },
    {
      "bounding_box": {
        "h": 52.06,
        "w": 42.93,
        "x": 384.47,
        "y": 114.97
      },
      "name": "Cisto Viável"
    },
    {
      "bounding_box": {
        "h": 53.89,
        "w": 41.1,
        "x": 458.45,
        "y": 101.27
      },
      "name": "Cisto Viável"
    },
    {
      "bounding_box": {
        "h": 52.98,
        "w": 55.72,
        "x": 484.03,
        "y": 179.82
      },
      "name": "Cisto Viável"
    },
    {
      "bounding_box": {
        "h": 29.35,
        "w": 28.3,
        "x": 20.93,
        "y": 263.0
      },
      "name": "Cisto Viável"
    }
  ]
}