{
  "dataset": "Cisto",
  "image": {
    "width": 640,
    "height": 480,
    "original_filename": "Cisto270.jpg",
    "filename": "Cisto270.jpg",
    "url": "https://darwin.v7labs.com/api/images/38438012/original",
    "thumbnail_url": "https://darwin.v7labs.com/api/images/38438012/thumbnail",
    "path": "/",
    "workview_url": "https://darwin.v7labs.com/workview?dataset=38016&image=351"
  },
  "annotations": [
    {
      "bounding_box": {
        "h": 39.56,
        "w": 54.6,
        "x": 291.86,
        "y": 404.06
      },
      "name": "Cisto Viável"
    },
    {
      "bounding_box": {
        "h": 32.31,
        "w": 29.81,
        "x": 282.1,
        "y": 425.79
      },
      "name": "Cisto Viável"
    },
    {
      "bounding_box": {
        "h": 37.69,
        "w": 34.94,
        "x": 182.45,
        "y": 361.2
      },
      "name": "Cisto Viável"
    },
    {
      "bounding_box": {
        "h": 46.28,
        "w": 50.11,
        "x": 254.94,
        "y": 282.95
      },
      "name": "Cisto Viável"
    }
  ]
}