{
  "dataset": "Cisto",
  "image": {
    "width": 640,
    "height": 480,
    "original_filename": "Cisto281.jpg",
    "filename": "Cisto281.jpg",
    "url": "https://darwin.v7labs.com/api/images/38437748/original",
    "thumbnail_url": "https://darwin.v7labs.com/api/images/38437748/thumbnail",
    "path": "/",
    "workview_url": "https://darwin.v7labs.com/workview?dataset=38016&image=87"
  },
  "annotations": [
    {
      "bounding_box": {
        "h": 27.6,
        "w": 30.67,
        "x": 75.4,
        "y": 308.24
      },
      "name": "Não Cisto"
    },
    {
      "bounding_box": {
        "h": 20.7,
        "w": 20.7,
        "x": 117.57,
        "y": 188.63
      },
      "name": "Não Cisto"
    },
    {
      "bounding_box": {
        "h": 26.84,
        "w": 32.97,
        "x": 169.71,
        "y": 271.44
      },
      "name": "Não Cisto"
    },
    {
      "bounding_box": {
        "h": 34.5,
        "w": 35.27,
        "x": 195.78,
        "y": 317.44
      },
      "name": "Não Cisto"
    },
    {
      "bounding_box": {
        "h": 38.34,
        "w": 31.44,
        "x": 34.76,
        "y": 266.84
      },
      "name": "Não Cisto"
    },
    {
      "bounding_box": {
        "h": 82.04,
        "w": 65.94,
        "x": 400.51,
        "y": 112.72
      },
      "name": "Não Cisto"
    },
    {
      "bounding_box": {
        "h": 27.6,
        "w": 36.81,
        "x": 451.88,
        "y": 11.5
      },
      "name": "Não Cisto"
    },
    {
      "bounding_box": {
        "h": 43.71,
        "w": 26.07,
        "x": 469.52,
        "y": 87.41
      },
      "name": "Não Cisto"
    },
    {
      "bounding_box": {
        "h": 46.77,
        "w": 42.94,
        "x": 537.76,
        "y": 97.38
      },
      "name": "Não Cisto"
    },
    {
      "bounding_box": {
        "h": 75.22,
        "w": 114.98,
        "x": 68.28,
        "y": 326.78
      },
      "name": "Não Cisto"
    },
    {
      "bounding_box": {
        "h": 89.19,
        "w": 39.76,
        "x": 197.23,
        "y": 382.66
      },
      "name": "Não Cisto"
    },
    {
      "bounding_box": {
        "h": 32.24,
        "w": 31.16,
        "x": 195.08,
        "y": 24.82
      },
      "name": "Não Cisto"
    },
    {
      "bounding_box": {
        "h": 50.51,
        "w": 49.43,
        "x": 53.24,
        "y": 384.81
      },
      "name": "Cisto Viável"
    },
    {
      "bounding_box": {
        "h": 47.28,
        "w": 70.92,
        "x": 207.98,
        "y": 220.4
      },
      "name": "Cisto Viável"
    },
    {
      "bounding_box": {
        "h": 59.1,
        "w": 73.07,
        "x": 315.44,
        "y": 211.8
      },
      "name": "Cisto Viável"
    },
    {
      "bounding_box": {
        "h": 40.83,
        "w": 58.03,
        "x": 32.82,
        "y": 1.18
      },
      "name": "Cisto Inviável"
    }
  ]
}