{
  "dataset": "Cisto",
  "image": {
    "width": 640,
    "height": 480,
    "original_filename": "Cisto416.jpg",
    "filename": "Cisto416.jpg",
    "url": "https://darwin.v7labs.com/api/images/38437804/original",
    "thumbnail_url": "https://darwin.v7labs.com/api/images/38437804/thumbnail",
    "path": "/",
    "workview_url": "https://darwin.v7labs.com/workview?dataset=38016&image=143"
  },
  "annotations": [
    {
      "bounding_box": {
        "h": 53.0,
        "w": 66.9,
        "x": 160.16,
        "y": 135.22
      },
      "name": "Cisto Viável"
    },
    {
      "bounding_box": {
        "h": 47.79,
        "w": 46.05,
        "x": 276.59,
        "y": 60.49
      },
      "name": "Não Cisto"
    },
    {
      "bounding_box": {
        "h": 42.57,
        "w": 51.26,
        "x": 335.68,
        "y": 4.02
      },
      "name": "Não Cisto"
    },
    {
      "bounding_box": {
        "h": 55.61,
        "w": 27.8,
        "x": 518.14,
        "y": 280.32
      },
      "name": "Não Cisto"
    },
    {
      "bounding_box": {
        "h": 25.2,
        "w": 35.62,
        "x": 566.79,
        "y": 254.25
      },
      "name": "Não Cisto"
    },
    {
      "bounding_box": {
        "h": 38.23,
        "w": 34.75,
        "x": 546.81,
        "y": 301.17
      },
      "name": "Não Cisto"
    },
    {
      "bounding_box": {
        "h": 33.42,
        "w": 25.71,
        "x": 457.3,
        "y": 444.3
      },
      "name": "Não Cisto"
    },
    {
      "bounding_box": {
        "h": 40.32,
        "w": 35.15,
        "x": 603.93,
        "y": 154.77
      },
      "name": "Não Cisto"
    }
  ]
}