{
  "dataset": "Cisto",
  "image": {
    "width": 640,
    "height": 480,
    "original_filename": "Cisto131.jpg",
    "filename": "Cisto131.jpg",
    "url": "https://darwin.v7labs.com/api/images/38437958/original",
    "thumbnail_url": "https://darwin.v7labs.com/api/images/38437958/thumbnail",
    "path": "/",
    "workview_url": "https://darwin.v7labs.com/workview?dataset=38016&image=297"
  },
  "annotations": [
    {
      "bounding_box": {
        "h": 55.21,
        "w": 71.31,
        "x": 239.49,
        "y": 277.57
      },
      "name": "Cisto Viável"
    },
    {
      "bounding_box": {
        "h": 28.37,
        "w": 37.57,
        "x": 43.96,
        "y": 179.42
      },
      "name": "Não Cisto"
    },
    {
      "bounding_box": {
        "h": 40.64,
        "w": 78.21,
        "x": 109.14,
        "y": 433.99
      },
      "name": "Não Cisto"
    },
    {
      "bounding_box": {
        "h": 29.9,
        "w": 30.67,
        "x": 553.1,
        "y": 246.9
      },
      "name": "Não Cisto"
    }
  ]
}