{
  "dataset": "Cisto",
  "image": {
    "width": 640,
    "height": 480,
    "original_filename": "Cisto435.jpg",
    "filename": "Cisto435.jpg",
    "url": "https://darwin.v7labs.com/api/images/38437847/original",
    "thumbnail_url": "https://darwin.v7labs.com/api/images/38437847/thumbnail",
    "path": "/",
    "workview_url": "https://darwin.v7labs.com/workview?dataset=38016&image=186"
  },
  "annotations": [
    {
      "bounding_box": {
        "h": 35.62,
        "w": 55.72,
        "x": 116.79,
        "y": 145.89
      },
      "name": "Cisto Viável"
    },
    {
      "bounding_box": {
        "h": 56.63,
        "w": 52.06,
        "x": 385.34,
        "y": 179.69
      },
      "name": "Cisto Viável"
    },
    {
      "bounding_box": {
        "h": 62.04,
        "w": 42.24,
        "x": 486.97,
        "y": 186.9
      },
      "name": "Cisto Viável"
    },
    {
      "bounding_box": {
        "h": 45.54,
        "w": 36.96,
        "x": 210.45,
        "y": 249.6
      },
      "name": "Cisto Inviável"
    },
    {
      "bounding_box": {
        "h": 73.79,
        "w": 47.19,
        "x": 216.94,
        "y": 66.56
      },
      "name": "Não Cisto"
    },
    {
      "bounding_box": {
        "h": 40.33,
        "w": 42.05,
        "x": 41.03,
        "y": 220.15
      },
      "name": "Não Cisto"
    },
    {
      "bounding_box": {
        "h": 82.38,
        "w": 66.93,
        "x": 452.91,
        "y": 7.35
      },
      "name": "Não Cisto"
    }
  ]
}