{
  "dataset": "Cisto",
  "image": {
    "width": 640,
    "height": 480,
    "original_filename": "Cisto130.jpg",
    "filename": "Cisto130.jpg",
    "url": "https://darwin.v7labs.com/api/images/38437899/original",
    "thumbnail_url": "https://darwin.v7labs.com/api/images/38437899/thumbnail",
    "path": "/",
    "workview_url": "https://darwin.v7labs.com/workview?dataset=38016&image=238"
  },
  "annotations": [
    {
      "bounding_box": {
        "h": 95.08,
        "w": 114.25,
        "x": 162.04,
        "y": 336.61
      },
      "name": "Não Cisto"
    },
    {
      "bounding_box": {
        "h": 106.58,
        "w": 51.37,
        "x": 222.62,
        "y": 229.27
      },
      "name": "Não Cisto"
    },
    {
      "bounding_box": {
        "h": 33.74,
        "w": 49.07,
        "x": 348.37,
        "y": 341.98
      },
      "name": "Não Cisto"
    },
    {
      "bounding_box": {
        "h": 41.17,
        "w": 44.03,
        "x": 304.28,
        "y": 323.59
      },
      "name": "Cisto Inviável"
    },
    {
      "bounding_box": {
        "h": 54.15,
        "w": 61.33,
        "x": 297.76,
        "y": 104.37
      },
      "name": "Cisto Inviável"
    },
    {
      "bounding_box": {
        "h": 51.54,
        "w": 36.54,
        "x": 190.11,
        "y": 263.57
      },
      "name": "Cisto Viável"
    },
    {
      "bounding_box": {
        "h": 84.82,
        "w": 69.81,
        "x": 375.4,
        "y": 131.78
      },
      "name": "Cisto Viável"
    },
    {
      "bounding_box": {
        "h": 41.28,
        "w": 45.97,
        "x": 505.21,
        "y": 175.1
      },
      "name": "Cisto Viável"
    }
  ]
}