{
  "dataset": "Cisto",
  "image": {
    "width": 640,
    "height": 480,
    "original_filename": "Cisto129.jpg",
    "filename": "Cisto129.jpg",
    "url": "https://darwin.v7labs.com/api/images/38437934/original",
    "thumbnail_url": "https://darwin.v7labs.com/api/images/38437934/thumbnail",
    "path": "/",
    "workview_url": "https://darwin.v7labs.com/workview?dataset=38016&image=273"
  },
  "annotations": [
    {
      "bounding_box": {
        "h": 55.08,
        "w": 66.95,
        "x": 234.41,
        "y": 129.8
      },
      "name": "Cisto Viável"
    },
    {
      "bounding_box": {
        "h": 27.12,
        "w": 49.15,
        "x": 380.17,
        "y": 86.59
      },
      "name": "Não Cisto"
    },
    {
      "bounding_box": {
        "h": 29.66,
        "w": 39.83,
        "x": 474.23,
        "y": 47.61
      },
      "name": "Não Cisto"
    },
    {
      "bounding_box": {
        "h": 19.49,
        "w": 45.76,
        "x": 472.54,
        "y": 3.54
      },
      "name": "Não Cisto"
    }
  ]
}