{
  "dataset": "Cisto",
  "image": {
    "width": 640,
    "height": 480,
    "original_filename": "Cisto166.jpg",
    "filename": "Cisto166.jpg",
    "url": "https://darwin.v7labs.com/api/images/38437997/original",
    "thumbnail_url": "https://darwin.v7labs.com/api/images/38437997/thumbnail",
    "path": "/",
    "workview_url": "https://darwin.v7labs.com/workview?dataset=38016&image=336"
  },
  "annotations": [
    {
      "bounding_box": {
        "h": 45.31,
        "w": 42.25,
        "x": 407.16,
        "y": 389.87
      },
      "name": "Cisto Viável"
    },
    {
      "bounding_box": {
        "h": 53.27,
        "w": 43.47,
        "x": 445.74,
        "y": 389.25
      },
      "name": "Cisto Viável"
    },
    {
      "bounding_box": {
        "h": 74.04,
        "w": 54.59,
        "x": 217.34,
        "y": 251.23
      },
      "name": "Cisto Inviável"
    },
    {
      "bounding_box": {
        "h": 42.63,
        "w": 53.1,
        "x": 363.91,
        "y": 174.21
      },
      "name": "Cisto Inviável"
    }
  ]
}