{
  "dataset": "Cisto",
  "image": {
    "width": 640,
    "height": 480,
    "original_filename": "Cisto288.jpg",
    "filename": "Cisto288.jpg",
    "url": "https://darwin.v7labs.com/api/images/38437698/original",
    "thumbnail_url": "https://darwin.v7labs.com/api/images/38437698/thumbnail",
    "path": "/",
    "workview_url": "https://darwin.v7labs.com/workview?dataset=38016&image=37"
  },
  "annotations": [
    {
      "bounding_box": {
        "h": 39.11,
        "w": 26.07,
        "x": 3.32,
        "y": 122.68
      },
      "name": "Não Cisto"
    },
    {
      "bounding_box": {
        "h": 43.71,
        "w": 30.67,
        "x": 172.78,
        "y": 111.95
      },
      "name": "Não Cisto"
    },
    {
      "bounding_box": {
        "h": 62.88,
        "w": 62.88,
        "x": 431.95,
        "y": 272.97
      },
      "name": "Não Cisto"
    },
    {
      "bounding_box": {
        "h": 57.51,
        "w": 41.41,
        "x": 556.17,
        "y": 75.91
      },
      "name": "Não Cisto"
    },
    {
      "bounding_box": {
        "h": 36.04,
        "w": 37.57,
        "x": 606.01,
        "y": 77.44
      },
      "name": "Não Cisto"
    },
    {
      "bounding_box": {
        "h": 17.38,
        "w": 27.8,
        "x": 193.17,
        "y": 257.95
      },
      "name": "Não Cisto"
    },
    {
      "bounding_box": {
        "h": 25.2,
        "w": 25.2,
        "x": 212.28,
        "y": 76.36
      },
      "name": "Não Cisto"
    },
    {
      "bounding_box": {
        "h": 55.61,
        "w": 46.05,
        "x": 121.92,
        "y": 158.03
      },
      "name": "Cisto Viável"
    },
    {
      "bounding_box": {
        "h": 43.44,
        "w": 46.92,
        "x": 503.35,
        "y": 174.54
      },
      "name": "Cisto Viável"
    },
    {
      "bounding_box": {
        "h": 45.18,
        "w": 51.26,
        "x": 336.53,
        "y": 79.83
      },
      "name": "Cisto Inviável"
    },
    {
      "bounding_box": {
        "h": 70.38,
        "w": 59.95,
        "x": 288.74,
        "y": 363.95
      },
      "name": "Cisto Inviável"
    }
  ]
}