{
  "dataset": "Cisto",
  "image": {
    "width": 640,
    "height": 480,
    "original_filename": "Cisto284.jpg",
    "filename": "Cisto284.jpg",
    "url": "https://darwin.v7labs.com/api/images/38437688/original",
    "thumbnail_url": "https://darwin.v7labs.com/api/images/38437688/thumbnail",
    "path": "/",
    "workview_url": "https://darwin.v7labs.com/workview?dataset=38016&image=27"
  },
  "annotations": [
    {
      "bounding_box": {
        "h": 62.88,
        "w": 55.97,
        "x": 332.27,
        "y": 292.91
      },
      "name": "Cisto Viável"
    },
    {
      "bounding_box": {
        "h": 27.6,
        "w": 28.37,
        "x": 168.18,
        "y": 35.27
      },
      "name": "Não Cisto"
    },
    {
      "bounding_box": {
        "h": 27.6,
        "w": 29.9,
        "x": 351.44,
        "y": 78.98
      },
      "name": "Não Cisto"
    },
    {
      "bounding_box": {
        "h": 27.6,
        "w": 26.07,
        "x": 150.54,
        "y": 406.39
      },
      "name": "Não Cisto"
    },
    {
      "bounding_box": {
        "h": 32.2,
        "w": 31.44,
        "x": 80.77,
        "y": 426.33
      },
      "name": "Não Cisto"
    },
    {
      "bounding_box": {
        "h": 21.47,
        "w": 21.47,
        "x": 62.36,
        "y": 362.68
      },
      "name": "Não Cisto"
    },
    {
      "bounding_box": {
        "h": 32.97,
        "w": 24.54,
        "x": 47.03,
        "y": 442.43
      },
      "name": "Não Cisto"
    },
    {
      "bounding_box": {
        "h": 22.24,
        "w": 23.0,
        "x": 1.02,
        "y": 445.5
      },
      "name": "Não Cisto"
    },
    {
      "bounding_box": {
        "h": 39.11,
        "w": 26.84,
        "x": 202.68,
        "y": 155.65
      },
      "name": "Não Cisto"
    },
    {
      "bounding_box": {
        "h": 30.67,
        "w": 36.04,
        "x": 8.69,
        "y": 4.6
      },
      "name": "Não Cisto"
    }
  ]
}