{
  "dataset": "Cisto",
  "image": {
    "width": 640,
    "height": 480,
    "original_filename": "Cisto184.jpg",
    "filename": "Cisto184.jpg",
    "url": "https://darwin.v7labs.com/api/images/38437981/original",
    "thumbnail_url": "https://darwin.v7labs.com/api/images/38437981/thumbnail",
    "path": "/",
    "workview_url": "https://darwin.v7labs.com/workview?dataset=38016&image=320"
  },
  "annotations": [
    {
      "bounding_box": {
        "h": 76.68,
        "w": 65.94,
        "x": 218.79,
        "y": 78.98
      },
      "name": "Cisto Inviável"
    },
    {
      "bounding_box": {
        "h": 99.68,
        "w": 74.38,
        "x": 337.64,
        "y": 279.87
      },
      "name": "Cisto Inviável"
    }
  ]
}