{
  "dataset": "Cisto",
  "image": {
    "width": 640,
    "height": 480,
    "original_filename": "Cisto486.jpg",
    "filename": "Cisto486.jpg",
    "url": "https://darwin.v7labs.com/api/images/38437680/original",
    "thumbnail_url": "https://darwin.v7labs.com/api/images/38437680/thumbnail",
    "path": "/",
    "workview_url": "https://darwin.v7labs.com/workview?dataset=38016&image=19"
  },
  "annotations": [
    {
      "bounding_box": {
        "h": 63.56,
        "w": 83.05,
        "x": 123.48,
        "y": 415.47
      },
      "name": "Não Cisto"
    },
    {
      "bounding_box": {
        "h": 35.59,
        "w": 41.52,
        "x": 375.16,
        "y": 402.75
      },
      "name": "Não Cisto"
    },
    {
      "bounding_box": {
        "h": 31.35,
        "w": 34.74,
        "x": 584.47,
        "y": 352.76
      },
      "name": "Não Cisto"
    },
    {
      "bounding_box": {
        "h": 32.2,
        "w": 19.49,
        "x": 619.22,
        "y": 411.23
      },
      "name": "Não Cisto"
    },
    {
      "bounding_box": {
        "h": 44.91,
        "w": 34.74,
        "x": 539.56,
        "y": 150.22
      },
      "name": "Não Cisto"
    },
    {
      "bounding_box": {
        "h": 33.9,
        "w": 44.07,
        "x": 315.0,
        "y": 306.15
      },
      "name": "Não Cisto"
    },
    {
      "bounding_box": {
        "h": 21.19,
        "w": 29.66,
        "x": 226.02,
        "y": 329.88
      },
      "name": "Não Cisto"
    },
    {
      "bounding_box": {
        "h": 22.88,
        "w": 25.42,
        "x": 118.4,
        "y": 347.67
      },
      "name": "Não Cisto"
    },
    {
      "bounding_box": {
        "h": 20.34,
        "w": 27.12,
        "x": 76.03,
        "y": 346.82
      },
      "name": "Não Cisto"
    },
    {
      "bounding_box": {
        "h": 34.74,
        "w": 39.83,
        "x": 173.48,
        "y": 3.62
      },
      "name": "Não Cisto"
    },
    {
      "bounding_box": {
        "h": 54.23,
        "w": 33.05,
        "x": 127.72,
        "y": 158.7
      },
      "name": "Não Cisto"
    },
    {
      "bounding_box": {
        "h": 24.58,
        "w": 29.66,
        "x": 115.01,
        "y": 210.39
      },
      "name": "Não Cisto"
    },
    {
      "bounding_box": {
        "h": 27.12,
        "w": 29.66,
        "x": 25.18,
        "y": 82.43
      },
      "name": "Não Cisto"
    },
    {
      "bounding_box": {
        "h": 18.64,
        "w": 35.59,
        "x": 361.6,
        "y": -0.62
      },
      "name": "Não Cisto"
    },
    {
      "bounding_box": {
        "h": 30.51,
        "w": 65.25,
        "x": 226.86,
        "y": 214.63
      },
      "name": "Não Cisto"
    },
    {
      "bounding_box": {
        "h": 35.59,
        "w": 46.61,
        "x": 177.71,
        "y": 120.56
      },
      "name": "Cisto Inviável"
    },
    {
      "bounding_box": {
        "h": 55.93,
        "w": 47.46,
        "x": 174.33,
        "y": 257.0
      },
      "name": "Cisto Inviável"
    },
    {
      "bounding_box": {
        "h": 35.87,
        "w": 30.38,
        "x": 146.46,
        "y": 216.66
      },
      "name": "Cisto Viável"
    },
    {
      "bounding_box": {
        "h": 52.79,
        "w": 50.76,
        "x": 344.78,
        "y": 148.29
      },
      "name": "Cisto Viável"
    },
    {
      "bounding_box": {
        "h": 62.27,
        "w": 61.59,
        "x": 352.23,
        "y": 214.63
      },
      "name": "Cisto Viável"
    },
    {
      "bounding_box": {
        "h": 23.06,
        "w": 27.38,
        "x": 319.4,
        "y": 4.12
      },
      "name": "Cisto Viável"
    }
  ]
}