{
  "dataset": "Cisto",
  "image": {
    "width": 640,
    "height": 480,
    "original_filename": "Cisto407.jpg",
    "filename": "Cisto407.jpg",
    "url": "https://darwin.v7labs.com/api/images/38437780/original",
    "thumbnail_url": "https://darwin.v7labs.com/api/images/38437780/thumbnail",
    "path": "/",
    "workview_url": "https://darwin.v7labs.com/workview?dataset=38016&image=119"
  },
  "annotations": [
    {
      "bounding_box": {
        "h": 33.85,
        "w": 54.34,
        "x": 38.88,
        "y": 52.68
      },
      "name": "Não Cisto"
    },
    {
      "bounding_box": {
        "h": 67.71,
        "w": 104.23,
        "x": 535.09,
        "y": 58.91
      },
      "name": "Não Cisto"
    },
    {
      "bounding_box": {
        "h": 36.53,
        "w": 97.99,
        "x": 335.54,
        "y": 242.43
      },
      "name": "Não Cisto"
    },
    {
      "bounding_box": {
        "h": 173.72,
        "w": 87.3,
        "x": 458.48,
        "y": 239.76
      },
      "name": "Não Cisto"
    },
    {
      "bounding_box": {
        "h": 32.96,
        "w": 63.25,
        "x": 499.46,
        "y": 441.09
      },
      "name": "Não Cisto"
    },
    {
      "bounding_box": {
        "h": 53.45,
        "w": 79.29,
        "x": 370.28,
        "y": 410.8
      },
      "name": "Não Cisto"
    },
    {
      "bounding_box": {
        "h": 56.12,
        "w": 57.91,
        "x": 309.7,
        "y": 417.04
      },
      "name": "Não Cisto"
    },
    {
      "bounding_box": {
        "h": 31.18,
        "w": 39.2,
        "x": 266.94,
        "y": 299.45
      },
      "name": "Não Cisto"
    },
    {
      "bounding_box": {
        "h": 89.09,
        "w": 98.89,
        "x": 229.52,
        "y": 146.22
      },
      "name": "Não Cisto"
    },
    {
      "bounding_box": {
        "h": 107.79,
        "w": 51.67,
        "x": 14.83,
        "y": 175.62
      },
      "name": "Não Cisto"
    },
    {
      "bounding_box": {
        "h": 32.07,
        "w": 34.74,
        "x": 85.2,
        "y": 300.34
      },
      "name": "Não Cisto"
    },
    {
      "bounding_box": {
        "h": 21.38,
        "w": 29.4,
        "x": 408.59,
        "y": 104.35
      },
      "name": "Não Cisto"
    },
    {
      "bounding_box": {
        "h": 51.67,
        "w": 48.11,
        "x": 217.05,
        "y": 289.65
      },
      "name": "Cisto Viável"
    },
    {
      "bounding_box": {
        "h": 43.65,
        "w": 49.89,
        "x": 395.22,
        "y": 62.48
      },
      "name": "Cisto Viável"
    },
    {
      "bounding_box": {
        "h": 29.4,
        "w": 26.73,
        "x": 66.5,
        "y": 241.54
      },
      "name": "Não Cisto"
    },
    {
      "bounding_box": {
        "h": 35.63,
        "w": 24.94,
        "x": 228.63,
        "y": 107.91
      },
      "name": "Não Cisto"
    }
  ]
}