{
  "dataset": "Cisto",
  "image": {
    "width": 640,
    "height": 480,
    "original_filename": "Cisto332.jpg",
    "filename": "Cisto332.jpg",
    "url": "https://darwin.v7labs.com/api/images/38437723/original",
    "thumbnail_url": "https://darwin.v7labs.com/api/images/38437723/thumbnail",
    "path": "/",
    "workview_url": "https://darwin.v7labs.com/workview?dataset=38016&image=62"
  },
  "annotations": [
    {
      "bounding_box": {
        "h": 40.64,
        "w": 41.41,
        "x": 203.45,
        "y": 180.19
      },
      "name": "Cisto Viável"
    },
    {
      "bounding_box": {
        "h": 43.71,
        "w": 39.87,
        "x": 362.94,
        "y": 265.3
      },
      "name": "Cisto Viável"
    },
    {
      "bounding_box": {
        "h": 35.27,
        "w": 26.07,
        "x": 614.44,
        "y": 78.98
      },
      "name": "Cisto Viável"
    },
    {
      "bounding_box": {
        "h": 40.41,
        "w": 51.01,
        "x": 45.47,
        "y": 71.41
      },
      "name": "Cisto Viável"
    },
    {
      "bounding_box": {
        "h": 33.51,
        "w": 42.08,
        "x": 83.78,
        "y": 313.16
      },
      "name": "Cisto Inviável"
    },
    {
      "bounding_box": {
        "h": 22.52,
        "w": 30.97,
        "x": 66.95,
        "y": 57.79
      },
      "name": "Não Cisto"
    },
    {
      "bounding_box": {
        "h": 46.17,
        "w": 39.7,
        "x": 93.7,
        "y": 108.75
      },
      "name": "Não Cisto"
    },
    {
      "bounding_box": {
        "h": 27.59,
        "w": 32.1,
        "x": 173.37,
        "y": 87.92
      },
      "name": "Não Cisto"
    },
    {
      "bounding_box": {
        "h": 37.16,
        "w": 39.7,
        "x": 251.64,
        "y": 141.41
      },
      "name": "Não Cisto"
    },
    {
      "bounding_box": {
        "h": 25.06,
        "w": 24.49,
        "x": 238.97,
        "y": 170.41
      },
      "name": "Não Cisto"
    },
    {
      "bounding_box": {
        "h": 56.87,
        "w": 132.6,
        "x": 115.09,
        "y": 130.43
      },
      "name": "Não Cisto"
    },
    {
      "bounding_box": {
        "h": 32.29,
        "w": 34.81,
        "x": 317.86,
        "y": 46.88
      },
      "name": "Não Cisto"
    },
    {
      "bounding_box": {
        "h": 25.24,
        "w": 26.81,
        "x": 386.12,
        "y": 115.73
      },
      "name": "Não Cisto"
    },
    {
      "bounding_box": {
        "h": 28.0,
        "w": 52.05,
        "x": 414.51,
        "y": 101.93
      },
      "name": "Não Cisto"
    },
    {
      "bounding_box": {
        "h": 62.3,
        "w": 52.44,
        "x": 447.63,
        "y": 77.09
      },
      "name": "Não Cisto"
    },
    {
      "bounding_box": {
        "h": 52.84,
        "w": 63.09,
        "x": 467.74,
        "y": 122.04
      },
      "name": "Não Cisto"
    },
    {
      "bounding_box": {
        "h": 39.04,
        "w": 48.5,
        "x": 409.78,
        "y": 140.97
      },
      "name": "Não Cisto"
    },
    {
      "bounding_box": {
        "h": 29.18,
        "w": 22.87,
        "x": 583.27,
        "y": 101.15
      },
      "name": "Não Cisto"
    },
    {
      "bounding_box": {
        "h": 65.01,
        "w": 64.24,
        "x": 474.08,
        "y": 188.68
      },
      "name": "Não Cisto"
    },
    {
      "bounding_box": {
        "h": 64.24,
        "w": 76.48,
        "x": 512.32,
        "y": 234.56
      },
      "name": "Não Cisto"
    },
    {
      "bounding_box": {
        "h": 47.31,
        "w": 36.44,
        "x": 30.12,
        "y": 324.36
      },
      "name": "Não Cisto"
    },
    {
      "bounding_box": {
        "h": 92.7,
        "w": 56.9,
        "x": 129.85,
        "y": 317.33
      },
      "name": "Não Cisto"
    },
    {
      "bounding_box": {
        "h": 54.98,
        "w": 35.8,
        "x": 307.57,
        "y": 194.59
      },
      "name": "Não Cisto"
    },
    {
      "bounding_box": {
        "h": 94.26,
        "w": 117.83,
        "x": 125.66,
        "y": 224.58
      },
      "name": "Não Cisto"
    },
    {
      "bounding_box": {
        "h": 101.0,
        "w": 118.67,
        "x": 175.31,
        "y": 312.11
      },
      "name": "Não Cisto"
    },
    {
      "bounding_box": {
        "h": 136.34,
        "w": 201.15,
        "x": 331.85,
        "y": 321.36
      },
      "name": "Não Cisto"
    },
    {
      "bounding_box": {
        "h": 126.24,
        "w": 63.96,
        "x": 432.85,
        "y": 169.87
      },
      "name": "Não Cisto"
    }
  ]
}