{
  "dataset": "Cisto",
  "image": {
    "width": 640,
    "height": 480,
    "original_filename": "Cisto151.jpg",
    "filename": "Cisto151.jpg",
    "url": "https://darwin.v7labs.com/api/images/38437927/original",
    "thumbnail_url": "https://darwin.v7labs.com/api/images/38437927/thumbnail",
    "path": "/",
    "workview_url": "https://darwin.v7labs.com/workview?dataset=38016&image=266"
  },
  "annotations": [
    {
      "bounding_box": {
        "h": 71.78,
        "w": 65.8,
        "x": 299.59,
        "y": 214.78
      },
      "name": "Cisto Viável"
    },
    {
      "bounding_box": {
        "h": 48.85,
        "w": 45.86,
        "x": 422.22,
        "y": 385.26
      },
      "name": "Não Cisto"
    },
    {
      "bounding_box": {
        "h": 65.8,
        "w": 57.82,
        "x": 578.73,
        "y": 413.17
      },
      "name": "Não Cisto"
    },
    {
      "bounding_box": {
        "h": 29.91,
        "w": 26.92,
        "x": 543.84,
        "y": 289.55
      },
      "name": "Não Cisto"
    },
    {
      "bounding_box": {
        "h": 27.91,
        "w": 28.91,
        "x": 517.92,
        "y": 256.65
      },
      "name": "Não Cisto"
    },
    {
      "bounding_box": {
        "h": 46.86,
        "w": 30.91,
        "x": 388.32,
        "y": 223.75
      },
      "name": "Não Cisto"
    },
    {
      "bounding_box": {
        "h": 24.92,
        "w": 27.91,
        "x": 371.37,
        "y": 256.65
      },
      "name": "Não Cisto"
    },
    {
      "bounding_box": {
        "h": 55.83,
        "w": 66.8,
        "x": 124.13,
        "y": 182.88
      },
      "name": "Não Cisto"
    },
    {
      "bounding_box": {
        "h": 37.88,
        "w": 49.85,
        "x": 224.82,
        "y": 335.41
      },
      "name": "Não Cisto"
    }
  ]
}