{
  "dataset": "Cisto",
  "image": {
    "width": 640,
    "height": 480,
    "original_filename": "Cisto114.jpg",
    "filename": "Cisto114.jpg",
    "url": "https://darwin.v7labs.com/api/images/38437975/original",
    "thumbnail_url": "https://darwin.v7labs.com/api/images/38437975/thumbnail",
    "path": "/",
    "workview_url": "https://darwin.v7labs.com/workview?dataset=38016&image=314"
  },
  "annotations": [
    {
      "bounding_box": {
        "h": 34.5,
        "w": 36.81,
        "x": 338.4,
        "y": 89.71
      },
      "name": "Cisto Viável"
    }
  ]
}