{
  "dataset": "Cisto",
  "image": {
    "width": 640,
    "height": 480,
    "original_filename": "Cisto229.jpg",
    "filename": "Cisto229.jpg",
    "url": "https://darwin.v7labs.com/api/images/38437995/original",
    "thumbnail_url": "https://darwin.v7labs.com/api/images/38437995/thumbnail",
    "path": "/",
    "workview_url": "https://darwin.v7labs.com/workview?dataset=38016&image=334"
  },
  "annotations": [
    {
      "bounding_box": {
        "h": 46.38,
        "w": 51.89,
        "x": 428.42,
        "y": 241.22
      },
      "name": "Cisto Viável"
    },
    {
      "bounding_box": {
        "h": 42.45,
        "w": 40.88,
        "x": 216.93,
        "y": 311.98
      },
      "name": "Não Cisto"
    }
  ]
}