{
  "dataset": "Cisto",
  "image": {
    "width": 640,
    "height": 480,
    "original_filename": "Cisto260.jpg",
    "filename": "Cisto260.jpg",
    "url": "https://darwin.v7labs.com/api/images/38437982/original",
    "thumbnail_url": "https://darwin.v7labs.com/api/images/38437982/thumbnail",
    "path": "/",
    "workview_url": "https://darwin.v7labs.com/workview?dataset=38016&image=321"
  },
  "annotations": [
    {
      "bounding_box": {
        "h": 56.74,
        "w": 46.01,
        "x": 122.17,
        "y": 324.35
      },
      "name": "Cisto Inviável"
    },
    {
      "bounding_box": {
        "h": 39.42,
        "w": 38.52,
        "x": 104.65,
        "y": 282.0
      },
      "name": "Cisto Viável"
    },
    {
      "bounding_box": {
        "h": 36.28,
        "w": 31.8,
        "x": 127.05,
        "y": 258.7
      },
      "name": "Cisto Viável"
    },
    {
      "bounding_box": {
        "h": 52.86,
        "w": 46.59,
        "x": 231.87,
        "y": 264.08
      },
      "name": "Cisto Viável"
    },
    {
      "bounding_box": {
        "h": 36.2,
        "w": 30.8,
        "x": 134.83,
        "y": 165.69
      },
      "name": "Não Cisto"
    },
    {
      "bounding_box": {
        "h": 48.24,
        "w": 58.7,
        "x": 103.54,
        "y": 41.2
      },
      "name": "Não Cisto"
    },
    {
      "bounding_box": {
        "h": 22.7,
        "w": 31.21,
        "x": 148.62,
        "y": 289.83
      },
      "name": "Cisto Inviável"
    }
  ]
}