{
  "dataset": "Cisto",
  "image": {
    "width": 640,
    "height": 480,
    "original_filename": "Cisto463.jpg",
    "filename": "Cisto463.jpg",
    "url": "https://darwin.v7labs.com/api/images/38437812/original",
    "thumbnail_url": "https://darwin.v7labs.com/api/images/38437812/thumbnail",
    "path": "/",
    "workview_url": "https://darwin.v7labs.com/workview?dataset=38016&image=151"
  },
  "annotations": [
    {
      "bounding_box": {
        "h": 53.67,
        "w": 124.98,
        "x": 145.18,
        "y": 52.14
      },
      "name": "Não Cisto"
    },
    {
      "bounding_box": {
        "h": 55.97,
        "w": 102.75,
        "x": 320.77,
        "y": 117.32
      },
      "name": "Não Cisto"
    },
    {
      "bounding_box": {
        "h": 75.14,
        "w": 64.41,
        "x": 469.52,
        "y": 104.28
      },
      "name": "Não Cisto"
    },
    {
      "bounding_box": {
        "h": 42.17,
        "w": 47.54,
        "x": 109.9,
        "y": 174.06
      },
      "name": "Não Cisto"
    },
    {
      "bounding_box": {
        "h": 87.16,
        "w": 56.52,
        "x": 261.62,
        "y": 248.98
      },
      "name": "Não Cisto"
    },
    {
      "bounding_box": {
        "h": 68.24,
        "w": 74.38,
        "x": 179.0,
        "y": 344.27
      },
      "name": "Não Cisto"
    },
    {
      "bounding_box": {
        "h": 39.11,
        "w": 69.01,
        "x": 356.89,
        "y": 176.34
      },
      "name": "Não Cisto"
    },
    {
      "bounding_box": {
        "h": 30.07,
        "w": 34.31,
        "x": 385.04,
        "y": 291.15
      },
      "name": "Não Cisto"
    },
    {
      "bounding_box": {
        "h": 53.42,
        "w": 50.21,
        "x": 93.18,
        "y": 293.73
      },
      "name": "Cisto Viável"
    },
    {
      "bounding_box": {
        "h": 41.2,
        "w": 45.06,
        "x": 424.67,
        "y": 184.95
      },
      "name": "Cisto Viável"
    },
    {
      "bounding_box": {
        "h": 45.06,
        "w": 41.84,
        "x": 478.1,
        "y": 237.09
      },
      "name": "Cisto Viável"
    },
    {
      "bounding_box": {
        "h": 31.54,
        "w": 28.97,
        "x": 498.05,
        "y": 213.91
      },
      "name": "Cisto Viável"
    },
    {
      "bounding_box": {
        "h": 30.25,
        "w": 26.39,
        "x": 522.51,
        "y": 202.33
      },
      "name": "Cisto Viável"
    },
    {
      "bounding_box": {
        "h": 29.61,
        "w": 39.26,
        "x": 517.36,
        "y": 244.17
      },
      "name": "Cisto Viável"
    },
    {
      "bounding_box": {
        "h": 28.32,
        "w": 46.34,
        "x": 371.25,
        "y": 258.33
      },
      "name": "Cisto Viável"
    },
    {
      "bounding_box": {
        "h": 30.9,
        "w": 49.56,
        "x": 162.7,
        "y": 197.82
      },
      "name": "Cisto Inviável"
    }
  ]
}