{
  "dataset": "Cisto",
  "image": {
    "width": 640,
    "height": 480,
    "original_filename": "Cisto500.jpg",
    "filename": "Cisto500.jpg",
    "url": "https://darwin.v7labs.com/api/images/38435375/original",
    "thumbnail_url": "https://darwin.v7labs.com/api/images/38435375/thumbnail",
    "path": "/",
    "workview_url": "https://darwin.v7labs.com/workview?dataset=38016&image=2"
  },
  "annotations": [
    {
      "bounding_box": {
        "h": 61.34,
        "w": 52.14,
        "x": 227.22,
        "y": 200.89
      },
      "name": "Cisto Viável"
    },
    {
      "bounding_box": {
        "h": 39.87,
        "w": 44.47,
        "x": 576.1,
        "y": 222.36
      },
      "name": "Não Cisto"
    },
    {
      "bounding_box": {
        "h": 24.54,
        "w": 26.07,
        "x": 264.79,
        "y": 276.04
      },
      "name": "Não Cisto"
    },
    {
      "bounding_box": {
        "h": 42.17,
        "w": 23.77,
        "x": 279.36,
        "y": 213.16
      },
      "name": "Não Cisto"
    },
    {
      "bounding_box": {
        "h": 24.54,
        "w": 24.54,
        "x": 221.85,
        "y": 271.44
      },
      "name": "Não Cisto"
    },
    {
      "bounding_box": {
        "h": 28.37,
        "w": 33.74,
        "x": 164.35,
        "y": 240
      },
      "name": "Não Cisto"
    },
    {
      "bounding_box": {
        "h": 20.98,
        "w": 22.25,
        "x": 16.96,
        "y": 225.62
      },
      "name": "Não Cisto"
    },
    {
      "bounding_box": {
        "h": 28.29,
        "w": 27.33,
        "x": 8.38,
        "y": 245.32
      },
      "name": "Não Cisto"
    },
    {
      "bounding_box": {
        "h": 58.8,
        "w": 27.97,
        "x": 194.31,
        "y": 244.05
      },
      "name": "Não Cisto"
    }
  ]
}