{
  "dataset": "Cisto",
  "image": {
    "width": 640,
    "height": 480,
    "original_filename": "Cisto244.jpg",
    "filename": "Cisto244.jpg",
    "url": "https://darwin.v7labs.com/api/images/38438026/original",
    "thumbnail_url": "https://darwin.v7labs.com/api/images/38438026/thumbnail",
    "path": "/",
    "workview_url": "https://darwin.v7labs.com/workview?dataset=38016&image=365"
  },
  "annotations": [
    {
      "bounding_box": {
        "h": 72.84,
        "w": 73.61,
        "x": 234.89,
        "y": 127.28
      },
      "name": "Cisto Viável"
    }
  ]
}