{
  "dataset": "Cisto",
  "image": {
    "width": 640,
    "height": 480,
    "original_filename": "Cisto294.jpg",
    "filename": "Cisto294.jpg",
    "url": "https://darwin.v7labs.com/api/images/38437775/original",
    "thumbnail_url": "https://darwin.v7labs.com/api/images/38437775/thumbnail",
    "path": "/",
    "workview_url": "https://darwin.v7labs.com/workview?dataset=38016&image=114"
  },
  "annotations": [
    {
      "bounding_box": {
        "h": 36.95,
        "w": 41.35,
        "x": 7.9,
        "y": 104.85
      },
      "name": "Não Cisto"
    },
    {
      "bounding_box": {
        "h": 86.22,
        "w": 87.98,
        "x": 208.49,
        "y": 140.92
      },
      "name": "Não Cisto"
    },
    {
      "bounding_box": {
        "h": 109.09,
        "w": 95.02,
        "x": 299.99,
        "y": 157.64
      },
      "name": "Não Cisto"
    },
    {
      "bounding_box": {
        "h": 139.89,
        "w": 41.35,
        "x": 390.61,
        "y": 168.2
      },
      "name": "Não Cisto"
    },
    {
      "bounding_box": {
        "h": 65.1,
        "w": 42.23,
        "x": 595.6,
        "y": 347.68
      },
      "name": "Não Cisto"
    },
    {
      "bounding_box": {
        "h": 89.74,
        "w": 77.42,
        "x": 260.4,
        "y": 250.9
      },
      "name": "Não Cisto"
    },
    {
      "bounding_box": {
        "h": 65.98,
        "w": 65.98,
        "x": 124.91,
        "y": 229.78
      },
      "name": "Cisto Viável"
    }
  ]
}