{
  "dataset": "Cisto",
  "image": {
    "width": 640,
    "height": 480,
    "original_filename": "Cisto152.jpg",
    "filename": "Cisto152.jpg",
    "url": "https://darwin.v7labs.com/api/images/38437960/original",
    "thumbnail_url": "https://darwin.v7labs.com/api/images/38437960/thumbnail",
    "path": "/",
    "workview_url": "https://darwin.v7labs.com/workview?dataset=38016&image=299"
  },
  "annotations": [
    {
      "bounding_box": {
        "h": 31.51,
        "w": 57.1,
        "x": 262.57,
        "y": 192.52
      },
      "name": "Cisto Viável"
    },
    {
      "bounding_box": {
        "h": 33.07,
        "w": 39.5,
        "x": 564.27,
        "y": 129.24
      },
      "name": "Cisto Viável"
    },
    {
      "bounding_box": {
        "h": 29.39,
        "w": 35.82,
        "x": 539.93,
        "y": 323.98
      },
      "name": "Cisto Viável"
    },
    {
      "bounding_box": {
        "h": 35.3,
        "w": 38.18,
        "x": 82.28,
        "y": 173.37
      },
      "name": "Cisto Inviável"
    },
    {
      "bounding_box": {
        "h": 54.74,
        "w": 48.26,
        "x": 134.87,
        "y": 97.02
      },
      "name": "Cisto Inviável"
    },
    {
      "bounding_box": {
        "h": 77.07,
        "w": 84.28,
        "x": 89.49,
        "y": 197.15
      },
      "name": "Não Cisto"
    },
    {
      "bounding_box": {
        "h": 74.91,
        "w": 59.79,
        "x": 451.09,
        "y": 362.1
      },
      "name": "Não Cisto"
    },
    {
      "bounding_box": {
        "h": 69.87,
        "w": 56.91,
        "x": 1.61,
        "y": 159.69
      },
      "name": "Não Cisto"
    },
    {
      "bounding_box": {
        "h": 34.58,
        "w": 42.5,
        "x": 34.74,
        "y": 372.9
      },
      "name": "Não Cisto"
    },
    {
      "bounding_box": {
        "h": 155.59,
        "w": 167.11,
        "x": 121.18,
        "y": 297.27
      },
      "name": "Não Cisto"
    }
  ]
}