{
  "dataset": "Cisto",
  "image": {
    "width": 640,
    "height": 480,
    "original_filename": "Cisto494.jpg",
    "filename": "Cisto494.jpg",
    "url": "https://darwin.v7labs.com/api/images/38437670/original",
    "thumbnail_url": "https://darwin.v7labs.com/api/images/38437670/thumbnail",
    "path": "/",
    "workview_url": "https://darwin.v7labs.com/workview?dataset=38016&image=9"
  },
  "annotations": [
    {
      "bounding_box": {
        "h": 44.41,
        "w": 41.2,
        "x": 302.23,
        "y": 324.85
      },
      "name": "Cisto Viável"
    },
    {
      "bounding_box": {
        "h": 32.83,
        "w": 22.53,
        "x": 269.41,
        "y": 311.98
      },
      "name": "Não Cisto"
    },
    {
      "bounding_box": {
        "h": 84.47,
        "w": 49.58,
        "x": 567.82,
        "y": 375.61
      },
      "name": "Não Cisto"
    }
  ]
}