{
  "dataset": "Cisto",
  "image": {
    "width": 640,
    "height": 480,
    "original_filename": "Cisto163.jpg",
    "filename": "Cisto163.jpg",
    "url": "https://darwin.v7labs.com/api/images/38437985/original",
    "thumbnail_url": "https://darwin.v7labs.com/api/images/38437985/thumbnail",
    "path": "/",
    "workview_url": "https://darwin.v7labs.com/workview?dataset=38016&image=324"
  },
  "annotations": [
    {
      "bounding_box": {
        "h": 44.19,
        "w": 48.81,
        "x": 191.5,
        "y": 169.54
      },
      "name": "Cisto Viável"
    }
  ]
}