{
  "dataset": "Cisto",
  "image": {
    "width": 640,
    "height": 480,
    "original_filename": "Cisto357.jpg",
    "filename": "Cisto357.jpg",
    "url": "https://darwin.v7labs.com/api/images/38437724/original",
    "thumbnail_url": "https://darwin.v7labs.com/api/images/38437724/thumbnail",
    "path": "/",
    "workview_url": "https://darwin.v7labs.com/workview?dataset=38016&image=63"
  },
  "annotations": [
    {
      "bounding_box": {
        "h": 184.03,
        "w": 50.61,
        "x": 185.05,
        "y": 124.22
      },
      "name": "Não Cisto"
    },
    {
      "bounding_box": {
        "h": 36.04,
        "w": 32.2,
        "x": 256.36,
        "y": 161.02
      },
      "name": "Não Cisto"
    },
    {
      "bounding_box": {
        "h": 23.77,
        "w": 23.0,
        "x": 77.7,
        "y": 137.25
      },
      "name": "Não Cisto"
    },
    {
      "bounding_box": {
        "h": 26.07,
        "w": 31.44,
        "x": 98.4,
        "y": 147.22
      },
      "name": "Não Cisto"
    },
    {
      "bounding_box": {
        "h": 49.66,
        "w": 40.63,
        "x": 84.59,
        "y": 168.08
      },
      "name": "Cisto Viável"
    },
    {
      "bounding_box": {
        "h": 60.63,
        "w": 44.5,
        "x": 229.71,
        "y": 249.34
      },
      "name": "Cisto Viável"
    },
    {
      "bounding_box": {
        "h": 50.95,
        "w": 87.07,
        "x": 176.18,
        "y": 300.3
      },
      "name": "Cisto Viável"
    },
    {
      "bounding_box": {
        "h": 32.25,
        "w": 46.44,
        "x": 201.33,
        "y": 57.15
      },
      "name": "Cisto Inviável"
    }
  ]
}