{
  "dataset": "Cisto",
  "image": {
    "width": 640,
    "height": 480,
    "original_filename": "Cisto104.jpg",
    "filename": "Cisto104.jpg",
    "url": "https://darwin.v7labs.com/api/images/38437894/original",
    "thumbnail_url": "https://darwin.v7labs.com/api/images/38437894/thumbnail",
    "path": "/",
    "workview_url": "https://darwin.v7labs.com/workview?dataset=38016&image=233"
  },
  "annotations": [
    {
      "bounding_box": {
        "h": 73.46,
        "w": 62.03,
        "x": 330.19,
        "y": 230.55
      },
      "name": "Cisto Inviável"
    },
    {
      "bounding_box": {
        "h": 84.07,
        "w": 57.14,
        "x": 246.93,
        "y": 16.7
      },
      "name": "Cisto Viável"
    },
    {
      "bounding_box": {
        "h": 38.88,
        "w": 42.87,
        "x": 561.3,
        "y": 148.39
      },
      "name": "Não Cisto"
    },
    {
      "bounding_box": {
        "h": 39.88,
        "w": 39.88,
        "x": 505.47,
        "y": 31.75
      },
      "name": "Não Cisto"
    },
    {
      "bounding_box": {
        "h": 47.85,
        "w": 73.77,
        "x": 226.33,
        "y": 418.57
      },
      "name": "Não Cisto"
    },
    {
      "bounding_box": {
        "h": 34.89,
        "w": 35.89,
        "x": 191.44,
        "y": 445.48
      },
      "name": "Não Cisto"
    }
  ]
}