{
  "dataset": "Cisto",
  "image": {
    "width": 640,
    "height": 480,
    "original_filename": "Cisto153.jpg",
    "filename": "Cisto153.jpg",
    "url": "https://darwin.v7labs.com/api/images/38437943/original",
    "thumbnail_url": "https://darwin.v7labs.com/api/images/38437943/thumbnail",
    "path": "/",
    "workview_url": "https://darwin.v7labs.com/workview?dataset=38016&image=282"
  },
  "annotations": [
    {
      "bounding_box": {
        "h": 39.11,
        "w": 48.31,
        "x": 124.47,
        "y": 114.25
      },
      "name": "Cisto Viável"
    },
    {
      "bounding_box": {
        "h": 52.91,
        "w": 50.61,
        "x": 185.81,
        "y": 95.85
      },
      "name": "Cisto Viável"
    },
    {
      "bounding_box": {
        "h": 39.87,
        "w": 47.54,
        "x": 278.59,
        "y": 135.72
      },
      "name": "Cisto Viável"
    },
    {
      "bounding_box": {
        "h": 64.14,
        "w": 47.22,
        "x": 598.46,
        "y": 265.88
      },
      "name": "Cisto Viável"
    },
    {
      "bounding_box": {
        "h": 44.01,
        "w": 56.17,
        "x": 244.43,
        "y": 206.86
      },
      "name": "Cisto Viável"
    },
    {
      "bounding_box": {
        "h": 69.59,
        "w": 50.9,
        "x": 136.6,
        "y": 273.04
      },
      "name": "Não Cisto"
    },
    {
      "bounding_box": {
        "h": 59.92,
        "w": 67.66,
        "x": 114.69,
        "y": 189.28
      },
      "name": "Não Cisto"
    },
    {
      "bounding_box": {
        "h": 75.39,
        "w": 80.54,
        "x": 478.1,
        "y": 336.83
      },
      "name": "Não Cisto"
    },
    {
      "bounding_box": {
        "h": 35.73,
        "w": 26.01,
        "x": 439.67,
        "y": 174.31
      },
      "name": "Cisto Viável"
    }
  ]
}