{
  "dataset": "Cisto",
  "image": {
    "width": 640,
    "height": 480,
    "original_filename": "Cisto90.jpg",
    "filename": "Cisto90.jpg",
    "url": "https://darwin.v7labs.com/api/images/38437962/original",
    "thumbnail_url": "https://darwin.v7labs.com/api/images/38437962/thumbnail",
    "path": "/",
    "workview_url": "https://darwin.v7labs.com/workview?dataset=38016&image=301"
  },
  "annotations": [
    {
      "bounding_box": {
        "h": 53.67,
        "w": 53.67,
        "x": 252.52,
        "y": 190.16
      },
      "name": "Cisto Viável"
    },
    {
      "bounding_box": {
        "h": 75.14,
        "w": 75.91,
        "x": 101.47,
        "y": 281.41
      },
      "name": "Cisto Inviável"
    }
  ]
}