{
  "dataset": "Cisto",
  "image": {
    "width": 640,
    "height": 480,
    "original_filename": "Cisto198.jpg",
    "filename": "Cisto198.jpg",
    "url": "https://darwin.v7labs.com/api/images/38438010/original",
    "thumbnail_url": "https://darwin.v7labs.com/api/images/38438010/thumbnail",
    "path": "/",
    "workview_url": "https://darwin.v7labs.com/workview?dataset=38016&image=349"
  },
  "annotations": [
    {
      "bounding_box": {
        "h": 42.17,
        "w": 48.31,
        "x": 316.17,
        "y": 240
      },
      "name": "Cisto Viável"
    },
    {
      "bounding_box": {
        "h": 42.17,
        "w": 44.47,
        "x": 145.18,
        "y": 310.54
      },
      "name": "Cisto Inviável"
    }
  ]
}