{
  "dataset": "Cisto",
  "image": {
    "width": 640,
    "height": 480,
    "original_filename": "Cisto4.jpg",
    "filename": "Cisto4.jpg",
    "url": "https://darwin.v7labs.com/api/images/38438126/original",
    "thumbnail_url": "https://darwin.v7labs.com/api/images/38438126/thumbnail",
    "path": "/",
    "workview_url": "https://darwin.v7labs.com/workview?dataset=38016&image=465"
  },
  "annotations": [
    {
      "bounding_box": {
        "h": 46.01,
        "w": 55.21,
        "x": 160.51,
        "y": 277.57
      },
      "name": "Cisto Inviável"
    },
    {
      "bounding_box": {
        "h": 35.27,
        "w": 58.27,
        "x": 267.09,
        "y": 39.87
      },
      "name": "Cisto Inviável"
    },
    {
      "bounding_box": {
        "h": 40.64,
        "w": 34.5,
        "x": 158.21,
        "y": 178.66
      },
      "name": "Cisto Inviável"
    },
    {
      "bounding_box": {
        "h": 48.31,
        "w": 33.74,
        "x": 68.5,
        "y": 8.43
      },
      "name": "Cisto Viável"
    },
    {
      "bounding_box": {
        "h": 43.71,
        "w": 45.24,
        "x": 119.11,
        "y": 104.28
      },
      "name": "Cisto Viável"
    },
    {
      "bounding_box": {
        "h": 40.64,
        "w": 33.74,
        "x": 96.1,
        "y": 157.96
      },
      "name": "Cisto Viável"
    },
    {
      "bounding_box": {
        "h": 49.84,
        "w": 52.91,
        "x": 217.25,
        "y": 126.52
      },
      "name": "Cisto Viável"
    },
    {
      "bounding_box": {
        "h": 49.07,
        "w": 42.94,
        "x": 292.4,
        "y": 72.08
      },
      "name": "Cisto Viável"
    },
    {
      "bounding_box": {
        "h": 66.71,
        "w": 65.18,
        "x": 158.98,
        "y": 320.51
      },
      "name": "Cisto Viável"
    },
    {
      "bounding_box": {
        "h": 52.14,
        "w": 33.74,
        "x": 206.52,
        "y": 251.5
      },
      "name": "Cisto Viável"
    },
    {
      "bounding_box": {
        "h": 43.71,
        "w": 36.04,
        "x": 369.84,
        "y": 268.37
      },
      "name": "Cisto Viável"
    },
    {
      "bounding_box": {
        "h": 45.67,
        "w": 38.36,
        "x": 453.47,
        "y": 283.83
      },
      "name": "Não Cisto"
    },
    {
      "bounding_box": {
        "h": 43.84,
        "w": 31.97,
        "x": 517.41,
        "y": 71.92
      },
      "name": "Não Cisto"
    },
    {
      "bounding_box": {
        "h": 36.54,
        "w": 44.76,
        "x": 392.27,
        "y": 53.65
      },
      "name": "Não Cisto"
    }
  ]
}