{
  "dataset": "Cisto",
  "image": {
    "width": 640,
    "height": 480,
    "original_filename": "Cisto354.jpg",
    "filename": "Cisto354.jpg",
    "url": "https://darwin.v7labs.com/api/images/38437786/original",
    "thumbnail_url": "https://darwin.v7labs.com/api/images/38437786/thumbnail",
    "path": "/",
    "workview_url": "https://darwin.v7labs.com/workview?dataset=38016&image=125"
  },
  "annotations": [
    {
      "bounding_box": {
        "h": 51.37,
        "w": 46.01,
        "x": 408.95,
        "y": 286.77
      },
      "name": "Cisto Viável"
    },
    {
      "bounding_box": {
        "h": 27.6,
        "w": 39.87,
        "x": 93.04,
        "y": 5.37
      },
      "name": "Não Cisto"
    },
    {
      "bounding_box": {
        "h": 23.77,
        "w": 45.24,
        "x": 66.2,
        "y": 131.12
      },
      "name": "Não Cisto"
    },
    {
      "bounding_box": {
        "h": 82.04,
        "w": 118.08,
        "x": 181.98,
        "y": 207.03
      },
      "name": "Não Cisto"
    },
    {
      "bounding_box": {
        "h": 113.48,
        "w": 61.34,
        "x": 319.23,
        "y": 162.56
      },
      "name": "Não Cisto"
    },
    {
      "bounding_box": {
        "h": 65.94,
        "w": 68.24,
        "x": 448.05,
        "y": 220.83
      },
      "name": "Não Cisto"
    },
    {
      "bounding_box": {
        "h": 69.01,
        "w": 67.48,
        "x": 280.13,
        "y": 355.78
      },
      "name": "Não Cisto"
    },
    {
      "bounding_box": {
        "h": 49.07,
        "w": 62.88,
        "x": 504.03,
        "y": 72.08
      },
      "name": "Não Cisto"
    }
  ]
}