{
  "dataset": "Cisto",
  "image": {
    "width": 640,
    "height": 480,
    "original_filename": "Cisto411.jpg",
    "filename": "Cisto411.jpg",
    "url": "https://darwin.v7labs.com/api/images/38437851/original",
    "thumbnail_url": "https://darwin.v7labs.com/api/images/38437851/thumbnail",
    "path": "/",
    "workview_url": "https://darwin.v7labs.com/workview?dataset=38016&image=190"
  },
  "annotations": [
    {
      "bounding_box": {
        "h": 62.24,
        "w": 75.77,
        "x": 267.82,
        "y": 73.55
      },
      "name": "Não Cisto"
    },
    {
      "bounding_box": {
        "h": 77.58,
        "w": 75.77,
        "x": 527.62,
        "y": 87.99
      },
      "name": "Não Cisto"
    },
    {
      "bounding_box": {
        "h": 55.03,
        "w": 93.82,
        "x": 470.79,
        "y": 1.39
      },
      "name": "Não Cisto"
    },
    {
      "bounding_box": {
        "h": 35.18,
        "w": 48.71,
        "x": 177.62,
        "y": 243.14
      },
      "name": "Não Cisto"
    },
    {
      "bounding_box": {
        "h": 55.03,
        "w": 73.07,
        "x": 375.17,
        "y": 162.86
      },
      "name": "Não Cisto"
    },
    {
      "bounding_box": {
        "h": 45.36,
        "w": 60.83,
        "x": 172.83,
        "y": 148.83
      },
      "name": "Cisto Inviável"
    }
  ]
}