{
  "dataset": "Cisto",
  "image": {
    "width": 640,
    "height": 480,
    "original_filename": "Cisto215.jpg",
    "filename": "Cisto215.jpg",
    "url": "https://darwin.v7labs.com/api/images/38438051/original",
    "thumbnail_url": "https://darwin.v7labs.com/api/images/38438051/thumbnail",
    "path": "/",
    "workview_url": "https://darwin.v7labs.com/workview?dataset=38016&image=390"
  },
  "annotations": [
    {
      "bounding_box": {
        "h": 54.44,
        "w": 60.58,
        "x": 200.38,
        "y": 219.3
      },
      "name": "Cisto Viável"
    },
    {
      "bounding_box": {
        "h": 48.31,
        "w": 40.64,
        "x": 301.6,
        "y": 139.55
      },
      "name": "Cisto Viável"
    },
    {
      "bounding_box": {
        "h": 37.57,
        "w": 31.44,
        "x": 153.61,
        "y": 259.17
      },
      "name": "Cisto Viável"
    },
    {
      "bounding_box": {
        "h": 48.31,
        "w": 55.21,
        "x": 257.89,
        "y": 23.77
      },
      "name": "Cisto Viável"
    }
  ]
}