{
  "dataset": "Cisto",
  "image": {
    "width": 640,
    "height": 480,
    "original_filename": "Cisto171.jpg",
    "filename": "Cisto171.jpg",
    "url": "https://darwin.v7labs.com/api/images/38437896/original",
    "thumbnail_url": "https://darwin.v7labs.com/api/images/38437896/thumbnail",
    "path": "/",
    "workview_url": "https://darwin.v7labs.com/workview?dataset=38016&image=235"
  },
  "annotations": [
    {
      "bounding_box": {
        "h": 71.31,
        "w": 108.88,
        "x": 80.77,
        "y": 127.28
      },
      "name": "Cisto Inviável"
    },
    {
      "bounding_box": {
        "h": 83.58,
        "w": 70.54,
        "x": 119.11,
        "y": 200.89
      },
      "name": "Cisto Inviável"
    },
    {
      "bounding_box": {
        "h": 63.64,
        "w": 51.37,
        "x": 482.56,
        "y": 181.73
      },
      "name": "Cisto Viável"
    }
  ]
}