{
  "dataset": "Cisto",
  "image": {
    "width": 640,
    "height": 480,
    "original_filename": "Cisto24.jpg",
    "filename": "Cisto24.jpg",
    "url": "https://darwin.v7labs.com/api/images/38438148/original",
    "thumbnail_url": "https://darwin.v7labs.com/api/images/38438148/thumbnail",
    "path": "/",
    "workview_url": "https://darwin.v7labs.com/workview?dataset=38016&image=487"
  },
  "annotations": [
    {
      "bounding_box": {
        "h": 49.07,
        "w": 56.74,
        "x": 103.77,
        "y": 218.53
      },
      "name": "Cisto Viável"
    },
    {
      "bounding_box": {
        "h": 59.04,
        "w": 62.11,
        "x": 175.08,
        "y": 292.14
      },
      "name": "Cisto Viável"
    },
    {
      "bounding_box": {
        "h": 55.21,
        "w": 61.34,
        "x": 310.8,
        "y": 59.04
      },
      "name": "Cisto Inviável"
    },
    {
      "bounding_box": {
        "h": 71.31,
        "w": 54.44,
        "x": 520.13,
        "y": 85.88
      },
      "name": "Cisto Inviável"
    }
  ]
}