{
  "dataset": "Cisto",
  "image": {
    "width": 640,
    "height": 480,
    "original_filename": "Cisto304.jpg",
    "filename": "Cisto304.jpg",
    "url": "https://darwin.v7labs.com/api/images/38437764/original",
    "thumbnail_url": "https://darwin.v7labs.com/api/images/38437764/thumbnail",
    "path": "/",
    "workview_url": "https://darwin.v7labs.com/workview?dataset=38016&image=103"
  },
  "annotations": [
    {
      "bounding_box": {
        "h": 52.14,
        "w": 48.31,
        "x": 264.03,
        "y": 95.08
      },
      "name": "Cisto Viável"
    },
    {
      "bounding_box": {
        "h": 53.67,
        "w": 59.04,
        "x": 349.9,
        "y": 339.68
      },
      "name": "Cisto Viável"
    },
    {
      "bounding_box": {
        "h": 32.97,
        "w": 41.41,
        "x": 211.12,
        "y": 341.98
      },
      "name": "Não Cisto"
    },
    {
      "bounding_box": {
        "h": 65.94,
        "w": 59.81,
        "x": 173.55,
        "y": 206.26
      },
      "name": "Não Cisto"
    },
    {
      "bounding_box": {
        "h": 43.71,
        "w": 44.47,
        "x": 256.36,
        "y": 144.92
      },
      "name": "Não Cisto"
    },
    {
      "bounding_box": {
        "h": 31.44,
        "w": 32.2,
        "x": 224.92,
        "y": 31.44
      },
      "name": "Não Cisto"
    },
    {
      "bounding_box": {
        "h": 40.64,
        "w": 24.54,
        "x": 444.98,
        "y": 209.33
      },
      "name": "Não Cisto"
    },
    {
      "bounding_box": {
        "h": 43.71,
        "w": 27.6,
        "x": 599.11,
        "y": 303.64
      },
      "name": "Não Cisto"
    },
    {
      "bounding_box": {
        "h": 83.58,
        "w": 163.32,
        "x": 431.18,
        "y": 281.41
      },
      "name": "Não Cisto"
    }
  ]
}