{
  "dataset": "Cisto",
  "image": {
    "width": 640,
    "height": 480,
    "original_filename": "Cisto94.jpg",
    "filename": "Cisto94.jpg",
    "url": "https://darwin.v7labs.com/api/images/38437921/original",
    "thumbnail_url": "https://darwin.v7labs.com/api/images/38437921/thumbnail",
    "path": "/",
    "workview_url": "https://darwin.v7labs.com/workview?dataset=38016&image=260"
  },
  "annotations": [
    {
      "bounding_box": {
        "h": 44.47,
        "w": 44.47,
        "x": 145.18,
        "y": 71.31
      },
      "name": "Cisto Viável"
    },
    {
      "bounding_box": {
        "h": 50.61,
        "w": 59.81,
        "x": 353.74,
        "y": 191.69
      },
      "name": "Cisto Viável"
    },
    {
      "bounding_box": {
        "h": 34.5,
        "w": 34.5,
        "x": 611.37,
        "y": 239.23
      },
      "name": "Cisto Viável"
    },
    {
      "bounding_box": {
        "h": 70.38,
        "w": 152.2,
        "x": 12.9,
        "y": 234.12
      },
      "name": "Não Cisto"
    },
    {
      "bounding_box": {
        "h": 36.45,
        "w": 33.81,
        "x": 193.26,
        "y": 65.83
      },
      "name": "Não Cisto"
    },
    {
      "bounding_box": {
        "h": 81.56,
        "w": 52.16,
        "x": 421.67,
        "y": 157.56
      },
      "name": "Não Cisto"
    },
    {
      "bounding_box": {
        "h": 102.42,
        "w": 46.47,
        "x": 469.09,
        "y": 34.27
      },
      "name": "Não Cisto"
    },
    {
      "bounding_box": {
        "h": 103.37,
        "w": 73.02,
        "x": 514.61,
        "y": 78.84
      },
      "name": "Não Cisto"
    },
    {
      "bounding_box": {
        "h": 66.38,
        "w": 89.14,
        "x": 271.84,
        "y": 125.31
      },
      "name": "Não Cisto"
    }
  ]
}