{
  "dataset": "Cisto",
  "image": {
    "width": 640,
    "height": 480,
    "original_filename": "Cisto371.jpg",
    "filename": "Cisto371.jpg",
    "url": "https://darwin.v7labs.com/api/images/38437762/original",
    "thumbnail_url": "https://darwin.v7labs.com/api/images/38437762/thumbnail",
    "path": "/",
    "workview_url": "https://darwin.v7labs.com/workview?dataset=38016&image=101"
  },
  "annotations": [
    {
      "bounding_box": {
        "h": 72.45,
        "w": 48.65,
        "x": 266.05,
        "y": 205.84
      },
      "name": "Cisto Viável"
    },
    {
      "bounding_box": {
        "h": 42.44,
        "w": 44.51,
        "x": 63.19,
        "y": 226.54
      },
      "name": "Não Cisto"
    },
    {
      "bounding_box": {
        "h": 61.07,
        "w": 37.26,
        "x": 131.5,
        "y": 176.86
      },
      "name": "Não Cisto"
    },
    {
      "bounding_box": {
        "h": 46.58,
        "w": 50.72,
        "x": 211.2,
        "y": 189.28
      },
      "name": "Não Cisto"
    },
    {
      "bounding_box": {
        "h": 94.19,
        "w": 31.05,
        "x": 251.56,
        "y": 122.0
      },
      "name": "Não Cisto"
    },
    {
      "bounding_box": {
        "h": 40.37,
        "w": 32.09,
        "x": 347.82,
        "y": 70.25
      },
      "name": "Não Cisto"
    },
    {
      "bounding_box": {
        "h": 57.96,
        "w": 44.51,
        "x": 381.98,
        "y": 57.83
      },
      "name": "Não Cisto"
    },
    {
      "bounding_box": {
        "h": 57.96,
        "w": 75.56,
        "x": 499.97,
        "y": 153.05
      },
      "name": "Não Cisto"
    },
    {
      "bounding_box": {
        "h": 52.79,
        "w": 32.09,
        "x": 512.39,
        "y": 230.68
      },
      "name": "Não Cisto"
    },
    {
      "bounding_box": {
        "h": 37.26,
        "w": 30.02,
        "x": 464.78,
        "y": 224.47
      },
      "name": "Não Cisto"
    },
    {
      "bounding_box": {
        "h": 40.37,
        "w": 89.01,
        "x": 316.77,
        "y": 280.36
      },
      "name": "Não Cisto"
    },
    {
      "bounding_box": {
        "h": 30.02,
        "w": 45.54,
        "x": 286.75,
        "y": 379.73
      },
      "name": "Não Cisto"
    },
    {
      "bounding_box": {
        "h": 51.75,
        "w": 55.89,
        "x": 156.34,
        "y": 361.1
      },
      "name": "Não Cisto"
    },
    {
      "bounding_box": {
        "h": 36.23,
        "w": 53.82,
        "x": 17.64,
        "y": 391.11
      },
      "name": "Não Cisto"
    },
    {
      "bounding_box": {
        "h": 67.28,
        "w": 150.08,
        "x": 489.62,
        "y": 376.62
      },
      "name": "Não Cisto"
    },
    {
      "bounding_box": {
        "h": 112.82,
        "w": 153.19,
        "x": 361.28,
        "y": 339.36
      },
      "name": "Não Cisto"
    },
    {
      "bounding_box": {
        "h": 44.51,
        "w": 67.28,
        "x": 365.42,
        "y": 140.63
      },
      "name": "Não Cisto"
    },
    {
      "bounding_box": {
        "h": 42.44,
        "w": 49.68,
        "x": 588.98,
        "y": 73.36
      },
      "name": "Não Cisto"
    },
    {
      "bounding_box": {
        "h": 26.91,
        "w": 31.05,
        "x": 161.51,
        "y": 154.09
      },
      "name": "Não Cisto"
    }
  ]
}