{
  "dataset": "Cisto",
  "image": {
    "width": 640,
    "height": 480,
    "original_filename": "Cisto132.jpg",
    "filename": "Cisto132.jpg",
    "url": "https://darwin.v7labs.com/api/images/38437900/original",
    "thumbnail_url": "https://darwin.v7labs.com/api/images/38437900/thumbnail",
    "path": "/",
    "workview_url": "https://darwin.v7labs.com/workview?dataset=38016&image=239"
  },
  "annotations": [
    {
      "bounding_box": {
        "h": 112.72,
        "w": 121.92,
        "x": 250.22,
        "y": 155.65
      },
      "name": "Cisto Viável"
    },
    {
      "bounding_box": {
        "h": 36.04,
        "w": 52.14,
        "x": 25.56,
        "y": 31.44
      },
      "name": "Cisto Viável"
    }
  ]
}