{
  "dataset": "Cisto",
  "image": {
    "width": 640,
    "height": 480,
    "original_filename": "Cisto82.jpg",
    "filename": "Cisto82.jpg",
    "url": "https://darwin.v7labs.com/api/images/38437990/original",
    "thumbnail_url": "https://darwin.v7labs.com/api/images/38437990/thumbnail",
    "path": "/",
    "workview_url": "https://darwin.v7labs.com/workview?dataset=38016&image=329"
  },
  "annotations": [
    {
      "bounding_box": {
        "h": 64.14,
        "w": 64.14,
        "x": 25.47,
        "y": 137.13
      },
      "name": "Cisto Inviável"
    },
    {
      "bounding_box": {
        "h": 56.12,
        "w": 57.91,
        "x": 175.14,
        "y": 276.99
      },
      "name": "Cisto Viável"
    },
    {
      "bounding_box": {
        "h": 57.02,
        "w": 51.67,
        "x": 380.93,
        "y": 268.08
      },
      "name": "Cisto Viável"
    }
  ]
}