{
  "dataset": "Cisto",
  "image": {
    "width": 640,
    "height": 480,
    "original_filename": "Cisto363.jpg",
    "filename": "Cisto363.jpg",
    "url": "https://darwin.v7labs.com/api/images/38437717/original",
    "thumbnail_url": "https://darwin.v7labs.com/api/images/38437717/thumbnail",
    "path": "/",
    "workview_url": "https://darwin.v7labs.com/workview?dataset=38016&image=56"
  },
  "annotations": [
    {
      "bounding_box": {
        "h": 48.15,
        "w": 45.62,
        "x": 207.11,
        "y": 194.96
      },
      "name": "Cisto Viável"
    },
    {
      "bounding_box": {
        "h": 31.26,
        "w": 35.48,
        "x": 70.25,
        "y": 196.65
      },
      "name": "Não Cisto"
    },
    {
      "bounding_box": {
        "h": 90.4,
        "w": 79.41,
        "x": 140.37,
        "y": 337.74
      },
      "name": "Não Cisto"
    },
    {
      "bounding_box": {
        "h": 32.95,
        "w": 119.96,
        "x": 71.94,
        "y": 303.1
      },
      "name": "Não Cisto"
    },
    {
      "bounding_box": {
        "h": 87.02,
        "w": 52.38,
        "x": 46.59,
        "y": 296.34
      },
      "name": "Não Cisto"
    },
    {
      "bounding_box": {
        "h": 16.9,
        "w": 28.72,
        "x": 105.73,
        "y": 392.65
      },
      "name": "Não Cisto"
    },
    {
      "bounding_box": {
        "h": 29.57,
        "w": 32.1,
        "x": 86.3,
        "y": 414.62
      },
      "name": "Não Cisto"
    },
    {
      "bounding_box": {
        "h": 41.4,
        "w": 61.67,
        "x": 147.12,
        "y": 432.36
      },
      "name": "Não Cisto"
    },
    {
      "bounding_box": {
        "h": 30.41,
        "w": 38.86,
        "x": 308.48,
        "y": 439.96
      },
      "name": "Não Cisto"
    },
    {
      "bounding_box": {
        "h": 37.17,
        "w": 43.93,
        "x": 293.28,
        "y": 343.65
      },
      "name": "Não Cisto"
    },
    {
      "bounding_box": {
        "h": 43.09,
        "w": 38.02,
        "x": 319.47,
        "y": 327.6
      },
      "name": "Não Cisto"
    },
    {
      "bounding_box": {
        "h": 31.26,
        "w": 32.1,
        "x": 330.45,
        "y": 238.05
      },
      "name": "Não Cisto"
    },
    {
      "bounding_box": {
        "h": 48.15,
        "w": 39.71,
        "x": 508.71,
        "y": 281.98
      },
      "name": "Não Cisto"
    },
    {
      "bounding_box": {
        "h": 60.83,
        "w": 29.57,
        "x": 594.88,
        "y": 267.62
      },
      "name": "Não Cisto"
    },
    {
      "bounding_box": {
        "h": 33.79,
        "w": 44.78,
        "x": 495.19,
        "y": 232.14
      },
      "name": "Não Cisto"
    },
    {
      "bounding_box": {
        "h": 45.62,
        "w": 37.17,
        "x": 420.0,
        "y": 165.39
      },
      "name": "Não Cisto"
    },
    {
      "bounding_box": {
        "h": 37.17,
        "w": 33.79,
        "x": 463.93,
        "y": 162.02
      },
      "name": "Não Cisto"
    },
    {
      "bounding_box": {
        "h": 58.29,
        "w": 56.6,
        "x": 489.28,
        "y": 113.86
      },
      "name": "Não Cisto"
    },
    {
      "bounding_box": {
        "h": 43.09,
        "w": 28.72,
        "x": 364.24,
        "y": 152.72
      },
      "name": "Não Cisto"
    },
    {
      "bounding_box": {
        "h": 55.76,
        "w": 42.24,
        "x": 322.0,
        "y": 135.83
      },
      "name": "Não Cisto"
    },
    {
      "bounding_box": {
        "h": 32.95,
        "w": 33.79,
        "x": 212.18,
        "y": 130.76
      },
      "name": "Não Cisto"
    },
    {
      "bounding_box": {
        "h": 47.31,
        "w": 33.79,
        "x": 178.38,
        "y": 194.96
      },
      "name": "Não Cisto"
    },
    {
      "bounding_box": {
        "h": 62.52,
        "w": 43.93,
        "x": 158.11,
        "y": 131.6
      },
      "name": "Não Cisto"
    },
    {
      "bounding_box": {
        "h": 49.84,
        "w": 47.31,
        "x": 408.17,
        "y": 35.29
      },
      "name": "Não Cisto"
    },
    {
      "bounding_box": {
        "h": 27.03,
        "w": 21.12,
        "x": 597.41,
        "y": 47.97
      },
      "name": "Não Cisto"
    },
    {
      "bounding_box": {
        "h": 38.86,
        "w": 35.48,
        "x": 491.81,
        "y": 29.38
      },
      "name": "Não Cisto"
    },
    {
      "bounding_box": {
        "h": 54.91,
        "w": 47.31,
        "x": 122.63,
        "y": 22.62
      },
      "name": "Não Cisto"
    },
    {
      "bounding_box": {
        "h": 35.48,
        "w": 22.81,
        "x": 566.15,
        "y": 423.06
      },
      "name": "Não Cisto"
    },
    {
      "bounding_box": {
        "h": 40.55,
        "w": 53.22,
        "x": 572.07,
        "y": 394.34
      },
      "name": "Não Cisto"
    },
    {
      "bounding_box": {
        "h": 64.21,
        "w": 42.24,
        "x": 469.84,
        "y": 397.72
      },
      "name": "Não Cisto"
    },
    {
      "bounding_box": {
        "h": 61.67,
        "w": 37.17,
        "x": 486.74,
        "y": 339.43
      },
      "name": "Não Cisto"
    },
    {
      "bounding_box": {
        "h": 51.53,
        "w": 43.93,
        "x": 265.4,
        "y": 213.55
      },
      "name": "Não Cisto"
    }
  ]
}