{
  "dataset": "Cisto",
  "image": {
    "width": 640,
    "height": 480,
    "original_filename": "Cisto282.jpg",
    "filename": "Cisto282.jpg",
    "url": "https://darwin.v7labs.com/api/images/38437779/original",
    "thumbnail_url": "https://darwin.v7labs.com/api/images/38437779/thumbnail",
    "path": "/",
    "workview_url": "https://darwin.v7labs.com/workview?dataset=38016&image=118"
  },
  "annotations": [
    {
      "bounding_box": {
        "h": 55.0,
        "w": 55.0,
        "x": 245.87,
        "y": 200.26
      },
      "name": "Cisto Inviável"
    },
    {
      "bounding_box": {
        "h": 26.55,
        "w": 35.09,
        "x": 226.91,
        "y": 175.61
      },
      "name": "Cisto Inviável"
    },
    {
      "bounding_box": {
        "h": 52.16,
        "w": 93.88,
        "x": 101.73,
        "y": 149.05
      },
      "name": "Não Cisto"
    },
    {
      "bounding_box": {
        "h": 68.28,
        "w": 58.8,
        "x": 151.04,
        "y": 251.47
      },
      "name": "Não Cisto"
    },
    {
      "bounding_box": {
        "h": 53.11,
        "w": 47.42,
        "x": 449.76,
        "y": 428.81
      },
      "name": "Não Cisto"
    },
    {
      "bounding_box": {
        "h": 36.04,
        "w": 59.74,
        "x": 380.53,
        "y": 131.98
      },
      "name": "Não Cisto"
    },
    {
      "bounding_box": {
        "h": 87.25,
        "w": 132.76,
        "x": 338.81,
        "y": 22.93
      },
      "name": "Não Cisto"
    },
    {
      "bounding_box": {
        "h": 64.49,
        "w": 34.14,
        "x": 246.82,
        "y": 56.12
      },
      "name": "Não Cisto"
    },
    {
      "bounding_box": {
        "h": 108.11,
        "w": 75.87,
        "x": 4.05,
        "y": 157.59
      },
      "name": "Não Cisto"
    },
    {
      "bounding_box": {
        "h": 37.93,
        "w": 34.14,
        "x": 26.81,
        "y": 309.32
      },
      "name": "Não Cisto"
    },
    {
      "bounding_box": {
        "h": 69.23,
        "w": 77.76,
        "x": 109.31,
        "y": 382.34
      },
      "name": "Não Cisto"
    },
    {
      "bounding_box": {
        "h": 31.29,
        "w": 34.14,
        "x": 292.34,
        "y": 152.85
      },
      "name": "Não Cisto"
    }
  ]
}