{
  "dataset": "Cisto",
  "image": {
    "width": 640,
    "height": 480,
    "original_filename": "Cisto51.jpg",
    "filename": "Cisto51.jpg",
    "url": "https://darwin.v7labs.com/api/images/38438114/original",
    "thumbnail_url": "https://darwin.v7labs.com/api/images/38438114/thumbnail",
    "path": "/",
    "workview_url": "https://darwin.v7labs.com/workview?dataset=38016&image=453"
  },
  "annotations": [
    {
      "bounding_box": {
        "h": 30.76,
        "w": 34.53,
        "x": 346.01,
        "y": 176.33
      },
      "name": "Cisto Inviável"
    },
    {
      "bounding_box": {
        "h": 25.74,
        "w": 42.06,
        "x": 295.16,
        "y": 214.62
      },
      "name": "Cisto Inviável"
    },
    {
      "bounding_box": {
        "h": 39.23,
        "w": 34.02,
        "x": 270.03,
        "y": 173.45
      },
      "name": "Cisto Viável"
    },
    {
      "bounding_box": {
        "h": 22.42,
        "w": 29.22,
        "x": 105.11,
        "y": 201.47
      },
      "name": "Não Cisto"
    }
  ]
}