{
  "dataset": "Cisto",
  "image": {
    "width": 640,
    "height": 480,
    "original_filename": "Cisto454.jpg",
    "filename": "Cisto454.jpg",
    "url": "https://darwin.v7labs.com/api/images/38437816/original",
    "thumbnail_url": "https://darwin.v7labs.com/api/images/38437816/thumbnail",
    "path": "/",
    "workview_url": "https://darwin.v7labs.com/workview?dataset=38016&image=155"
  },
  "annotations": [
    {
      "bounding_box": {
        "h": 64.62,
        "w": 68.37,
        "x": 333.96,
        "y": 272.09
      },
      "name": "Cisto Viável"
    },
    {
      "bounding_box": {
        "h": 24.35,
        "w": 34.65,
        "x": 84.84,
        "y": 98.83
      },
      "name": "Não Cisto"
    },
    {
      "bounding_box": {
        "h": 31.84,
        "w": 30.91,
        "x": 391.09,
        "y": 55.75
      },
      "name": "Não Cisto"
    },
    {
      "bounding_box": {
        "h": 26.22,
        "w": 33.72,
        "x": 327.4,
        "y": 192.49
      },
      "name": "Não Cisto"
    },
    {
      "bounding_box": {
        "h": 28.1,
        "w": 27.16,
        "x": 311.48,
        "y": 306.74
      },
      "name": "Não Cisto"
    },
    {
      "bounding_box": {
        "h": 29.03,
        "w": 52.45,
        "x": 357.37,
        "y": 245.87
      },
      "name": "Não Cisto"
    },
    {
      "bounding_box": {
        "h": 36.53,
        "w": 45.89,
        "x": 169.13,
        "y": 253.36
      },
      "name": "Não Cisto"
    },
    {
      "bounding_box": {
        "h": 42.14,
        "w": 39.33,
        "x": 173.81,
        "y": 383.54
      },
      "name": "Não Cisto"
    },
    {
      "bounding_box": {
        "h": 30.91,
        "w": 41.21,
        "x": 97.01,
        "y": 222.45
      },
      "name": "Não Cisto"
    },
    {
      "bounding_box": {
        "h": 39.33,
        "w": 42.14,
        "x": 74.54,
        "y": 177.5
      },
      "name": "Não Cisto"
    },
    {
      "bounding_box": {
        "h": 23.41,
        "w": 28.1,
        "x": 12.72,
        "y": 303.93
      },
      "name": "Não Cisto"
    },
    {
      "bounding_box": {
        "h": 30.91,
        "w": 37.46,
        "x": 8.98,
        "y": 327.35
      },
      "name": "Não Cisto"
    },
    {
      "bounding_box": {
        "h": 23.41,
        "w": 35.59,
        "x": 72.66,
        "y": 0.49
      },
      "name": "Não Cisto"
    }
  ]
}