{
  "dataset": "Cisto",
  "image": {
    "width": 640,
    "height": 480,
    "original_filename": "Cisto350.jpg",
    "filename": "Cisto350.jpg",
    "url": "https://darwin.v7labs.com/api/images/38437743/original",
    "thumbnail_url": "https://darwin.v7labs.com/api/images/38437743/thumbnail",
    "path": "/",
    "workview_url": "https://darwin.v7labs.com/workview?dataset=38016&image=82"
  },
  "annotations": [
    {
      "bounding_box": {
        "h": 67.53,
        "w": 98.05,
        "x": 198.47,
        "y": 4.08
      },
      "name": "Não Cisto"
    },
    {
      "bounding_box": {
        "h": 33.3,
        "w": 33.3,
        "x": 183.67,
        "y": 128.03
      },
      "name": "Não Cisto"
    },
    {
      "bounding_box": {
        "h": 37.0,
        "w": 37.0,
        "x": 188.3,
        "y": 214.99
      },
      "name": "Não Cisto"
    },
    {
      "bounding_box": {
        "h": 39.78,
        "w": 25.9,
        "x": 194.77,
        "y": 253.84
      },
      "name": "Não Cisto"
    },
    {
      "bounding_box": {
        "h": 22.2,
        "w": 34.23,
        "x": 194.77,
        "y": 448.09
      },
      "name": "Não Cisto"
    },
    {
      "bounding_box": {
        "h": 29.6,
        "w": 49.95,
        "x": 228.07,
        "y": 88.26
      },
      "name": "Não Cisto"
    },
    {
      "bounding_box": {
        "h": 72.15,
        "w": 78.63,
        "x": 223.45,
        "y": 231.64
      },
      "name": "Cisto Viável"
    }
  ]
}