{
  "dataset": "Cisto",
  "image": {
    "width": 640,
    "height": 480,
    "original_filename": "Cisto421.jpg",
    "filename": "Cisto421.jpg",
    "url": "https://darwin.v7labs.com/api/images/38437805/original",
    "thumbnail_url": "https://darwin.v7labs.com/api/images/38437805/thumbnail",
    "path": "/",
    "workview_url": "https://darwin.v7labs.com/workview?dataset=38016&image=144"
  },
  "annotations": [
    {
      "bounding_box": {
        "h": 38.48,
        "w": 44.49,
        "x": 159.32,
        "y": 341.09
      },
      "name": "Não Cisto"
    },
    {
      "bounding_box": {
        "h": 57.72,
        "w": 70.95,
        "x": 122.04,
        "y": 173.94
      },
      "name": "Não Cisto"
    },
    {
      "bounding_box": {
        "h": 67.34,
        "w": 54.11,
        "x": 287.99,
        "y": 81.34
      },
      "name": "Não Cisto"
    },
    {
      "bounding_box": {
        "h": 31.27,
        "w": 39.68,
        "x": 505.65,
        "y": 46.47
      },
      "name": "Não Cisto"
    },
    {
      "bounding_box": {
        "h": 42.09,
        "w": 33.67,
        "x": 574.2,
        "y": 76.53
      },
      "name": "Não Cisto"
    },
    {
      "bounding_box": {
        "h": 46.9,
        "w": 42.09,
        "x": 526.1,
        "y": 193.18
      },
      "name": "Não Cisto"
    },
    {
      "bounding_box": {
        "h": 30.06,
        "w": 33.67,
        "x": 197.8,
        "y": 44.07
      },
      "name": "Não Cisto"
    },
    {
      "bounding_box": {
        "h": 50.51,
        "w": 70.95,
        "x": 300.02,
        "y": 14.0
      },
      "name": "Não Cisto"
    },
    {
      "bounding_box": {
        "h": 176.77,
        "w": 129.87,
        "x": 334.89,
        "y": 223.24
      },
      "name": "Não Cisto"
    },
    {
      "bounding_box": {
        "h": 63.73,
        "w": 48.1,
        "x": 183.37,
        "y": 104.19
      },
      "name": "Cisto Viável"
    }
  ]
}