{
  "dataset": "Cisto",
  "image": {
    "width": 640,
    "height": 480,
    "original_filename": "Cisto27.jpg",
    "filename": "Cisto27.jpg",
    "url": "https://darwin.v7labs.com/api/images/38438140/original",
    "thumbnail_url": "https://darwin.v7labs.com/api/images/38438140/thumbnail",
    "path": "/",
    "workview_url": "https://darwin.v7labs.com/workview?dataset=38016&image=479"
  },
  "annotations": [
    {
      "bounding_box": {
        "h": 52.14,
        "w": 64.41,
        "x": 218.79,
        "y": 236.93
      },
      "name": "Cisto Viável"
    }
  ]
}