{
  "dataset": "Cisto",
  "image": {
    "width": 640,
    "height": 480,
    "original_filename": "Cisto108.jpg",
    "filename": "Cisto108.jpg",
    "url": "https://darwin.v7labs.com/api/images/38437964/original",
    "thumbnail_url": "https://darwin.v7labs.com/api/images/38437964/thumbnail",
    "path": "/",
    "workview_url": "https://darwin.v7labs.com/workview?dataset=38016&image=303"
  },
  "annotations": [
    {
      "bounding_box": {
        "h": 50.61,
        "w": 50.61,
        "x": 148.24,
        "y": 282.17
      },
      "name": "Cisto Viável"
    },
    {
      "bounding_box": {
        "h": 43.71,
        "w": 57.51,
        "x": 325.37,
        "y": 191.69
      },
      "name": "Cisto Viável"
    },
    {
      "bounding_box": {
        "h": 44.47,
        "w": 42.94,
        "x": 477.19,
        "y": 16.87
      },
      "name": "Cisto Viável"
    },
    {
      "bounding_box": {
        "h": 45.24,
        "w": 38.34,
        "x": 569.97,
        "y": 152.59
      },
      "name": "Cisto Viável"
    },
    {
      "bounding_box": {
        "h": 27.6,
        "w": 28.37,
        "x": 471.05,
        "y": 345.05
      },
      "name": "Cisto Viável"
    },
    {
      "bounding_box": {
        "h": 29.57,
        "w": 36.29,
        "x": 280.71,
        "y": 156.49
      },
      "name": "Cisto Viável"
    },
    {
      "bounding_box": {
        "h": 110.18,
        "w": 137.72,
        "x": 108.83,
        "y": 63.94
      },
      "name": "Não Cisto"
    },
    {
      "bounding_box": {
        "h": 89.24,
        "w": 166.37,
        "x": 255.37,
        "y": 96.99
      },
      "name": "Não Cisto"
    },
    {
      "bounding_box": {
        "h": 50.68,
        "w": 52.89,
        "x": 300.55,
        "y": 387.87
      },
      "name": "Não Cisto"
    },
    {
      "bounding_box": {
        "h": 44.07,
        "w": 66.11,
        "x": 280.71,
        "y": 341.59
      },
      "name": "Não Cisto"
    },
    {
      "bounding_box": {
        "h": 67.21,
        "w": 56.19,
        "x": 533.02,
        "y": 231.41
      },
      "name": "Não Cisto"
    }
  ]
}