{
  "dataset": "Cisto",
  "image": {
    "width": 640,
    "height": 480,
    "original_filename": "Cisto450.jpg",
    "filename": "Cisto450.jpg",
    "url": "https://darwin.v7labs.com/api/images/38437872/original",
    "thumbnail_url": "https://darwin.v7labs.com/api/images/38437872/thumbnail",
    "path": "/",
    "workview_url": "https://darwin.v7labs.com/workview?dataset=38016&image=211"
  },
  "annotations": [
    {
      "bounding_box": {
        "h": 52.14,
        "w": 54.44,
        "x": 167.41,
        "y": 230.8
      },
      "name": "Cisto Viável"
    }
  ]
}