{
  "dataset": "Cisto",
  "image": {
    "width": 640,
    "height": 480,
    "original_filename": "Cisto66.jpg",
    "filename": "Cisto66.jpg",
    "url": "https://darwin.v7labs.com/api/images/38438095/original",
    "thumbnail_url": "https://darwin.v7labs.com/api/images/38438095/thumbnail",
    "path": "/",
    "workview_url": "https://darwin.v7labs.com/workview?dataset=38016&image=434"
  },
  "annotations": [
    {
      "bounding_box": {
        "h": 47.54,
        "w": 41.41,
        "x": 260.19,
        "y": 99.68
      },
      "name": "Cisto Viável"
    }
  ]
}