{
  "dataset": "Cisto",
  "image": {
    "width": 640,
    "height": 480,
    "original_filename": "Cisto266.jpg",
    "filename": "Cisto266.jpg",
    "url": "https://darwin.v7labs.com/api/images/38438037/original",
    "thumbnail_url": "https://darwin.v7labs.com/api/images/38438037/thumbnail",
    "path": "/",
    "workview_url": "https://darwin.v7labs.com/workview?dataset=38016&image=376"
  },
  "annotations": [
    {
      "bounding_box": {
        "h": 41.41,
        "w": 55.97,
        "x": 306.96,
        "y": 223.9
      },
      "name": "Cisto Viável"
    }
  ]
}