{
  "dataset": "Cisto",
  "image": {
    "width": 640,
    "height": 480,
    "original_filename": "Cisto344.jpg",
    "filename": "Cisto344.jpg",
    "url": "https://darwin.v7labs.com/api/images/38437699/original",
    "thumbnail_url": "https://darwin.v7labs.com/api/images/38437699/thumbnail",
    "path": "/",
    "workview_url": "https://darwin.v7labs.com/workview?dataset=38016&image=38"
  },
  "annotations": [
    {
      "bounding_box": {
        "h": 58.27,
        "w": 69.01,
        "x": 200.38,
        "y": 249.2
      },
      "name": "Cisto Inviável"
    },
    {
      "bounding_box": {
        "h": 75.91,
        "w": 52.91,
        "x": 186.58,
        "y": 167.16
      },
      "name": "Cisto Viável"
    },
    {
      "bounding_box": {
        "h": 29.9,
        "w": 27.6,
        "x": 157.44,
        "y": 229.27
      },
      "name": "Não Cisto"
    },
    {
      "bounding_box": {
        "h": 30.67,
        "w": 34.5,
        "x": 257.12,
        "y": 341.98
      },
      "name": "Não Cisto"
    },
    {
      "bounding_box": {
        "h": 46.77,
        "w": 29.9,
        "x": 445.75,
        "y": 108.88
      },
      "name": "Não Cisto"
    },
    {
      "bounding_box": {
        "h": 88.18,
        "w": 77.44,
        "x": 543.13,
        "y": 69.78
      },
      "name": "Não Cisto"
    },
    {
      "bounding_box": {
        "h": 70.54,
        "w": 130.35,
        "x": 96.1,
        "y": 6.9
      },
      "name": "Não Cisto"
    }
  ]
}