{
  "dataset": "Cisto",
  "image": {
    "width": 640,
    "height": 480,
    "original_filename": "Cisto233.jpg",
    "filename": "Cisto233.jpg",
    "url": "https://darwin.v7labs.com/api/images/38437988/original",
    "thumbnail_url": "https://darwin.v7labs.com/api/images/38437988/thumbnail",
    "path": "/",
    "workview_url": "https://darwin.v7labs.com/workview?dataset=38016&image=327"
  },
  "annotations": [
    {
      "bounding_box": {
        "h": 74.38,
        "w": 109.65,
        "x": 289.33,
        "y": 151.82
      },
      "name": "Cisto Viável"
    }
  ]
}