{
  "dataset": "Cisto",
  "image": {
    "width": 640,
    "height": 480,
    "original_filename": "Cisto253.jpg",
    "filename": "Cisto253.jpg",
    "url": "https://darwin.v7labs.com/api/images/38438035/original",
    "thumbnail_url": "https://darwin.v7labs.com/api/images/38438035/thumbnail",
    "path": "/",
    "workview_url": "https://darwin.v7labs.com/workview?dataset=38016&image=374"
  },
  "annotations": [
    {
      "bounding_box": {
        "h": 33.74,
        "w": 37.57,
        "x": 195.02,
        "y": 99.68
      },
      "name": "Cisto Viável"
    },
    {
      "bounding_box": {
        "h": 40.64,
        "w": 39.87,
        "x": 233.35,
        "y": 65.94
      },
      "name": "Cisto Viável"
    },
    {
      "bounding_box": {
        "h": 53.67,
        "w": 35.27,
        "x": 290.1,
        "y": 226.96
      },
      "name": "Cisto Viável"
    }
  ]
}