{
  "dataset": "Cisto",
  "image": {
    "width": 640,
    "height": 480,
    "original_filename": "Cisto317.jpg",
    "filename": "Cisto317.jpg",
    "url": "https://darwin.v7labs.com/api/images/38437787/original",
    "thumbnail_url": "https://darwin.v7labs.com/api/images/38437787/thumbnail",
    "path": "/",
    "workview_url": "https://darwin.v7labs.com/workview?dataset=38016&image=126"
  },
  "annotations": [
    {
      "bounding_box": {
        "h": 38.88,
        "w": 35.89,
        "x": 130.89,
        "y": 92.0
      },
      "name": "Não Cisto"
    },
    {
      "bounding_box": {
        "h": 54.83,
        "w": 58.82,
        "x": 302.36,
        "y": 126.89
      },
      "name": "Não Cisto"
    },
    {
      "bounding_box": {
        "h": 39.88,
        "w": 32.9,
        "x": 441.93,
        "y": 80.04
      },
      "name": "Não Cisto"
    },
    {
      "bounding_box": {
        "h": 27.91,
        "w": 31.9,
        "x": 581.51,
        "y": 279.42
      },
      "name": "Não Cisto"
    },
    {
      "bounding_box": {
        "h": 34.89,
        "w": 32.9,
        "x": 585.49,
        "y": 314.32
      },
      "name": "Não Cisto"
    },
    {
      "bounding_box": {
        "h": 44.86,
        "w": 52.84,
        "x": 377.13,
        "y": 399.06
      },
      "name": "Não Cisto"
    },
    {
      "bounding_box": {
        "h": 51.84,
        "w": 55.83,
        "x": 303.36,
        "y": 371.14
      },
      "name": "Não Cisto"
    },
    {
      "bounding_box": {
        "h": 35.89,
        "w": 31.9,
        "x": 23.22,
        "y": 142.84
      },
      "name": "Não Cisto"
    },
    {
      "bounding_box": {
        "h": 22.93,
        "w": 29.91,
        "x": 3.28,
        "y": 271.45
      },
      "name": "Não Cisto"
    },
    {
      "bounding_box": {
        "h": 32.9,
        "w": 58.82,
        "x": 39.17,
        "y": 298.37
      },
      "name": "Não Cisto"
    },
    {
      "bounding_box": {
        "h": 40.87,
        "w": 59.82,
        "x": 126.9,
        "y": 274.44
      },
      "name": "Cisto Inviável"
    },
    {
      "bounding_box": {
        "h": 47.85,
        "w": 81.75,
        "x": 97.99,
        "y": 313.32
      },
      "name": "Cisto Inviável"
    },
    {
      "bounding_box": {
        "h": 60.81,
        "w": 88.73,
        "x": 243.54,
        "y": 252.51
      },
      "name": "Cisto Viável"
    }
  ]
}