{
  "dataset": "Cisto",
  "image": {
    "width": 640,
    "height": 480,
    "original_filename": "Cisto48.jpg",
    "filename": "Cisto48.jpg",
    "url": "https://darwin.v7labs.com/api/images/38438155/original",
    "thumbnail_url": "https://darwin.v7labs.com/api/images/38438155/thumbnail",
    "path": "/",
    "workview_url": "https://darwin.v7labs.com/workview?dataset=38016&image=494"
  },
  "annotations": [
    {
      "bounding_box": {
        "h": 65.94,
        "w": 58.27,
        "x": 195.02,
        "y": 110.42
      },
      "name": "Cisto Inviável"
    },
    {
      "bounding_box": {
        "h": 68.24,
        "w": 50.61,
        "x": 399.74,
        "y": 232.33
      },
      "name": "Cisto Viável"
    }
  ]
}