{
  "dataset": "Cisto",
  "image": {
    "width": 640,
    "height": 480,
    "original_filename": "Cisto113.jpg",
    "filename": "Cisto113.jpg",
    "url": "https://darwin.v7labs.com/api/images/38437976/original",
    "thumbnail_url": "https://darwin.v7labs.com/api/images/38437976/thumbnail",
    "path": "/",
    "workview_url": "https://darwin.v7labs.com/workview?dataset=38016&image=315"
  },
  "annotations": [
    {
      "bounding_box": {
        "h": 71.31,
        "w": 65.18,
        "x": 295.46,
        "y": 90.48
      },
      "name": "Cisto Inviável"
    }
  ]
}