{
  "dataset": "Cisto",
  "image": {
    "width": 640,
    "height": 480,
    "original_filename": "Cisto232.jpg",
    "filename": "Cisto232.jpg",
    "url": "https://darwin.v7labs.com/api/images/38438020/original",
    "thumbnail_url": "https://darwin.v7labs.com/api/images/38438020/thumbnail",
    "path": "/",
    "workview_url": "https://darwin.v7labs.com/workview?dataset=38016&image=359"
  },
  "annotations": [
    {
      "bounding_box": {
        "h": 42.94,
        "w": 37.57,
        "x": 200.38,
        "y": 229.27
      },
      "name": "Cisto Viável"
    },
    {
      "bounding_box": {
        "h": 50.61,
        "w": 45.24,
        "x": 227.99,
        "y": 144.15
      },
      "name": "Cisto Viável"
    },
    {
      "bounding_box": {
        "h": 46.77,
        "w": 39.11,
        "x": 415.85,
        "y": 234.63
      },
      "name": "Cisto Viável"
    }
  ]
}