{
  "dataset": "Cisto",
  "image": {
    "width": 640,
    "height": 480,
    "original_filename": "Cisto423.jpg",
    "filename": "Cisto423.jpg",
    "url": "https://darwin.v7labs.com/api/images/38437820/original",
    "thumbnail_url": "https://darwin.v7labs.com/api/images/38437820/thumbnail",
    "path": "/",
    "workview_url": "https://darwin.v7labs.com/workview?dataset=38016&image=159"
  },
  "annotations": [
    {
      "bounding_box": {
        "h": 46.05,
        "w": 36.49,
        "x": 166.76,
        "y": 96.5
      },
      "name": "Não Cisto"
    },
    {
      "bounding_box": {
        "h": 65.17,
        "w": 100.79,
        "x": 272.76,
        "y": 4.4
      },
      "name": "Não Cisto"
    },
    {
      "bounding_box": {
        "h": 21.72,
        "w": 29.54,
        "x": 24.26,
        "y": 8.74
      },
      "name": "Não Cisto"
    },
    {
      "bounding_box": {
        "h": 39.97,
        "w": 58.21,
        "x": 314.47,
        "y": 116.48
      },
      "name": "Não Cisto"
    },
    {
      "bounding_box": {
        "h": 53.87,
        "w": 61.69,
        "x": 90.3,
        "y": 307.63
      },
      "name": "Não Cisto"
    },
    {
      "bounding_box": {
        "h": 37.36,
        "w": 38.23,
        "x": 78.13,
        "y": 369.32
      },
      "name": "Não Cisto"
    },
    {
      "bounding_box": {
        "h": 32.15,
        "w": 42.57,
        "x": 11.23,
        "y": 419.72
      },
      "name": "Não Cisto"
    },
    {
      "bounding_box": {
        "h": 69.51,
        "w": 41.71,
        "x": 204.99,
        "y": 256.37
      },
      "name": "Não Cisto"
    },
    {
      "bounding_box": {
        "h": 27.8,
        "w": 38.23,
        "x": 297.96,
        "y": 257.24
      },
      "name": "Não Cisto"
    },
    {
      "bounding_box": {
        "h": 57.35,
        "w": 69.51,
        "x": 397.88,
        "y": 182.52
      },
      "name": "Não Cisto"
    },
    {
      "bounding_box": {
        "h": 59.08,
        "w": 39.97,
        "x": 419.6,
        "y": 312.85
      },
      "name": "Não Cisto"
    },
    {
      "bounding_box": {
        "h": 49.53,
        "w": 56.48,
        "x": 459.57,
        "y": 371.93
      },
      "name": "Não Cisto"
    },
    {
      "bounding_box": {
        "h": 48.66,
        "w": 36.49,
        "x": 583.81,
        "y": 306.76
      },
      "name": "Não Cisto"
    },
    {
      "bounding_box": {
        "h": 46.05,
        "w": 64.3,
        "x": 553.4,
        "y": 378.01
      },
      "name": "Não Cisto"
    },
    {
      "bounding_box": {
        "h": 120.77,
        "w": 72.98,
        "x": 244.96,
        "y": 253.76
      },
      "name": "Não Cisto"
    },
    {
      "bounding_box": {
        "h": 48.47,
        "w": 76.89,
        "x": 552.15,
        "y": 432.69
      },
      "name": "Não Cisto"
    },
    {
      "bounding_box": {
        "h": 62.96,
        "w": 59.62,
        "x": 457.44,
        "y": 306.77
      },
      "name": "Não Cisto"
    },
    {
      "bounding_box": {
        "h": 80.42,
        "w": 100.73,
        "x": 229.21,
        "y": 149.01
      },
      "name": "Cisto Viável"
    }
  ]
}