{
  "dataset": "Cisto",
  "image": {
    "width": 640,
    "height": 480,
    "original_filename": "Cisto391.jpg",
    "filename": "Cisto391.jpg",
    "url": "https://darwin.v7labs.com/api/images/38437879/original",
    "thumbnail_url": "https://darwin.v7labs.com/api/images/38437879/thumbnail",
    "path": "/",
    "workview_url": "https://darwin.v7labs.com/workview?dataset=38016&image=218"
  },
  "annotations": [
    {
      "bounding_box": {
        "h": 60.78,
        "w": 54.53,
        "x": 60.74,
        "y": 216.99
      },
      "name": "Cisto Inviável"
    },
    {
      "bounding_box": {
        "h": 47.72,
        "w": 36.92,
        "x": 114.7,
        "y": 227.21
      },
      "name": "Cisto Inviável"
    },
    {
      "bounding_box": {
        "h": 38.63,
        "w": 38.63,
        "x": 119.25,
        "y": 274.93
      },
      "name": "Cisto Viável"
    },
    {
      "bounding_box": {
        "h": 26.7,
        "w": 38.06,
        "x": 67.56,
        "y": 291.97
      },
      "name": "Cisto Viável"
    },
    {
      "bounding_box": {
        "h": 28.4,
        "w": 32.95,
        "x": 64.15,
        "y": 173.82
      },
      "name": "Cisto Viável"
    },
    {
      "bounding_box": {
        "h": 33.51,
        "w": 23.29,
        "x": 22.11,
        "y": 218.12
      },
      "name": "Cisto Viável"
    },
    {
      "bounding_box": {
        "h": 27.27,
        "w": 27.27,
        "x": 222.06,
        "y": 193.13
      },
      "name": "Cisto Viável"
    },
    {
      "bounding_box": {
        "h": 45.44,
        "w": 42.03,
        "x": 270.91,
        "y": 197.1
      },
      "name": "Cisto Viável"
    },
    {
      "bounding_box": {
        "h": 47.72,
        "w": 44.31,
        "x": 450.41,
        "y": 44.87
      },
      "name": "Cisto Viável"
    },
    {
      "bounding_box": {
        "h": 44.31,
        "w": 29.54,
        "x": 428.83,
        "y": 85.2
      },
      "name": "Cisto Viável"
    },
    {
      "bounding_box": {
        "h": 34.78,
        "w": 33.73,
        "x": 337.08,
        "y": 143.36
      },
      "name": "Cisto Viável"
    },
    {
      "bounding_box": {
        "h": 38.47,
        "w": 41.63,
        "x": 227.99,
        "y": 158.64
      },
      "name": "Cisto Inviável"
    },
    {
      "bounding_box": {
        "h": 49.01,
        "w": 58.19,
        "x": 305.53,
        "y": 27.42
      },
      "name": "Cisto Viável"
    },
    {
      "bounding_box": {
        "h": 34.04,
        "w": 25.53,
        "x": 285.6,
        "y": 118.73
      },
      "name": "Cisto Viável"
    },
    {
      "bounding_box": {
        "h": 24.2,
        "w": 24.2,
        "x": 196.58,
        "y": 236.9
      },
      "name": "Cisto Viável"
    },
    {
      "bounding_box": {
        "h": 87.7,
        "w": 112.64,
        "x": 445.7,
        "y": 285.18
      },
      "name": "Não Cisto"
    }
  ]
}