{
  "dataset": "Cisto",
  "image": {
    "width": 640,
    "height": 480,
    "original_filename": "Cisto338.jpg",
    "filename": "Cisto338.jpg",
    "url": "https://darwin.v7labs.com/api/images/38437729/original",
    "thumbnail_url": "https://darwin.v7labs.com/api/images/38437729/thumbnail",
    "path": "/",
    "workview_url": "https://darwin.v7labs.com/workview?dataset=38016&image=68"
  },
  "annotations": [
    {
      "bounding_box": {
        "h": 44.22,
        "w": 37.67,
        "x": 196.9,
        "y": 151.28
      },
      "name": "Cisto Viável"
    },
    {
      "bounding_box": {
        "h": 43.66,
        "w": 48.8,
        "x": 258.34,
        "y": 40.06
      },
      "name": "Cisto Viável"
    },
    {
      "bounding_box": {
        "h": 40.24,
        "w": 65.06,
        "x": 110.23,
        "y": 292.62
      },
      "name": "Cisto Inviável"
    },
    {
      "bounding_box": {
        "h": 33.84,
        "w": 26.2,
        "x": 344.2,
        "y": 286.68
      },
      "name": "Cisto Viável"
    },
    {
      "bounding_box": {
        "h": 40.74,
        "w": 37.83,
        "x": 12.31,
        "y": 247.45
      },
      "name": "Não Cisto"
    },
    {
      "bounding_box": {
        "h": 21.83,
        "w": 25.85,
        "x": 37.25,
        "y": 98.93
      },
      "name": "Não Cisto"
    },
    {
      "bounding_box": {
        "h": 28.15,
        "w": 32.17,
        "x": 147.55,
        "y": 81.12
      },
      "name": "Não Cisto"
    },
    {
      "bounding_box": {
        "h": 54.0,
        "w": 70.09,
        "x": 225.4,
        "y": 91.75
      },
      "name": "Não Cisto"
    },
    {
      "bounding_box": {
        "h": 30.81,
        "w": 43.47,
        "x": 93.72,
        "y": 32.13
      },
      "name": "Não Cisto"
    },
    {
      "bounding_box": {
        "h": 25.86,
        "w": 37.42,
        "x": 214.22,
        "y": 28.83
      },
      "name": "Não Cisto"
    },
    {
      "bounding_box": {
        "h": 37.42,
        "w": 41.27,
        "x": 215.32,
        "y": 56.34
      },
      "name": "Não Cisto"
    },
    {
      "bounding_box": {
        "h": 32.46,
        "w": 28.06,
        "x": 290.7,
        "y": 22.22
      },
      "name": "Não Cisto"
    },
    {
      "bounding_box": {
        "h": 24.21,
        "w": 32.46,
        "x": 305.01,
        "y": 100.91
      },
      "name": "Não Cisto"
    },
    {
      "bounding_box": {
        "h": 51.72,
        "w": 62.73,
        "x": 351.78,
        "y": 150.98
      },
      "name": "Não Cisto"
    },
    {
      "bounding_box": {
        "h": 28.06,
        "w": 34.11,
        "x": 357.28,
        "y": 232.41
      },
      "name": "Não Cisto"
    },
    {
      "bounding_box": {
        "h": 105.1,
        "w": 51.65,
        "x": 237.37,
        "y": 275.18
      },
      "name": "Não Cisto"
    },
    {
      "bounding_box": {
        "h": 43.24,
        "w": 57.65,
        "x": 352.67,
        "y": 260.16
      },
      "name": "Não Cisto"
    },
    {
      "bounding_box": {
        "h": 44.44,
        "w": 29.43,
        "x": 356.87,
        "y": 356.85
      },
      "name": "Não Cisto"
    },
    {
      "bounding_box": {
        "h": 33.03,
        "w": 28.83,
        "x": 391.71,
        "y": 401.29
      },
      "name": "Não Cisto"
    },
    {
      "bounding_box": {
        "h": 36.63,
        "w": 22.82,
        "x": 321.44,
        "y": 382.07
      },
      "name": "Não Cisto"
    },
    {
      "bounding_box": {
        "h": 103.52,
        "w": 85.85,
        "x": 376.53,
        "y": 62.67
      },
      "name": "Não Cisto"
    },
    {
      "bounding_box": {
        "h": 43.76,
        "w": 43.76,
        "x": 522.13,
        "y": 184.7
      },
      "name": "Não Cisto"
    },
    {
      "bounding_box": {
        "h": 71.54,
        "w": 137.19,
        "x": 429.55,
        "y": 284.86
      },
      "name": "Não Cisto"
    },
    {
      "bounding_box": {
        "h": 58.91,
        "w": 47.13,
        "x": 384.95,
        "y": 332.83
      },
      "name": "Não Cisto"
    },
    {
      "bounding_box": {
        "h": 136.45,
        "w": 54.38,
        "x": 268.29,
        "y": 147.52
      },
      "name": "Não Cisto"
    }
  ]
}