{
  "dataset": "Cisto",
  "image": {
    "width": 640,
    "height": 480,
    "original_filename": "Cisto429.jpg",
    "filename": "Cisto429.jpg",
    "url": "https://darwin.v7labs.com/api/images/38437815/original",
    "thumbnail_url": "https://darwin.v7labs.com/api/images/38437815/thumbnail",
    "path": "/",
    "workview_url": "https://darwin.v7labs.com/workview?dataset=38016&image=154"
  },
  "annotations": [
    {
      "bounding_box": {
        "h": 44.63,
        "w": 34.39,
        "x": 222.12,
        "y": 301.07
      },
      "name": "Não Cisto"
    },
    {
      "bounding_box": {
        "h": 25.61,
        "w": 35.12,
        "x": 333.32,
        "y": 330.34
      },
      "name": "Não Cisto"
    },
    {
      "bounding_box": {
        "h": 35.85,
        "w": 49.75,
        "x": 328.2,
        "y": 113.05
      },
      "name": "Não Cisto"
    },
    {
      "bounding_box": {
        "h": 28.53,
        "w": 34.39,
        "x": 352.35,
        "y": 44.27
      },
      "name": "Não Cisto"
    },
    {
      "bounding_box": {
        "h": 38.04,
        "w": 38.78,
        "x": 538.91,
        "y": 365.46
      },
      "name": "Não Cisto"
    },
    {
      "bounding_box": {
        "h": 63.14,
        "w": 72.3,
        "x": 439.06,
        "y": 332.33
      },
      "name": "Não Cisto"
    },
    {
      "bounding_box": {
        "h": 47.05,
        "w": 71.48,
        "x": 185.55,
        "y": 92.66
      },
      "name": "Cisto Viável"
    },
    {
      "bounding_box": {
        "h": 79.63,
        "w": 59.72,
        "x": 491.39,
        "y": 380.4
      },
      "name": "Cisto Viável"
    }
  ]
}