{
  "dataset": "Cisto",
  "image": {
    "width": 640,
    "height": 480,
    "original_filename": "Cisto172.jpg",
    "filename": "Cisto172.jpg",
    "url": "https://darwin.v7labs.com/api/images/38437953/original",
    "thumbnail_url": "https://darwin.v7labs.com/api/images/38437953/thumbnail",
    "path": "/",
    "workview_url": "https://darwin.v7labs.com/workview?dataset=38016&image=292"
  },
  "annotations": [
    {
      "bounding_box": {
        "h": 67.48,
        "w": 62.88,
        "x": 468.75,
        "y": 269.14
      },
      "name": "Cisto Viável"
    },
    {
      "bounding_box": {
        "h": 56.74,
        "w": 50.61,
        "x": 208.05,
        "y": 113.48
      },
      "name": "Cisto Viável"
    },
    {
      "bounding_box": {
        "h": 24.54,
        "w": 29.14,
        "x": 174.31,
        "y": 29.14
      },
      "name": "Cisto Viável"
    },
    {
      "bounding_box": {
        "h": 38.62,
        "w": 43.19,
        "x": 266.06,
        "y": 328.83
      },
      "name": "Cisto Viável"
    },
    {
      "bounding_box": {
        "h": 43.93,
        "w": 40.95,
        "x": 287.51,
        "y": 186.34
      },
      "name": "Cisto Inviável"
    },
    {
      "bounding_box": {
        "h": 41.27,
        "w": 40.07,
        "x": 241.5,
        "y": 84.87
      },
      "name": "Não Cisto"
    },
    {
      "bounding_box": {
        "h": 26.05,
        "w": 25.24,
        "x": 279.17,
        "y": 146.58
      },
      "name": "Não Cisto"
    },
    {
      "bounding_box": {
        "h": 34.46,
        "w": 25.24,
        "x": 402.59,
        "y": 114.93
      },
      "name": "Não Cisto"
    },
    {
      "bounding_box": {
        "h": 32.69,
        "w": 36.32,
        "x": 124.06,
        "y": 105.23
      },
      "name": "Não Cisto"
    },
    {
      "bounding_box": {
        "h": 40.41,
        "w": 39.5,
        "x": 125.87,
        "y": 64.82
      },
      "name": "Não Cisto"
    },
    {
      "bounding_box": {
        "h": 33.15,
        "w": 30.88,
        "x": 85.46,
        "y": 208.75
      },
      "name": "Não Cisto"
    },
    {
      "bounding_box": {
        "h": 49.49,
        "w": 32.69,
        "x": 144.94,
        "y": 259.61
      },
      "name": "Não Cisto"
    }
  ]
}