{
  "dataset": "Cisto",
  "image": {
    "width": 640,
    "height": 480,
    "original_filename": "Cisto415.jpg",
    "filename": "Cisto415.jpg",
    "url": "https://darwin.v7labs.com/api/images/38437854/original",
    "thumbnail_url": "https://darwin.v7labs.com/api/images/38437854/thumbnail",
    "path": "/",
    "workview_url": "https://darwin.v7labs.com/workview?dataset=38016&image=193"
  },
  "annotations": [
    {
      "bounding_box": {
        "h": 40.0,
        "w": 53.05,
        "x": 7.38,
        "y": 201.0
      },
      "name": "Cisto Inviável"
    },
    {
      "bounding_box": {
        "h": 53.05,
        "w": 62.03,
        "x": 288.98,
        "y": 147.94
      },
      "name": "Cisto Viável"
    },
    {
      "bounding_box": {
        "h": 40.0,
        "w": 46.52,
        "x": 234.29,
        "y": 243.44
      },
      "name": "Cisto Viável"
    },
    {
      "bounding_box": {
        "h": 36.73,
        "w": 50.61,
        "x": 502.02,
        "y": 394.44
      },
      "name": "Cisto Viável"
    },
    {
      "bounding_box": {
        "h": 31.02,
        "w": 57.14,
        "x": 241.64,
        "y": 120.19
      },
      "name": "Cisto Viável"
    },
    {
      "bounding_box": {
        "h": 24.49,
        "w": 35.1,
        "x": 146.96,
        "y": 285.07
      },
      "name": "Cisto Viável"
    },
    {
      "bounding_box": {
        "h": 22.85,
        "w": 35.1,
        "x": 35.14,
        "y": 178.14
      },
      "name": "Não Cisto"
    },
    {
      "bounding_box": {
        "h": 29.38,
        "w": 34.28,
        "x": 146.96,
        "y": 192.83
      },
      "name": "Não Cisto"
    },
    {
      "bounding_box": {
        "h": 54.69,
        "w": 49.79,
        "x": 80.84,
        "y": 81.01
      },
      "name": "Não Cisto"
    },
    {
      "bounding_box": {
        "h": 36.73,
        "w": 40.0,
        "x": 262.86,
        "y": 86.72
      },
      "name": "Não Cisto"
    },
    {
      "bounding_box": {
        "h": 36.73,
        "w": 43.26,
        "x": 304.49,
        "y": 108.76
      },
      "name": "Não Cisto"
    },
    {
      "bounding_box": {
        "h": 42.44,
        "w": 43.26,
        "x": 218.79,
        "y": 368.32
      },
      "name": "Não Cisto"
    },
    {
      "bounding_box": {
        "h": 53.05,
        "w": 87.34,
        "x": 307.75,
        "y": 368.32
      },
      "name": "Não Cisto"
    }
  ]
}