{
  "dataset": "Cisto",
  "image": {
    "width": 640,
    "height": 480,
    "original_filename": "Cisto57.jpg",
    "filename": "Cisto57.jpg",
    "url": "https://darwin.v7labs.com/api/images/38438135/original",
    "thumbnail_url": "https://darwin.v7labs.com/api/images/38438135/thumbnail",
    "path": "/",
    "workview_url": "https://darwin.v7labs.com/workview?dataset=38016&image=474"
  },
  "annotations": [
    {
      "bounding_box": {
        "h": 52.91,
        "w": 77.44,
        "x": 279.36,
        "y": 136.49
      },
      "name": "Cisto Inviável"
    },
    {
      "bounding_box": {
        "h": 41.41,
        "w": 65.94,
        "x": 395.14,
        "y": 172.52
      },
      "name": "Cisto Inviável"
    },
    {
      "bounding_box": {
        "h": 38.36,
        "w": 56.03,
        "x": 353.97,
        "y": 157.66
      },
      "name": "Cisto Viável"
    },
    {
      "bounding_box": {
        "h": 37.98,
        "w": 52.65,
        "x": 410.0,
        "y": 214.82
      },
      "name": "Cisto Viável"
    },
    {
      "bounding_box": {
        "h": 46.25,
        "w": 49.26,
        "x": 351.34,
        "y": 239.26
      },
      "name": "Cisto Viável"
    },
    {
      "bounding_box": {
        "h": 67.69,
        "w": 38.73,
        "x": 397.97,
        "y": 242.27
      },
      "name": "Cisto Viável"
    },
    {
      "bounding_box": {
        "h": 33.67,
        "w": 31.8,
        "x": 472.27,
        "y": 20.44
      },
      "name": "Não Cisto"
    },
    {
      "bounding_box": {
        "h": 35.54,
        "w": 43.64,
        "x": 408.05,
        "y": 103.99
      },
      "name": "Não Cisto"
    },
    {
      "bounding_box": {
        "h": 40.81,
        "w": 42.59,
        "x": 375.38,
        "y": 126.45
      },
      "name": "Cisto Inviável"
    }
  ]
}