{
  "dataset": "Cisto",
  "image": {
    "width": 640,
    "height": 480,
    "original_filename": "Cisto75.jpg",
    "filename": "Cisto75.jpg",
    "url": "https://darwin.v7labs.com/api/images/38437917/original",
    "thumbnail_url": "https://darwin.v7labs.com/api/images/38437917/thumbnail",
    "path": "/",
    "workview_url": "https://darwin.v7labs.com/workview?dataset=38016&image=256"
  },
  "annotations": [
    {
      "bounding_box": {
        "h": 31.45,
        "w": 35.15,
        "x": 214.6,
        "y": 127.67
      },
      "name": "Cisto Viável"
    },
    {
      "bounding_box": {
        "h": 68.44,
        "w": 46.25,
        "x": 346.86,
        "y": 310.81
      },
      "name": "Cisto Viável"
    },
    {
      "bounding_box": {
        "h": 47.17,
        "w": 62.89,
        "x": 301.54,
        "y": 162.82
      },
      "name": "Cisto Viável"
    },
    {
      "bounding_box": {
        "h": 31.45,
        "w": 27.75,
        "x": 391.26,
        "y": 179.47
      },
      "name": "Cisto Viável"
    },
    {
      "bounding_box": {
        "h": 38.85,
        "w": 53.64,
        "x": 238.65,
        "y": 144.32
      },
      "name": "Cisto Inviável"
    },
    {
      "bounding_box": {
        "h": 40.7,
        "w": 49.02,
        "x": 90.66,
        "y": 403.3
      },
      "name": "Cisto Viável"
    },
    {
      "bounding_box": {
        "h": 79.54,
        "w": 89.72,
        "x": 105.46,
        "y": 322.83
      },
      "name": "Não Cisto"
    },
    {
      "bounding_box": {
        "h": 64.74,
        "w": 99.89,
        "x": 297.84,
        "y": 410.7
      },
      "name": "Não Cisto"
    },
    {
      "bounding_box": {
        "h": 60.12,
        "w": 137.81,
        "x": 482.82,
        "y": 414.4
      },
      "name": "Não Cisto"
    },
    {
      "bounding_box": {
        "h": 52.72,
        "w": 97.12,
        "x": 419.93,
        "y": 177.62
      },
      "name": "Não Cisto"
    },
    {
      "bounding_box": {
        "h": 38.85,
        "w": 109.14,
        "x": 171.13,
        "y": 172.07
      },
      "name": "Não Cisto"
    },
    {
      "bounding_box": {
        "h": 51.79,
        "w": 88.79,
        "x": 34.24,
        "y": 234.04
      },
      "name": "Não Cisto"
    }
  ]
}