{
  "dataset": "Cisto",
  "image": {
    "width": 640,
    "height": 480,
    "original_filename": "Cisto111.jpg",
    "filename": "Cisto111.jpg",
    "url": "https://darwin.v7labs.com/api/images/38437887/original",
    "thumbnail_url": "https://darwin.v7labs.com/api/images/38437887/thumbnail",
    "path": "/",
    "workview_url": "https://darwin.v7labs.com/workview?dataset=38016&image=226"
  },
  "annotations": [
    {
      "bounding_box": {
        "h": 34.19,
        "w": 43.27,
        "x": 203.47,
        "y": 96.3
      },
      "name": "Não Cisto"
    },
    {
      "bounding_box": {
        "h": 32.58,
        "w": 42.2,
        "x": 122.81,
        "y": 58.38
      },
      "name": "Não Cisto"
    },
    {
      "bounding_box": {
        "h": 57.64,
        "w": 41.92,
        "x": 157.65,
        "y": 373.76
      },
      "name": "Cisto Viável"
    },
    {
      "bounding_box": {
        "h": 67.37,
        "w": 44.17,
        "x": 64.08,
        "y": 303.39
      },
      "name": "Cisto Viável"
    },
    {
      "bounding_box": {
        "h": 28.45,
        "w": 31.44,
        "x": 145.68,
        "y": 202.33
      },
      "name": "Cisto Inviável"
    },
    {
      "bounding_box": {
        "h": 52.4,
        "w": 56.89,
        "x": 288.66,
        "y": 316.12
      },
      "name": "Cisto Inviável"
    }
  ]
}