{
  "dataset": "Cisto",
  "image": {
    "width": 640,
    "height": 480,
    "original_filename": "Cisto318.jpg",
    "filename": "Cisto318.jpg",
    "url": "https://darwin.v7labs.com/api/images/38437776/original",
    "thumbnail_url": "https://darwin.v7labs.com/api/images/38437776/thumbnail",
    "path": "/",
    "workview_url": "https://darwin.v7labs.com/workview?dataset=38016&image=115"
  },
  "annotations": [
    {
      "bounding_box": {
        "h": 55.21,
        "w": 43.71,
        "x": 421.98,
        "y": 220.06
      },
      "name": "Cisto Viável"
    },
    {
      "bounding_box": {
        "h": 47.54,
        "w": 46.01,
        "x": 53.93,
        "y": 295.21
      },
      "name": "Não Cisto"
    },
    {
      "bounding_box": {
        "h": 23.77,
        "w": 19.17,
        "x": 111.44,
        "y": 280.64
      },
      "name": "Não Cisto"
    },
    {
      "bounding_box": {
        "h": 23.77,
        "w": 32.2,
        "x": 157.44,
        "y": 274.5
      },
      "name": "Não Cisto"
    },
    {
      "bounding_box": {
        "h": 42.17,
        "w": 41.41,
        "x": 171.25,
        "y": 321.28
      },
      "name": "Não Cisto"
    },
    {
      "bounding_box": {
        "h": 49.07,
        "w": 48.31,
        "x": 225.69,
        "y": 381.09
      },
      "name": "Não Cisto"
    },
    {
      "bounding_box": {
        "h": 33.74,
        "w": 154.89,
        "x": 333.04,
        "y": 289.84
      },
      "name": "Não Cisto"
    },
    {
      "bounding_box": {
        "h": 62.88,
        "w": 73.61,
        "x": 550.03,
        "y": 82.81
      },
      "name": "Não Cisto"
    },
    {
      "bounding_box": {
        "h": 38.34,
        "w": 64.41,
        "x": 550.03,
        "y": 0.77
      },
      "name": "Não Cisto"
    },
    {
      "bounding_box": {
        "h": 97.38,
        "w": 90.48,
        "x": 456.49,
        "y": 101.21
      },
      "name": "Não Cisto"
    },
    {
      "bounding_box": {
        "h": 118.85,
        "w": 143.39,
        "x": 316.93,
        "y": 84.35
      },
      "name": "Não Cisto"
    },
    {
      "bounding_box": {
        "h": 27.6,
        "w": 45.24,
        "x": 286.26,
        "y": 190.16
      },
      "name": "Não Cisto"
    },
    {
      "bounding_box": {
        "h": 40.64,
        "w": 42.17,
        "x": 202.68,
        "y": 200.13
      },
      "name": "Não Cisto"
    },
    {
      "bounding_box": {
        "h": 63.64,
        "w": 62.88,
        "x": 221.85,
        "y": 235.4
      },
      "name": "Não Cisto"
    },
    {
      "bounding_box": {
        "h": 41.41,
        "w": 42.17,
        "x": 129.84,
        "y": 223.9
      },
      "name": "Não Cisto"
    },
    {
      "bounding_box": {
        "h": 132.65,
        "w": 92.78,
        "x": 27.86,
        "y": 132.65
      },
      "name": "Não Cisto"
    },
    {
      "bounding_box": {
        "h": 27.6,
        "w": 21.47,
        "x": 16.36,
        "y": 207.03
      },
      "name": "Não Cisto"
    }
  ]
}