{
  "dataset": "Cisto",
  "image": {
    "width": 640,
    "height": 480,
    "original_filename": "Cisto204.jpg",
    "filename": "Cisto204.jpg",
    "url": "https://darwin.v7labs.com/api/images/38437969/original",
    "thumbnail_url": "https://darwin.v7labs.com/api/images/38437969/thumbnail",
    "path": "/",
    "workview_url": "https://darwin.v7labs.com/workview?dataset=38016&image=308"
  },
  "annotations": [
    {
      "bounding_box": {
        "h": 63.67,
        "w": 41.63,
        "x": 316.98,
        "y": 201.8
      },
      "name": "Cisto Inviável"
    },
    {
      "bounding_box": {
        "h": 61.57,
        "w": 49.51,
        "x": 443.37,
        "y": 338.04
      },
      "name": "Cisto Inviável"
    },
    {
      "bounding_box": {
        "h": 50.13,
        "w": 62.32,
        "x": 543.13,
        "y": 96.66
      },
      "name": "Cisto Inviável"
    },
    {
      "bounding_box": {
        "h": 41.32,
        "w": 57.58,
        "x": 532.97,
        "y": 317.48
      },
      "name": "Cisto Inviável"
    },
    {
      "bounding_box": {
        "h": 47.84,
        "w": 46.1,
        "x": 335.39,
        "y": 31.54
      },
      "name": "Cisto Viável"
    },
    {
      "bounding_box": {
        "h": 40.88,
        "w": 50.45,
        "x": 298.86,
        "y": 59.37
      },
      "name": "Cisto Viável"
    },
    {
      "bounding_box": {
        "h": 52.19,
        "w": 55.66,
        "x": 177.97,
        "y": 125.48
      },
      "name": "Cisto Viável"
    },
    {
      "bounding_box": {
        "h": 39.14,
        "w": 63.49,
        "x": 29.24,
        "y": 204.62
      },
      "name": "Cisto Viável"
    },
    {
      "bounding_box": {
        "h": 38.27,
        "w": 60.88,
        "x": 245.81,
        "y": 198.54
      },
      "name": "Cisto Viável"
    },
    {
      "bounding_box": {
        "h": 43.49,
        "w": 49.58,
        "x": 364.97,
        "y": 349.0
      },
      "name": "Cisto Viável"
    },
    {
      "bounding_box": {
        "h": 30.6,
        "w": 38.51,
        "x": 154.68,
        "y": 315.4
      },
      "name": "Cisto Viável"
    }
  ]
}