{
  "dataset": "Cisto",
  "image": {
    "width": 640,
    "height": 480,
    "original_filename": "Cisto322.jpg",
    "filename": "Cisto322.jpg",
    "url": "https://darwin.v7labs.com/api/images/38437768/original",
    "thumbnail_url": "https://darwin.v7labs.com/api/images/38437768/thumbnail",
    "path": "/",
    "workview_url": "https://darwin.v7labs.com/workview?dataset=38016&image=107"
  },
  "annotations": [
    {
      "bounding_box": {
        "h": 45.24,
        "w": 47.54,
        "x": 333.8,
        "y": 141.85
      },
      "name": "Cisto Viável"
    },
    {
      "bounding_box": {
        "h": 30.67,
        "w": 29.9,
        "x": 79.23,
        "y": 75.91
      },
      "name": "Não Cisto"
    },
    {
      "bounding_box": {
        "h": 39.87,
        "w": 45.24,
        "x": 206.52,
        "y": 74.38
      },
      "name": "Não Cisto"
    },
    {
      "bounding_box": {
        "h": 33.74,
        "w": 26.07,
        "x": 270.93,
        "y": 29.14
      },
      "name": "Não Cisto"
    },
    {
      "bounding_box": {
        "h": 30.67,
        "w": 23.77,
        "x": 384.41,
        "y": 71.31
      },
      "name": "Não Cisto"
    },
    {
      "bounding_box": {
        "h": 17.64,
        "w": 20.7,
        "x": 495.59,
        "y": 28.37
      },
      "name": "Não Cisto"
    },
    {
      "bounding_box": {
        "h": 25.3,
        "w": 32.2,
        "x": 468.75,
        "y": 2.3
      },
      "name": "Não Cisto"
    },
    {
      "bounding_box": {
        "h": 36.04,
        "w": 37.57,
        "x": 492.52,
        "y": 93.55
      },
      "name": "Não Cisto"
    },
    {
      "bounding_box": {
        "h": 24.54,
        "w": 51.37,
        "x": 513.23,
        "y": 121.15
      },
      "name": "Não Cisto"
    },
    {
      "bounding_box": {
        "h": 29.9,
        "w": 43.71,
        "x": 546.96,
        "y": 78.98
      },
      "name": "Não Cisto"
    },
    {
      "bounding_box": {
        "h": 26.84,
        "w": 37.57,
        "x": 460.32,
        "y": 137.25
      },
      "name": "Não Cisto"
    },
    {
      "bounding_box": {
        "h": 33.74,
        "w": 27.6,
        "x": 428.88,
        "y": 188.63
      },
      "name": "Não Cisto"
    },
    {
      "bounding_box": {
        "h": 68.24,
        "w": 95.85,
        "x": 118.34,
        "y": 240.77
      },
      "name": "Não Cisto"
    },
    {
      "bounding_box": {
        "h": 31.44,
        "w": 30.67,
        "x": 216.49,
        "y": 284.47
      },
      "name": "Não Cisto"
    },
    {
      "bounding_box": {
        "h": 32.2,
        "w": 42.94,
        "x": 276.29,
        "y": 258.4
      },
      "name": "Não Cisto"
    },
    {
      "bounding_box": {
        "h": 58.27,
        "w": 44.47,
        "x": 262.49,
        "y": 301.34
      },
      "name": "Não Cisto"
    },
    {
      "bounding_box": {
        "h": 36.04,
        "w": 30.67,
        "x": 80.0,
        "y": 312.08
      },
      "name": "Não Cisto"
    },
    {
      "bounding_box": {
        "h": 30.67,
        "w": 35.27,
        "x": 205.75,
        "y": 440.89
      },
      "name": "Não Cisto"
    },
    {
      "bounding_box": {
        "h": 46.01,
        "w": 42.94,
        "x": 553.1,
        "y": 139.55
      },
      "name": "Não Cisto"
    },
    {
      "bounding_box": {
        "h": 30.67,
        "w": 23.0,
        "x": 599.87,
        "y": 149.52
      },
      "name": "Não Cisto"
    },
    {
      "bounding_box": {
        "h": 23.77,
        "w": 48.31,
        "x": 589.9,
        "y": 335.85
      },
      "name": "Não Cisto"
    },
    {
      "bounding_box": {
        "h": 29.9,
        "w": 34.5,
        "x": 494.82,
        "y": 169.46
      },
      "name": "Não Cisto"
    }
  ]
}