{
  "dataset": "Cisto",
  "image": {
    "width": 640,
    "height": 480,
    "original_filename": "Cisto49.jpg",
    "filename": "Cisto49.jpg",
    "url": "https://darwin.v7labs.com/api/images/38438132/original",
    "thumbnail_url": "https://darwin.v7labs.com/api/images/38438132/thumbnail",
    "path": "/",
    "workview_url": "https://darwin.v7labs.com/workview?dataset=38016&image=471"
  },
  "annotations": [
    {
      "bounding_box": {
        "h": 73.61,
        "w": 59.04,
        "x": 280.89,
        "y": 354.25
      },
      "name": "Cisto Viável"
    },
    {
      "bounding_box": {
        "h": 49.07,
        "w": 42.17,
        "x": 338.4,
        "y": 75.91
      },
      "name": "Cisto Viável"
    },
    {
      "bounding_box": {
        "h": 58.27,
        "w": 53.67,
        "x": 188.88,
        "y": 210.1
      },
      "name": "Não Cisto"
    },
    {
      "bounding_box": {
        "h": 82.81,
        "w": 83.58,
        "x": 287.03,
        "y": 286.01
      },
      "name": "Não Cisto"
    },
    {
      "bounding_box": {
        "h": 45.24,
        "w": 53.67,
        "x": 332.27,
        "y": 112.72
      },
      "name": "Não Cisto"
    }
  ]
}