{
  "dataset": "Cisto",
  "image": {
    "width": 640,
    "height": 480,
    "original_filename": "Cisto43.jpg",
    "filename": "Cisto43.jpg",
    "url": "https://darwin.v7labs.com/api/images/38438121/original",
    "thumbnail_url": "https://darwin.v7labs.com/api/images/38438121/thumbnail",
    "path": "/",
    "workview_url": "https://darwin.v7labs.com/workview?dataset=38016&image=460"
  },
  "annotations": [
    {
      "bounding_box": {
        "h": 52.13,
        "w": 52.13,
        "x": 271.47,
        "y": 75.13
      },
      "name": "Cisto Viável"
    },
    {
      "bounding_box": {
        "h": 40.89,
        "w": 40.89,
        "x": 420.71,
        "y": 15.85
      },
      "name": "Cisto Viável"
    },
    {
      "bounding_box": {
        "h": 32.71,
        "w": 57.24,
        "x": 438.09,
        "y": -4.6
      },
      "name": "Cisto Viável"
    },
    {
      "bounding_box": {
        "h": 74.11,
        "w": 80.49,
        "x": 503.27,
        "y": 49.65
      },
      "name": "Não Cisto"
    }
  ]
}