{
  "dataset": "Cisto",
  "image": {
    "width": 640,
    "height": 480,
    "original_filename": "Cisto458.jpg",
    "filename": "Cisto458.jpg",
    "url": "https://darwin.v7labs.com/api/images/38437855/original",
    "thumbnail_url": "https://darwin.v7labs.com/api/images/38437855/thumbnail",
    "path": "/",
    "workview_url": "https://darwin.v7labs.com/workview?dataset=38016&image=194"
  },
  "annotations": [
    {
      "bounding_box": {
        "h": 44.32,
        "w": 52.08,
        "x": 238.21,
        "y": 171.91
      },
      "name": "Cisto Viável"
    },
    {
      "bounding_box": {
        "h": 27.03,
        "w": 31.3,
        "x": 17.69,
        "y": 154.83
      },
      "name": "Cisto Viável"
    },
    {
      "bounding_box": {
        "h": 56.91,
        "w": 59.75,
        "x": 480.08,
        "y": 321.29
      },
      "name": "Cisto Viável"
    },
    {
      "bounding_box": {
        "h": 44.1,
        "w": 42.68,
        "x": 238.21,
        "y": 388.16
      },
      "name": "Cisto Viável"
    },
    {
      "bounding_box": {
        "h": 41.26,
        "w": 41.97,
        "x": 199.8,
        "y": 302.8
      },
      "name": "Cisto Viável"
    },
    {
      "bounding_box": {
        "h": 34.15,
        "w": 34.15,
        "x": 548.37,
        "y": 212.45
      },
      "name": "Cisto Viável"
    },
    {
      "bounding_box": {
        "h": 31.3,
        "w": 49.08,
        "x": 300.82,
        "y": 127.8
      },
      "name": "Cisto Inviável"
    },
    {
      "bounding_box": {
        "h": 62.11,
        "w": 62.88,
        "x": 527.7,
        "y": 121.53
      },
      "name": "Cisto Inviável"
    },
    {
      "bounding_box": {
        "h": 49.07,
        "w": 55.21,
        "x": 349.04,
        "y": 168.3
      },
      "name": "Cisto Inviável"
    }
  ]
}