{
  "dataset": "Cisto",
  "image": {
    "width": 640,
    "height": 480,
    "original_filename": "Cisto235.jpg",
    "filename": "Cisto235.jpg",
    "url": "https://darwin.v7labs.com/api/images/38438029/original",
    "thumbnail_url": "https://darwin.v7labs.com/api/images/38438029/thumbnail",
    "path": "/",
    "workview_url": "https://darwin.v7labs.com/workview?dataset=38016&image=368"
  },
  "annotations": [
    {
      "bounding_box": {
        "h": 51.37,
        "w": 50.61,
        "x": 315.4,
        "y": 184.03
      },
      "name": "Cisto Viável"
    },
    {
      "bounding_box": {
        "h": 63.64,
        "w": 55.21,
        "x": 444.98,
        "y": 217.0
      },
      "name": "Cisto Viável"
    },
    {
      "bounding_box": {
        "h": 34.5,
        "w": 43.71,
        "x": 95.34,
        "y": 344.28
      },
      "name": "Cisto Viável"
    },
    {
      "bounding_box": {
        "h": 50.61,
        "w": 42.94,
        "x": 106.07,
        "y": 374.95
      },
      "name": "Cisto Viável"
    },
    {
      "bounding_box": {
        "h": 39.87,
        "w": 47.54,
        "x": 471.05,
        "y": 437.83
      },
      "name": "Cisto Inviável"
    }
  ]
}