{
  "dataset": "Cisto",
  "image": {
    "width": 640,
    "height": 480,
    "original_filename": "Cisto437.jpg",
    "filename": "Cisto437.jpg",
    "url": "https://darwin.v7labs.com/api/images/38437802/original",
    "thumbnail_url": "https://darwin.v7labs.com/api/images/38437802/thumbnail",
    "path": "/",
    "workview_url": "https://darwin.v7labs.com/workview?dataset=38016&image=141"
  },
  "annotations": [
    {
      "bounding_box": {
        "h": 52.9,
        "w": 64.47,
        "x": 96.28,
        "y": 275.4
      },
      "name": "Cisto Viável"
    },
    {
      "bounding_box": {
        "h": 45.46,
        "w": 56.2,
        "x": 276.46,
        "y": 285.32
      },
      "name": "Cisto Viável"
    },
    {
      "bounding_box": {
        "h": 65.96,
        "w": 49.12,
        "x": 344.99,
        "y": 184.12
      },
      "name": "Cisto Inviável"
    },
    {
      "bounding_box": {
        "h": 47.36,
        "w": 43.15,
        "x": 208.51,
        "y": 140.96
      },
      "name": "Cisto Inviável"
    },
    {
      "bounding_box": {
        "h": 70.69,
        "w": 75.34,
        "x": 248.32,
        "y": 339.45
      },
      "name": "Não Cisto"
    },
    {
      "bounding_box": {
        "h": 72.55,
        "w": 85.57,
        "x": 473.41,
        "y": 112.49
      },
      "name": "Não Cisto"
    },
    {
      "bounding_box": {
        "h": 120.92,
        "w": 87.43,
        "x": 332.03,
        "y": 14.83
      },
      "name": "Não Cisto"
    },
    {
      "bounding_box": {
        "h": 61.39,
        "w": 61.39,
        "x": 281.8,
        "y": 190.63
      },
      "name": "Não Cisto"
    },
    {
      "bounding_box": {
        "h": 78.13,
        "w": 133.94,
        "x": 97.63,
        "y": 201.79
      },
      "name": "Não Cisto"
    },
    {
      "bounding_box": {
        "h": 80.92,
        "w": 46.51,
        "x": 127.4,
        "y": 109.7
      },
      "name": "Não Cisto"
    },
    {
      "bounding_box": {
        "h": 27.9,
        "w": 45.58,
        "x": 269.71,
        "y": 52.97
      },
      "name": "Não Cisto"
    },
    {
      "bounding_box": {
        "h": 74.32,
        "w": 53.54,
        "x": 68.32,
        "y": 115.02
      },
      "name": "Não Cisto"
    },
    {
      "bounding_box": {
        "h": 97.5,
        "w": 65.14,
        "x": 211.08,
        "y": 239.29
      },
      "name": "Não Cisto"
    },
    {
      "bounding_box": {
        "h": 43.83,
        "w": 25.81,
        "x": 257.37,
        "y": 162.68
      },
      "name": "Não Cisto"
    },
    {
      "bounding_box": {
        "h": 30.67,
        "w": 34.5,
        "x": 400.74,
        "y": 256.36
      },
      "name": "Cisto Inviável"
    },
    {
      "bounding_box": {
        "h": 36.8,
        "w": 27.98,
        "x": 368.93,
        "y": 311.56
      },
      "name": "Cisto Inviável"
    }
  ]
}