{
  "dataset": "Cisto",
  "image": {
    "width": 640,
    "height": 480,
    "original_filename": "Cisto100.jpg",
    "filename": "Cisto100.jpg",
    "url": "https://darwin.v7labs.com/api/images/38437942/original",
    "thumbnail_url": "https://darwin.v7labs.com/api/images/38437942/thumbnail",
    "path": "/",
    "workview_url": "https://darwin.v7labs.com/workview?dataset=38016&image=281"
  },
  "annotations": [
    {
      "bounding_box": {
        "h": 38.79,
        "w": 90.21,
        "x": 163.94,
        "y": 154.53
      },
      "name": "Não Cisto"
    },
    {
      "bounding_box": {
        "h": 33.38,
        "w": 55.03,
        "x": 117.03,
        "y": 122.96
      },
      "name": "Não Cisto"
    },
    {
      "bounding_box": {
        "h": 43.3,
        "w": 49.61,
        "x": 95.38,
        "y": 216.77
      },
      "name": "Não Cisto"
    },
    {
      "bounding_box": {
        "h": 50.52,
        "w": 50.52,
        "x": 264.97,
        "y": 1.18
      },
      "name": "Não Cisto"
    },
    {
      "bounding_box": {
        "h": 42.4,
        "w": 55.93,
        "x": 207.24,
        "y": 268.19
      },
      "name": "Cisto Viável"
    },
    {
      "bounding_box": {
        "h": 43.3,
        "w": 59.54,
        "x": 452.6,
        "y": 321.41
      },
      "name": "Cisto Viável"
    }
  ]
}