{
  "dataset": "Cisto",
  "image": {
    "width": 640,
    "height": 480,
    "original_filename": "Cisto247.jpg",
    "filename": "Cisto247.jpg",
    "url": "https://darwin.v7labs.com/api/images/38438007/original",
    "thumbnail_url": "https://darwin.v7labs.com/api/images/38438007/thumbnail",
    "path": "/",
    "workview_url": "https://darwin.v7labs.com/workview?dataset=38016&image=346"
  },
  "annotations": [
    {
      "bounding_box": {
        "h": 68.4,
        "w": 60.54,
        "x": 0.96,
        "y": 247.71
      },
      "name": "Cisto Inviável"
    },
    {
      "bounding_box": {
        "h": 50.06,
        "w": 59.25,
        "x": 541.67,
        "y": 284.61
      },
      "name": "Cisto Inviável"
    },
    {
      "bounding_box": {
        "h": 47.31,
        "w": 36.74,
        "x": 535.24,
        "y": 229.95
      },
      "name": "Cisto Inviável"
    },
    {
      "bounding_box": {
        "h": 44.09,
        "w": 45.47,
        "x": 291.35,
        "y": 167.03
      },
      "name": "Cisto Inviável"
    },
    {
      "bounding_box": {
        "h": 40.26,
        "w": 37.6,
        "x": 408.99,
        "y": 348.36
      },
      "name": "Cisto Viável"
    },
    {
      "bounding_box": {
        "h": 82.28,
        "w": 59.28,
        "x": 468.27,
        "y": 293.95
      },
      "name": "Cisto Viável"
    },
    {
      "bounding_box": {
        "h": 38.32,
        "w": 39.95,
        "x": 472.72,
        "y": 190.86
      },
      "name": "Cisto Viável"
    },
    {
      "bounding_box": {
        "h": 38.72,
        "w": 39.54,
        "x": 319.46,
        "y": 109.33
      },
      "name": "Cisto Viável"
    },
    {
      "bounding_box": {
        "h": 32.67,
        "w": 29.1,
        "x": 339.2,
        "y": 376.96
      },
      "name": "Não Cisto"
    },
    {
      "bounding_box": {
        "h": 33.18,
        "w": 31.14,
        "x": 422.41,
        "y": 315.2
      },
      "name": "Não Cisto"
    },
    {
      "bounding_box": {
        "h": 28.59,
        "w": 31.14,
        "x": 392.8,
        "y": 296.82
      },
      "name": "Não Cisto"
    }
  ]
}