{
  "dataset": "Cisto",
  "image": {
    "width": 640,
    "height": 480,
    "original_filename": "Cisto290.jpg",
    "filename": "Cisto290.jpg",
    "url": "https://darwin.v7labs.com/api/images/38437690/original",
    "thumbnail_url": "https://darwin.v7labs.com/api/images/38437690/thumbnail",
    "path": "/",
    "workview_url": "https://darwin.v7labs.com/workview?dataset=38016&image=29"
  },
  "annotations": [
    {
      "bounding_box": {
        "h": 61.34,
        "w": 64.41,
        "x": 126.77,
        "y": 164.09
      },
      "name": "Não Cisto"
    },
    {
      "bounding_box": {
        "h": 44.47,
        "w": 47.54,
        "x": 492.52,
        "y": 113.48
      },
      "name": "Não Cisto"
    },
    {
      "bounding_box": {
        "h": 57.51,
        "w": 67.48,
        "x": 550.03,
        "y": 40.64
      },
      "name": "Não Cisto"
    },
    {
      "bounding_box": {
        "h": 38.34,
        "w": 39.11,
        "x": 388.24,
        "y": 154.89
      },
      "name": "Não Cisto"
    },
    {
      "bounding_box": {
        "h": 27.6,
        "w": 24.54,
        "x": 424.28,
        "y": 262.24
      },
      "name": "Não Cisto"
    },
    {
      "bounding_box": {
        "h": 37.57,
        "w": 32.2,
        "x": 500.96,
        "y": 292.14
      },
      "name": "Não Cisto"
    },
    {
      "bounding_box": {
        "h": 36.04,
        "w": 36.81,
        "x": 334.57,
        "y": 283.71
      },
      "name": "Não Cisto"
    },
    {
      "bounding_box": {
        "h": 36.81,
        "w": 26.07,
        "x": 312.33,
        "y": 289.84
      },
      "name": "Não Cisto"
    },
    {
      "bounding_box": {
        "h": 29.9,
        "w": 29.14,
        "x": 12.52,
        "y": 290.61
      },
      "name": "Não Cisto"
    },
    {
      "bounding_box": {
        "h": 34.5,
        "w": 38.34,
        "x": 54.7,
        "y": 272.2
      },
      "name": "Não Cisto"
    },
    {
      "bounding_box": {
        "h": 27.6,
        "w": 20.7,
        "x": 33.23,
        "y": 277.57
      },
      "name": "Não Cisto"
    },
    {
      "bounding_box": {
        "h": 46.77,
        "w": 64.41,
        "x": 45.5,
        "y": 230.03
      },
      "name": "Cisto Viável"
    },
    {
      "bounding_box": {
        "h": 55.21,
        "w": 65.18,
        "x": 429.65,
        "y": 200.13
      },
      "name": "Cisto Viável"
    },
    {
      "bounding_box": {
        "h": 37.57,
        "w": 58.27,
        "x": 154.38,
        "y": 253.04
      },
      "name": "Cisto Inviável"
    }
  ]
}