{
  "dataset": "Cisto",
  "image": {
    "width": 640,
    "height": 480,
    "original_filename": "Cisto246.jpg",
    "filename": "Cisto246.jpg",
    "url": "https://darwin.v7labs.com/api/images/38438065/original",
    "thumbnail_url": "https://darwin.v7labs.com/api/images/38438065/thumbnail",
    "path": "/",
    "workview_url": "https://darwin.v7labs.com/workview?dataset=38016&image=404"
  },
  "annotations": [
    {
      "bounding_box": {
        "h": 37.57,
        "w": 59.81,
        "x": 172.78,
        "y": 300.58
      },
      "name": "Cisto Viável"
    },
    {
      "bounding_box": {
        "h": 23.13,
        "w": 32.89,
        "x": 166.48,
        "y": 128.51
      },
      "name": "Não Cisto"
    },
    {
      "bounding_box": {
        "h": 74.01,
        "w": 44.2,
        "x": 99.66,
        "y": 143.42
      },
      "name": "Não Cisto"
    },
    {
      "bounding_box": {
        "h": 32.89,
        "w": 39.06,
        "x": 67.79,
        "y": 38.05
      },
      "name": "Não Cisto"
    }
  ]
}