{
  "dataset": "Cisto",
  "image": {
    "width": 640,
    "height": 480,
    "original_filename": "Cisto39.jpg",
    "filename": "Cisto39.jpg",
    "url": "https://darwin.v7labs.com/api/images/38438103/original",
    "thumbnail_url": "https://darwin.v7labs.com/api/images/38438103/thumbnail",
    "path": "/",
    "workview_url": "https://darwin.v7labs.com/workview?dataset=38016&image=442"
  },
  "annotations": [
    {
      "bounding_box": {
        "h": 42.38,
        "w": 48.53,
        "x": 312.91,
        "y": 277.67
      },
      "name": "Cisto Viável"
    },
    {
      "bounding_box": {
        "h": 49.98,
        "w": 52.88,
        "x": 396.94,
        "y": 234.93
      },
      "name": "Cisto Viável"
    },
    {
      "bounding_box": {
        "h": 41.65,
        "w": 38.39,
        "x": 240.47,
        "y": 200.16
      },
      "name": "Cisto Viável"
    },
    {
      "bounding_box": {
        "h": 33.25,
        "w": 46.45,
        "x": 151.77,
        "y": 260.6
      },
      "name": "Cisto Inviável"
    },
    {
      "bounding_box": {
        "h": 37.65,
        "w": 40.58,
        "x": 313.12,
        "y": 186.77
      },
      "name": "Cisto Inviável"
    },
    {
      "bounding_box": {
        "h": 54.76,
        "w": 45.47,
        "x": 554.64,
        "y": 149.61
      },
      "name": "Cisto Inviável"
    },
    {
      "bounding_box": {
        "h": 29.59,
        "w": 36.88,
        "x": 208.73,
        "y": 214.7
      },
      "name": "Não Cisto"
    },
    {
      "bounding_box": {
        "h": 52.29,
        "w": 60.39,
        "x": 239.13,
        "y": 376.42
      },
      "name": "Não Cisto"
    }
  ]
}