{
  "dataset": "Cisto",
  "image": {
    "width": 640,
    "height": 480,
    "original_filename": "Cisto227.jpg",
    "filename": "Cisto227.jpg",
    "url": "https://darwin.v7labs.com/api/images/38438090/original",
    "thumbnail_url": "https://darwin.v7labs.com/api/images/38438090/thumbnail",
    "path": "/",
    "workview_url": "https://darwin.v7labs.com/workview?dataset=38016&image=429"
  },
  "annotations": [
    {
      "bounding_box": {
        "h": 55.97,
        "w": 73.61,
        "x": 408.95,
        "y": 243.83
      },
      "name": "Cisto Viável"
    }
  ]
}