{
  "dataset": "Cisto",
  "image": {
    "width": 640,
    "height": 480,
    "original_filename": "Cisto451.jpg",
    "filename": "Cisto451.jpg",
    "url": "https://darwin.v7labs.com/api/images/38437841/original",
    "thumbnail_url": "https://darwin.v7labs.com/api/images/38437841/thumbnail",
    "path": "/",
    "workview_url": "https://darwin.v7labs.com/workview?dataset=38016&image=180"
  },
  "annotations": [
    {
      "bounding_box": {
        "h": 44.62,
        "w": 44.62,
        "x": 232.65,
        "y": 91.17
      },
      "name": "Cisto Viável"
    },
    {
      "bounding_box": {
        "h": 41.19,
        "w": 60.07,
        "x": 217.21,
        "y": 161.54
      },
      "name": "Cisto Viável"
    },
    {
      "bounding_box": {
        "h": 45.2,
        "w": 50.22,
        "x": 132.79,
        "y": 257.26
      },
      "name": "Cisto Inviável"
    },
    {
      "bounding_box": {
        "h": 71.57,
        "w": 44.57,
        "x": 332.42,
        "y": 265.42
      },
      "name": "Cisto Inviável"
    },
    {
      "bounding_box": {
        "h": 43.58,
        "w": 57.39,
        "x": 86.33,
        "y": 381.1
      },
      "name": "Cisto Inviável"
    },
    {
      "bounding_box": {
        "h": 41.66,
        "w": 30.46,
        "x": 606.86,
        "y": 208.7
      },
      "name": "Cisto Viável"
    },
    {
      "bounding_box": {
        "h": 37.62,
        "w": 48.18,
        "x": 170.24,
        "y": 86.7
      },
      "name": "Não Cisto"
    },
    {
      "bounding_box": {
        "h": 63.25,
        "w": 58.99,
        "x": 352.35,
        "y": 366.68
      },
      "name": "Não Cisto"
    },
    {
      "bounding_box": {
        "h": 54.34,
        "w": 52.56,
        "x": -1.43,
        "y": 314.6
      },
      "name": "Não Cisto"
    },
    {
      "bounding_box": {
        "h": 50.78,
        "w": 33.85,
        "x": 91.22,
        "y": 94.55
      },
      "name": "Não Cisto"
    }
  ]
}