{
  "dataset": "Cisto",
  "image": {
    "width": 640,
    "height": 480,
    "original_filename": "Cisto91.jpg",
    "filename": "Cisto91.jpg",
    "url": "https://darwin.v7labs.com/api/images/38438003/original",
    "thumbnail_url": "https://darwin.v7labs.com/api/images/38438003/thumbnail",
    "path": "/",
    "workview_url": "https://darwin.v7labs.com/workview?dataset=38016&image=342"
  },
  "annotations": [
    {
      "bounding_box": {
        "h": 51.15,
        "w": 60.29,
        "x": 175.57,
        "y": 156.81
      },
      "name": "Cisto Viável"
    },
    {
      "bounding_box": {
        "h": 39.28,
        "w": 49.32,
        "x": 395.7,
        "y": 344.06
      },
      "name": "Cisto Viável"
    },
    {
      "bounding_box": {
        "h": 42.93,
        "w": 50.24,
        "x": 429.5,
        "y": 136.72
      },
      "name": "Cisto Viável"
    },
    {
      "bounding_box": {
        "h": 40.19,
        "w": 51.15,
        "x": 97.02,
        "y": 302.05
      },
      "name": "Cisto Viável"
    },
    {
      "bounding_box": {
        "h": 43.32,
        "w": 48.34,
        "x": 237.47,
        "y": 308.86
      },
      "name": "Cisto Viável"
    },
    {
      "bounding_box": {
        "h": 34.19,
        "w": 51.63,
        "x": 150.34,
        "y": 90.18
      },
      "name": "Cisto Viável"
    },
    {
      "bounding_box": {
        "h": 35.32,
        "w": 36.16,
        "x": 311.51,
        "y": 117.27
      },
      "name": "Cisto Viável"
    }
  ]
}