{
  "dataset": "Cisto",
  "image": {
    "width": 640,
    "height": 480,
    "original_filename": "Cisto213.jpg",
    "filename": "Cisto213.jpg",
    "url": "https://darwin.v7labs.com/api/images/38438032/original",
    "thumbnail_url": "https://darwin.v7labs.com/api/images/38438032/thumbnail",
    "path": "/",
    "workview_url": "https://darwin.v7labs.com/workview?dataset=38016&image=371"
  },
  "annotations": [
    {
      "bounding_box": {
        "h": 75.14,
        "w": 51.37,
        "x": 287.03,
        "y": 186.33
      },
      "name": "Cisto Viável"
    }
  ]
}