{
  "dataset": "Cisto",
  "image": {
    "width": 640,
    "height": 480,
    "original_filename": "Cisto422.jpg",
    "filename": "Cisto422.jpg",
    "url": "https://darwin.v7labs.com/api/images/38437811/original",
    "thumbnail_url": "https://darwin.v7labs.com/api/images/38437811/thumbnail",
    "path": "/",
    "workview_url": "https://darwin.v7labs.com/workview?dataset=38016&image=150"
  },
  "annotations": [
    {
      "bounding_box": {
        "h": 59.04,
        "w": 64.41,
        "x": 157.44,
        "y": 146.45
      },
      "name": "Cisto Viável"
    },
    {
      "bounding_box": {
        "h": 52.14,
        "w": 54.44,
        "x": 562.3,
        "y": 165.62
      },
      "name": "Cisto Inviável"
    },
    {
      "bounding_box": {
        "h": 63.64,
        "w": 32.2,
        "x": 5.62,
        "y": 186.33
      },
      "name": "Não Cisto"
    },
    {
      "bounding_box": {
        "h": 32.2,
        "w": 32.97,
        "x": 50.86,
        "y": 149.52
      },
      "name": "Não Cisto"
    },
    {
      "bounding_box": {
        "h": 73.61,
        "w": 47.54,
        "x": 103.77,
        "y": 277.57
      },
      "name": "Não Cisto"
    },
    {
      "bounding_box": {
        "h": 35.27,
        "w": 44.47,
        "x": 96.1,
        "y": 364.98
      },
      "name": "Não Cisto"
    },
    {
      "bounding_box": {
        "h": 85.11,
        "w": 55.97,
        "x": 230.29,
        "y": 335.08
      },
      "name": "Não Cisto"
    },
    {
      "bounding_box": {
        "h": 29.14,
        "w": 37.57,
        "x": 230.29,
        "y": 294.44
      },
      "name": "Não Cisto"
    },
    {
      "bounding_box": {
        "h": 42.49,
        "w": 54.87,
        "x": 239.24,
        "y": 224.84
      },
      "name": "Não Cisto"
    },
    {
      "bounding_box": {
        "h": 34.23,
        "w": 33.99,
        "x": 311.1,
        "y": 244.51
      },
      "name": "Não Cisto"
    },
    {
      "bounding_box": {
        "h": 26.55,
        "w": 25.87,
        "x": 152.72,
        "y": 22.4
      },
      "name": "Não Cisto"
    },
    {
      "bounding_box": {
        "h": 53.43,
        "w": 83.33,
        "x": 180.28,
        "y": 50.29
      },
      "name": "Não Cisto"
    },
    {
      "bounding_box": {
        "h": 38.64,
        "w": 38.98,
        "x": 253.53,
        "y": 129.6
      },
      "name": "Não Cisto"
    },
    {
      "bounding_box": {
        "h": 33.19,
        "w": 33.88,
        "x": 320.08,
        "y": 298.72
      },
      "name": "Não Cisto"
    },
    {
      "bounding_box": {
        "h": 50.98,
        "w": 34.56,
        "x": 365.93,
        "y": 329.86
      },
      "name": "Não Cisto"
    },
    {
      "bounding_box": {
        "h": 29.43,
        "w": 38.32,
        "x": 442.92,
        "y": 370.24
      },
      "name": "Não Cisto"
    },
    {
      "bounding_box": {
        "h": 49.36,
        "w": 59.38,
        "x": 458.37,
        "y": 410.54
      },
      "name": "Não Cisto"
    },
    {
      "bounding_box": {
        "h": 39.92,
        "w": 65.52,
        "x": 422.44,
        "y": 205.19
      },
      "name": "Não Cisto"
    },
    {
      "bounding_box": {
        "h": 31.24,
        "w": 35.58,
        "x": 382.95,
        "y": 146.61
      },
      "name": "Não Cisto"
    },
    {
      "bounding_box": {
        "h": 44.69,
        "w": 23.87,
        "x": 398.14,
        "y": 107.56
      },
      "name": "Não Cisto"
    },
    {
      "bounding_box": {
        "h": 31.24,
        "w": 43.82,
        "x": 507.48,
        "y": 106.69
      },
      "name": "Não Cisto"
    },
    {
      "bounding_box": {
        "h": 28.2,
        "w": 40.35,
        "x": 525.71,
        "y": 66.77
      },
      "name": "Não Cisto"
    },
    {
      "bounding_box": {
        "h": 32.98,
        "w": 42.96,
        "x": 575.61,
        "y": 82.39
      },
      "name": "Não Cisto"
    },
    {
      "bounding_box": {
        "h": 29.19,
        "w": 31.01,
        "x": 478.13,
        "y": 3.88
      },
      "name": "Não Cisto"
    },
    {
      "bounding_box": {
        "h": 20.68,
        "w": 26.15,
        "x": 576.65,
        "y": 49.49
      },
      "name": "Não Cisto"
    }
  ]
}