{
  "dataset": "Cisto",
  "image": {
    "width": 640,
    "height": 480,
    "original_filename": "Cisto298.jpg",
    "filename": "Cisto298.jpg",
    "url": "https://darwin.v7labs.com/api/images/38437682/original",
    "thumbnail_url": "https://darwin.v7labs.com/api/images/38437682/thumbnail",
    "path": "/",
    "workview_url": "https://darwin.v7labs.com/workview?dataset=38016&image=21"
  },
  "annotations": [
    {
      "bounding_box": {
        "h": 149.52,
        "w": 68.24,
        "x": 280.89,
        "y": 39.87
      },
      "name": "Não Cisto"
    },
    {
      "bounding_box": {
        "h": 34.5,
        "w": 39.11,
        "x": 495.59,
        "y": 170.22
      },
      "name": "Não Cisto"
    },
    {
      "bounding_box": {
        "h": 131.88,
        "w": 74.38,
        "x": 245.62,
        "y": 154.89
      },
      "name": "Não Cisto"
    },
    {
      "bounding_box": {
        "h": 85.88,
        "w": 41.41,
        "x": 261.73,
        "y": 256.1
      },
      "name": "Não Cisto"
    },
    {
      "bounding_box": {
        "h": 85.88,
        "w": 49.84,
        "x": 214.95,
        "y": 253.04
      },
      "name": "Não Cisto"
    },
    {
      "bounding_box": {
        "h": 61.34,
        "w": 36.81,
        "x": 174.31,
        "y": 223.13
      },
      "name": "Não Cisto"
    },
    {
      "bounding_box": {
        "h": 44.47,
        "w": 52.14,
        "x": 162.04,
        "y": 136.49
      },
      "name": "Não Cisto"
    },
    {
      "bounding_box": {
        "h": 71.31,
        "w": 39.87,
        "x": 101.47,
        "y": 161.02
      },
      "name": "Não Cisto"
    },
    {
      "bounding_box": {
        "h": 95.08,
        "w": 116.55,
        "x": 10.99,
        "y": 382.62
      },
      "name": "Não Cisto"
    },
    {
      "bounding_box": {
        "h": 45.24,
        "w": 46.01,
        "x": 53.93,
        "y": 285.24
      },
      "name": "Cisto Viável"
    },
    {
      "bounding_box": {
        "h": 40.64,
        "w": 43.71,
        "x": 76.93,
        "y": 227.73
      },
      "name": "Cisto Viável"
    },
    {
      "bounding_box": {
        "h": 20.7,
        "w": 36.04,
        "x": 74.63,
        "y": 335.85
      },
      "name": "Cisto Inviável"
    },
    {
      "bounding_box": {
        "h": 85.11,
        "w": 55.21,
        "x": 310.8,
        "y": 200.89
      },
      "name": "Cisto Inviável"
    }
  ]
}