{
  "dataset": "Cisto",
  "image": {
    "width": 640,
    "height": 480,
    "original_filename": "Cisto138.jpg",
    "filename": "Cisto138.jpg",
    "url": "https://darwin.v7labs.com/api/images/38437989/original",
    "thumbnail_url": "https://darwin.v7labs.com/api/images/38437989/thumbnail",
    "path": "/",
    "workview_url": "https://darwin.v7labs.com/workview?dataset=38016&image=328"
  },
  "annotations": [
    {
      "bounding_box": {
        "h": 69.01,
        "w": 81.28,
        "x": 188.88,
        "y": 346.58
      },
      "name": "Cisto Viável"
    },
    {
      "bounding_box": {
        "h": 59.87,
        "w": 77.52,
        "x": 371.56,
        "y": 246.8
      },
      "name": "Cisto Viável"
    },
    {
      "bounding_box": {
        "h": 54.91,
        "w": 70.45,
        "x": 266.14,
        "y": 74.82
      },
      "name": "Cisto Inviável"
    },
    {
      "bounding_box": {
        "h": 42.48,
        "w": 48.7,
        "x": 271.32,
        "y": 321.41
      },
      "name": "Não Cisto"
    }
  ]
}