{
  "dataset": "Cisto",
  "image": {
    "width": 640,
    "height": 480,
    "original_filename": "Cisto352.jpg",
    "filename": "Cisto352.jpg",
    "url": "https://darwin.v7labs.com/api/images/38437728/original",
    "thumbnail_url": "https://darwin.v7labs.com/api/images/38437728/thumbnail",
    "path": "/",
    "workview_url": "https://darwin.v7labs.com/workview?dataset=38016&image=67"
  },
  "annotations": [
    {
      "bounding_box": {
        "h": 49.84,
        "w": 45.24,
        "x": 342.24,
        "y": 142.62
      },
      "name": "Cisto Inviável"
    },
    {
      "bounding_box": {
        "h": 62.11,
        "w": 65.18,
        "x": 553.1,
        "y": 378.02
      },
      "name": "Cisto Inviável"
    },
    {
      "bounding_box": {
        "h": 34.29,
        "w": 34.29,
        "x": 271.47,
        "y": 186.44
      },
      "name": "Cisto Viável"
    },
    {
      "bounding_box": {
        "h": 26.19,
        "w": 30.96,
        "x": 311.96,
        "y": 212.15
      },
      "name": "Cisto Viável"
    },
    {
      "bounding_box": {
        "h": 33.81,
        "w": 42.86,
        "x": 344.34,
        "y": 240.73
      },
      "name": "Cisto Viável"
    },
    {
      "bounding_box": {
        "h": 35.87,
        "w": 39.61,
        "x": 108.21,
        "y": 234.25
      },
      "name": "Não Cisto"
    },
    {
      "bounding_box": {
        "h": 33.63,
        "w": 35.13,
        "x": 191.91,
        "y": 317.21
      },
      "name": "Não Cisto"
    },
    {
      "bounding_box": {
        "h": 44.09,
        "w": 38.86,
        "x": 224.8,
        "y": 392.69
      },
      "name": "Não Cisto"
    },
    {
      "bounding_box": {
        "h": 31.39,
        "w": 32.88,
        "x": 159.03,
        "y": 419.6
      },
      "name": "Não Cisto"
    },
    {
      "bounding_box": {
        "h": 26.91,
        "w": 38.12,
        "x": 12.55,
        "y": 374.76
      },
      "name": "Não Cisto"
    },
    {
      "bounding_box": {
        "h": 23.92,
        "w": 37.37,
        "x": 60.38,
        "y": 455.47
      },
      "name": "Não Cisto"
    },
    {
      "bounding_box": {
        "h": 38.12,
        "w": 29.89,
        "x": 147.07,
        "y": 187.17
      },
      "name": "Não Cisto"
    },
    {
      "bounding_box": {
        "h": 28.4,
        "w": 28.4,
        "x": 239.75,
        "y": 166.99
      },
      "name": "Não Cisto"
    },
    {
      "bounding_box": {
        "h": 33.63,
        "w": 54.56,
        "x": 437.05,
        "y": 212.58
      },
      "name": "Não Cisto"
    },
    {
      "bounding_box": {
        "h": 54.56,
        "w": 36.62,
        "x": 469.94,
        "y": 368.78
      },
      "name": "Não Cisto"
    },
    {
      "bounding_box": {
        "h": 45.59,
        "w": 32.88,
        "x": 525.24,
        "y": 402.41
      },
      "name": "Não Cisto"
    },
    {
      "bounding_box": {
        "h": 43.35,
        "w": 22.42,
        "x": 552.15,
        "y": 107.2
      },
      "name": "Não Cisto"
    },
    {
      "bounding_box": {
        "h": 36.62,
        "w": 35.13,
        "x": 573.07,
        "y": 75.81
      },
      "name": "Não Cisto"
    },
    {
      "bounding_box": {
        "h": 29.32,
        "w": 26.71,
        "x": 497.14,
        "y": 43.59
      },
      "name": "Cisto Viável"
    },
    {
      "bounding_box": {
        "h": 33.51,
        "w": 31.94,
        "x": 569.93,
        "y": 72.4
      },
      "name": "Cisto Viável"
    }
  ]
}