{
  "dataset": "Cisto",
  "image": {
    "width": 640,
    "height": 480,
    "original_filename": "Cisto81.jpg",
    "filename": "Cisto81.jpg",
    "url": "https://darwin.v7labs.com/api/images/38437991/original",
    "thumbnail_url": "https://darwin.v7labs.com/api/images/38437991/thumbnail",
    "path": "/",
    "workview_url": "https://darwin.v7labs.com/workview?dataset=38016&image=330"
  },
  "annotations": [
    {
      "bounding_box": {
        "h": 52.14,
        "w": 65.94,
        "x": 35.53,
        "y": 421.73
      },
      "name": "Cisto Viável"
    },
    {
      "bounding_box": {
        "h": 43.71,
        "w": 48.31,
        "x": 265.56,
        "y": 326.65
      },
      "name": "Cisto Viável"
    },
    {
      "bounding_box": {
        "h": 59.04,
        "w": 45.24,
        "x": 369.84,
        "y": 256.1
      },
      "name": "Cisto Viável"
    },
    {
      "bounding_box": {
        "h": 53.67,
        "w": 49.07,
        "x": 375.21,
        "y": 116.55
      },
      "name": "Cisto Viável"
    },
    {
      "bounding_box": {
        "h": 36.81,
        "w": 42.94,
        "x": 390.54,
        "y": 165.62
      },
      "name": "Cisto Viável"
    },
    {
      "bounding_box": {
        "h": 42.17,
        "w": 32.97,
        "x": 577.64,
        "y": 139.55
      },
      "name": "Cisto Viável"
    },
    {
      "bounding_box": {
        "h": 57.51,
        "w": 44.47,
        "x": 544.66,
        "y": 33.74
      },
      "name": "Cisto Viável"
    },
    {
      "bounding_box": {
        "h": 51.37,
        "w": 49.07,
        "x": 328.43,
        "y": 90.48
      },
      "name": "Cisto Viável"
    },
    {
      "bounding_box": {
        "h": 34.5,
        "w": 44.47,
        "x": 164.35,
        "y": 121.15
      },
      "name": "Cisto Viável"
    },
    {
      "bounding_box": {
        "h": 50.0,
        "w": 49.51,
        "x": 456.93,
        "y": 115.69
      },
      "name": "Cisto Viável"
    },
    {
      "bounding_box": {
        "h": 55.94,
        "w": 69.8,
        "x": 172.27,
        "y": 160.25
      },
      "name": "Cisto Inviável"
    },
    {
      "bounding_box": {
        "h": 43.52,
        "w": 44.61,
        "x": 316.74,
        "y": 369.76
      },
      "name": "Não Cisto"
    }
  ]
}