{
  "dataset": "Cisto",
  "image": {
    "width": 640,
    "height": 480,
    "original_filename": "Cisto308.jpg",
    "filename": "Cisto308.jpg",
    "url": "https://darwin.v7labs.com/api/images/38437689/original",
    "thumbnail_url": "https://darwin.v7labs.com/api/images/38437689/thumbnail",
    "path": "/",
    "workview_url": "https://darwin.v7labs.com/workview?dataset=38016&image=28"
  },
  "annotations": [
    {
      "bounding_box": {
        "h": 124.22,
        "w": 91.25,
        "x": 168.18,
        "y": 102.75
      },
      "name": "Não Cisto"
    },
    {
      "bounding_box": {
        "h": 47.54,
        "w": 92.01,
        "x": 172.01,
        "y": 246.9
      },
      "name": "Não Cisto"
    },
    {
      "bounding_box": {
        "h": 41.41,
        "w": 42.94,
        "x": 327.67,
        "y": 157.96
      },
      "name": "Não Cisto"
    },
    {
      "bounding_box": {
        "h": 127.28,
        "w": 72.84,
        "x": 461.09,
        "y": 67.48
      },
      "name": "Não Cisto"
    },
    {
      "bounding_box": {
        "h": 33.74,
        "w": 65.18,
        "x": 527.8,
        "y": 115.02
      },
      "name": "Não Cisto"
    },
    {
      "bounding_box": {
        "h": 51.37,
        "w": 48.31,
        "x": 451.88,
        "y": 374.19
      },
      "name": "Não Cisto"
    },
    {
      "bounding_box": {
        "h": 32.97,
        "w": 31.44,
        "x": 390.54,
        "y": 363.45
      },
      "name": "Não Cisto"
    },
    {
      "bounding_box": {
        "h": 37.57,
        "w": 65.94,
        "x": 266.33,
        "y": 292.14
      },
      "name": "Não Cisto"
    },
    {
      "bounding_box": {
        "h": 63.64,
        "w": 66.71,
        "x": 522.43,
        "y": 170.99
      },
      "name": "Não Cisto"
    },
    {
      "bounding_box": {
        "h": 74.38,
        "w": 58.27,
        "x": 34.76,
        "y": 267.6
      },
      "name": "Não Cisto"
    },
    {
      "bounding_box": {
        "h": 40.64,
        "w": 39.87,
        "x": 96.1,
        "y": 345.05
      },
      "name": "Cisto Viável"
    },
    {
      "bounding_box": {
        "h": 49.84,
        "w": 38.34,
        "x": 185.05,
        "y": 293.67
      },
      "name": "Cisto Viável"
    },
    {
      "bounding_box": {
        "h": 40.64,
        "w": 46.77,
        "x": 153.61,
        "y": 355.02
      },
      "name": "Cisto Viável"
    },
    {
      "bounding_box": {
        "h": 41.41,
        "w": 45.24,
        "x": 11.76,
        "y": 318.21
      },
      "name": "Cisto Viável"
    },
    {
      "bounding_box": {
        "h": 44.47,
        "w": 39.87,
        "x": 597.57,
        "y": 125.75
      },
      "name": "Cisto Viável"
    },
    {
      "bounding_box": {
        "h": 36.04,
        "w": 31.44,
        "x": 483.32,
        "y": 295.21
      },
      "name": "Cisto Viável"
    },
    {
      "bounding_box": {
        "h": 55.21,
        "w": 52.14,
        "x": 336.1,
        "y": 268.37
      },
      "name": "Cisto Inviável"
    },
    {
      "bounding_box": {
        "h": 32.2,
        "w": 32.2,
        "x": 313.87,
        "y": 381.85
      },
      "name": "Não Cisto"
    },
    {
      "bounding_box": {
        "h": 26.84,
        "w": 30.67,
        "x": 83.83,
        "y": 410.22
      },
      "name": "Não Cisto"
    },
    {
      "bounding_box": {
        "h": 32.2,
        "w": 23.77,
        "x": 127.54,
        "y": 439.36
      },
      "name": "Não Cisto"
    },
    {
      "bounding_box": {
        "h": 33.74,
        "w": 39.87,
        "x": 145.18,
        "y": 394.12
      },
      "name": "Não Cisto"
    },
    {
      "bounding_box": {
        "h": 39.87,
        "w": 32.97,
        "x": 525.5,
        "y": 311.31
      },
      "name": "Não Cisto"
    }
  ]
}