{
  "dataset": "Cisto",
  "image": {
    "width": 640,
    "height": 480,
    "original_filename": "Cisto296.jpg",
    "filename": "Cisto296.jpg",
    "url": "https://darwin.v7labs.com/api/images/38437703/original",
    "thumbnail_url": "https://darwin.v7labs.com/api/images/38437703/thumbnail",
    "path": "/",
    "workview_url": "https://darwin.v7labs.com/workview?dataset=38016&image=42"
  },
  "annotations": [
    {
      "bounding_box": {
        "h": 38.42,
        "w": 37.89,
        "x": 59.9,
        "y": 125.82
      },
      "name": "Cisto Viável"
    },
    {
      "bounding_box": {
        "h": 52.83,
        "w": 48.56,
        "x": 96.72,
        "y": 234.14
      },
      "name": "Cisto Viável"
    },
    {
      "bounding_box": {
        "h": 26.0,
        "w": 30.56,
        "x": 94.25,
        "y": 340.24
      },
      "name": "Não Cisto"
    },
    {
      "bounding_box": {
        "h": 26.91,
        "w": 27.83,
        "x": 138.95,
        "y": 353.01
      },
      "name": "Não Cisto"
    },
    {
      "bounding_box": {
        "h": 26.91,
        "w": 20.98,
        "x": 168.6,
        "y": 364.87
      },
      "name": "Não Cisto"
    },
    {
      "bounding_box": {
        "h": 25.54,
        "w": 28.28,
        "x": 250.71,
        "y": 420.98
      },
      "name": "Não Cisto"
    },
    {
      "bounding_box": {
        "h": 43.33,
        "w": 24.63,
        "x": 435.45,
        "y": 305.11
      },
      "name": "Não Cisto"
    },
    {
      "bounding_box": {
        "h": 43.79,
        "w": 33.76,
        "x": 405.35,
        "y": 353.47
      },
      "name": "Não Cisto"
    },
    {
      "bounding_box": {
        "h": 31.02,
        "w": 52.46,
        "x": 258.47,
        "y": 205.67
      },
      "name": "Não Cisto"
    },
    {
      "bounding_box": {
        "h": 26.91,
        "w": 26.46,
        "x": 289.03,
        "y": 178.76
      },
      "name": "Cisto Viável"
    },
    {
      "bounding_box": {
        "h": 34.67,
        "w": 133.65,
        "x": 138.95,
        "y": 314.24
      },
      "name": "Não Cisto"
    },
    {
      "bounding_box": {
        "h": 29.98,
        "w": 34.9,
        "x": 226.61,
        "y": 210.26
      },
      "name": "Não Cisto"
    },
    {
      "bounding_box": {
        "h": 36.7,
        "w": 27.86,
        "x": 543.6,
        "y": 249.47
      },
      "name": "Não Cisto"
    },
    {
      "bounding_box": {
        "h": 36.7,
        "w": 20.39,
        "x": 576.0,
        "y": 242.9
      },
      "name": "Não Cisto"
    },
    {
      "bounding_box": {
        "h": 23.11,
        "w": 23.11,
        "x": 600.46,
        "y": 208.93
      },
      "name": "Não Cisto"
    },
    {
      "bounding_box": {
        "h": 21.97,
        "w": 22.43,
        "x": 483.8,
        "y": 307.69
      },
      "name": "Não Cisto"
    },
    {
      "bounding_box": {
        "h": 26.05,
        "w": 22.2,
        "x": 535.9,
        "y": 313.35
      },
      "name": "Não Cisto"
    },
    {
      "bounding_box": {
        "h": 26.87,
        "w": 30.81,
        "x": 412.58,
        "y": 179.58
      },
      "name": "Não Cisto"
    },
    {
      "bounding_box": {
        "h": 57.68,
        "w": 52.44,
        "x": 281.48,
        "y": 268.73
      },
      "name": "Não Cisto"
    },
    {
      "bounding_box": {
        "h": 32.63,
        "w": 38.18,
        "x": 204.23,
        "y": 125.56
      },
      "name": "Não Cisto"
    },
    {
      "bounding_box": {
        "h": 68.35,
        "w": 48.64,
        "x": 422.82,
        "y": 96.01
      },
      "name": "Não Cisto"
    },
    {
      "bounding_box": {
        "h": 38.79,
        "w": 44.33,
        "x": 555.2,
        "y": 71.99
      },
      "name": "Não Cisto"
    },
    {
      "bounding_box": {
        "h": 72.66,
        "w": 89.9,
        "x": 474.54,
        "y": 155.12
      },
      "name": "Não Cisto"
    },
    {
      "bounding_box": {
        "h": 33.25,
        "w": 29.56,
        "x": 408.66,
        "y": 11.03
      },
      "name": "Não Cisto"
    },
    {
      "bounding_box": {
        "h": 41.87,
        "w": 24.63,
        "x": 438.21,
        "y": 4.88
      },
      "name": "Não Cisto"
    },
    {
      "bounding_box": {
        "h": 24.01,
        "w": 33.25,
        "x": 451.14,
        "y": 47.36
      },
      "name": "Não Cisto"
    },
    {
      "bounding_box": {
        "h": 38.18,
        "w": 30.17,
        "x": 409.27,
        "y": 54.14
      },
      "name": "Não Cisto"
    },
    {
      "bounding_box": {
        "h": 27.64,
        "w": 29.65,
        "x": 545.7,
        "y": 355.82
      },
      "name": "Cisto Inviável"
    },
    {
      "bounding_box": {
        "h": 33.09,
        "w": 27.01,
        "x": 224.13,
        "y": 38.05
      },
      "name": "Não Cisto"
    },
    {
      "bounding_box": {
        "h": 26.34,
        "w": 24.31,
        "x": 270.05,
        "y": 28.59
      },
      "name": "Não Cisto"
    },
    {
      "bounding_box": {
        "h": 92.51,
        "w": 83.06,
        "x": 260.59,
        "y": 64.38
      },
      "name": "Não Cisto"
    },
    {
      "bounding_box": {
        "h": 70.91,
        "w": 79.01,
        "x": 7.36,
        "y": 255.49
      },
      "name": "Não Cisto"
    },
    {
      "bounding_box": {
        "h": 29.71,
        "w": 24.31,
        "x": 37.75,
        "y": 34.67
      },
      "name": "Não Cisto"
    },
    {
      "bounding_box": {
        "h": 124.25,
        "w": 106.02,
        "x": 118.78,
        "y": 50.88
      },
      "name": "Não Cisto"
    },
    {
      "bounding_box": {
        "h": 36.47,
        "w": 45.24,
        "x": 515.18,
        "y": 0.91
      },
      "name": "Não Cisto"
    },
    {
      "bounding_box": {
        "h": 29.04,
        "w": 28.36,
        "x": 563.12,
        "y": 32.65
      },
      "name": "Não Cisto"
    },
    {
      "bounding_box": {
        "h": 27.01,
        "w": 36.47,
        "x": 453.73,
        "y": 79.24
      },
      "name": "Não Cisto"
    },
    {
      "bounding_box": {
        "h": 39.17,
        "w": 82.39,
        "x": 284.23,
        "y": 152.85
      },
      "name": "Não Cisto"
    },
    {
      "bounding_box": {
        "h": 29.14,
        "w": 34.63,
        "x": 266.96,
        "y": 238.66
      },
      "name": "Não Cisto"
    },
    {
      "bounding_box": {
        "h": 27.31,
        "w": 54.47,
        "x": 296.56,
        "y": 229.66
      },
      "name": "Não Cisto"
    },
    {
      "bounding_box": {
        "h": 57.8,
        "w": 72.84,
        "x": 419.58,
        "y": 227.25
      },
      "name": "Não Cisto"
    },
    {
      "bounding_box": {
        "h": 24.91,
        "w": 26.32,
        "x": 420.05,
        "y": 154.87
      },
      "name": "Não Cisto"
    },
    {
      "bounding_box": {
        "h": 34.4,
        "w": 31.5,
        "x": 112.49,
        "y": 443.09
      },
      "name": "Não Cisto"
    },
    {
      "bounding_box": {
        "h": 25.72,
        "w": 26.68,
        "x": 84.84,
        "y": 446.62
      },
      "name": "Não Cisto"
    },
    {
      "bounding_box": {
        "h": 69.43,
        "w": 50.15,
        "x": 1.27,
        "y": 348.9
      },
      "name": "Não Cisto"
    },
    {
      "bounding_box": {
        "h": 39.98,
        "w": 49.21,
        "x": 189.92,
        "y": 439.84
      },
      "name": "Não Cisto"
    },
    {
      "bounding_box": {
        "h": 25.04,
        "w": 30.32,
        "x": 255.83,
        "y": 455.66
      },
      "name": "Não Cisto"
    },
    {
      "bounding_box": {
        "h": 144.11,
        "w": 94.02,
        "x": 279.56,
        "y": 326.48
      },
      "name": "Não Cisto"
    },
    {
      "bounding_box": {
        "h": 28.12,
        "w": 51.85,
        "x": 352.93,
        "y": 308.47
      },
      "name": "Não Cisto"
    }
  ]
}