{
  "dataset": "Cisto",
  "image": {
    "width": 640,
    "height": 480,
    "original_filename": "Cisto181.jpg",
    "filename": "Cisto181.jpg",
    "url": "https://darwin.v7labs.com/api/images/38438017/original",
    "thumbnail_url": "https://darwin.v7labs.com/api/images/38438017/thumbnail",
    "path": "/",
    "workview_url": "https://darwin.v7labs.com/workview?dataset=38016&image=356"
  },
  "annotations": [
    {
      "bounding_box": {
        "h": 41.4,
        "w": 71.42,
        "x": 163.03,
        "y": -0.32
      },
      "name": "Cisto Viável"
    },
    {
      "bounding_box": {
        "h": 82.82,
        "w": 76.0,
        "x": 407.21,
        "y": 205.03
      },
      "name": "Cisto Viável"
    },
    {
      "bounding_box": {
        "h": 35.3,
        "w": 31.69,
        "x": 432.03,
        "y": 151.33
      },
      "name": "Cisto Viável"
    },
    {
      "bounding_box": {
        "h": 52.01,
        "w": 45.82,
        "x": 484.78,
        "y": 285.8
      },
      "name": "Cisto Inviável"
    },
    {
      "bounding_box": {
        "h": 35.34,
        "w": 34.16,
        "x": 248.23,
        "y": 177.32
      },
      "name": "Cisto Inviável"
    }
  ]
}