{
  "dataset": "Cisto",
  "image": {
    "width": 640,
    "height": 480,
    "original_filename": "Cisto58.jpg",
    "filename": "Cisto58.jpg",
    "url": "https://darwin.v7labs.com/api/images/38438152/original",
    "thumbnail_url": "https://darwin.v7labs.com/api/images/38438152/thumbnail",
    "path": "/",
    "workview_url": "https://darwin.v7labs.com/workview?dataset=38016&image=491"
  },
  "annotations": [
    {
      "bounding_box": {
        "h": 55.21,
        "w": 42.17,
        "x": 390.54,
        "y": 325.11
      },
      "name": "Cisto Viável"
    },
    {
      "bounding_box": {
        "h": 45.24,
        "w": 55.97,
        "x": 350.67,
        "y": 127.28
      },
      "name": "Cisto Inviável"
    },
    {
      "bounding_box": {
        "h": 61.34,
        "w": 55.97,
        "x": 196.55,
        "y": 286.77
      },
      "name": "Cisto Inviável"
    },
    {
      "bounding_box": {
        "h": 57.85,
        "w": 72.73,
        "x": 202.29,
        "y": 180.8
      },
      "name": "Não Cisto"
    },
    {
      "bounding_box": {
        "h": 61.16,
        "w": 72.73,
        "x": 223.78,
        "y": 382.47
      },
      "name": "Não Cisto"
    },
    {
      "bounding_box": {
        "h": 50.42,
        "w": 69.43,
        "x": 411.39,
        "y": 365.94
      },
      "name": "Não Cisto"
    }
  ]
}