{
  "dataset": "Cisto",
  "image": {
    "width": 640,
    "height": 480,
    "original_filename": "Cisto54.jpg",
    "filename": "Cisto54.jpg",
    "url": "https://darwin.v7labs.com/api/images/38438109/original",
    "thumbnail_url": "https://darwin.v7labs.com/api/images/38438109/thumbnail",
    "path": "/",
    "workview_url": "https://darwin.v7labs.com/workview?dataset=38016&image=448"
  },
  "annotations": [
    {
      "bounding_box": {
        "h": 47.54,
        "w": 57.51,
        "x": 262.49,
        "y": 72.08
      },
      "name": "Cisto Viável"
    }
  ]
}