{
  "dataset": "Cisto",
  "image": {
    "width": 640,
    "height": 480,
    "original_filename": "Cisto261.jpg",
    "filename": "Cisto261.jpg",
    "url": "https://darwin.v7labs.com/api/images/38438042/original",
    "thumbnail_url": "https://darwin.v7labs.com/api/images/38438042/thumbnail",
    "path": "/",
    "workview_url": "https://darwin.v7labs.com/workview?dataset=38016&image=381"
  },
  "annotations": [
    {
      "bounding_box": {
        "h": 46.77,
        "w": 46.77,
        "x": 372.91,
        "y": 38.34
      },
      "name": "Cisto Viável"
    },
    {
      "bounding_box": {
        "h": 47.54,
        "w": 55.21,
        "x": 485.62,
        "y": 256.1
      },
      "name": "Não Cisto"
    }
  ]
}