{
  "dataset": "Cisto",
  "image": {
    "width": 640,
    "height": 480,
    "original_filename": "Cisto456.jpg",
    "filename": "Cisto456.jpg",
    "url": "https://darwin.v7labs.com/api/images/38437782/original",
    "thumbnail_url": "https://darwin.v7labs.com/api/images/38437782/thumbnail",
    "path": "/",
    "workview_url": "https://darwin.v7labs.com/workview?dataset=38016&image=121"
  },
  "annotations": [
    {
      "bounding_box": {
        "h": 63.64,
        "w": 59.81,
        "x": 222.62,
        "y": 92.78
      },
      "name": "Cisto Viável"
    },
    {
      "bounding_box": {
        "h": 53.67,
        "w": 46.77,
        "x": 540.83,
        "y": 107.35
      },
      "name": "Cisto Viável"
    },
    {
      "bounding_box": {
        "h": 29.14,
        "w": 27.6,
        "x": 25.56,
        "y": 90.48
      },
      "name": "Não Cisto"
    },
    {
      "bounding_box": {
        "h": 22.24,
        "w": 23.77,
        "x": 77.7,
        "y": 137.25
      },
      "name": "Não Cisto"
    },
    {
      "bounding_box": {
        "h": 68.24,
        "w": 71.31,
        "x": 4.09,
        "y": 147.99
      },
      "name": "Não Cisto"
    },
    {
      "bounding_box": {
        "h": 57.51,
        "w": 55.97,
        "x": 76.17,
        "y": 157.96
      },
      "name": "Não Cisto"
    },
    {
      "bounding_box": {
        "h": 29.14,
        "w": 27.6,
        "x": 162.04,
        "y": 122.68
      },
      "name": "Não Cisto"
    },
    {
      "bounding_box": {
        "h": 45.24,
        "w": 42.17,
        "x": 188.12,
        "y": 107.35
      },
      "name": "Não Cisto"
    },
    {
      "bounding_box": {
        "h": 35.27,
        "w": 43.71,
        "x": 447.28,
        "y": 210.86
      },
      "name": "Não Cisto"
    },
    {
      "bounding_box": {
        "h": 20.7,
        "w": 29.14,
        "x": 406.65,
        "y": 49.84
      },
      "name": "Não Cisto"
    },
    {
      "bounding_box": {
        "h": 35.27,
        "w": 26.07,
        "x": 445.75,
        "y": 82.81
      },
      "name": "Não Cisto"
    },
    {
      "bounding_box": {
        "h": 46.01,
        "w": 23.77,
        "x": 472.59,
        "y": 74.38
      },
      "name": "Não Cisto"
    },
    {
      "bounding_box": {
        "h": 41.41,
        "w": 17.64,
        "x": 497.12,
        "y": 77.44
      },
      "name": "Não Cisto"
    },
    {
      "bounding_box": {
        "h": 34.5,
        "w": 32.2,
        "x": 523.96,
        "y": 66.71
      },
      "name": "Não Cisto"
    },
    {
      "bounding_box": {
        "h": 27.6,
        "w": 36.04,
        "x": 482.56,
        "y": 138.79
      },
      "name": "Não Cisto"
    },
    {
      "bounding_box": {
        "h": 28.37,
        "w": 26.07,
        "x": 518.59,
        "y": 128.82
      },
      "name": "Não Cisto"
    },
    {
      "bounding_box": {
        "h": 46.01,
        "w": 62.88,
        "x": 550.03,
        "y": 142.62
      },
      "name": "Não Cisto"
    },
    {
      "bounding_box": {
        "h": 36.81,
        "w": 27.6,
        "x": 350.67,
        "y": 69.01
      },
      "name": "Não Cisto"
    },
    {
      "bounding_box": {
        "h": 62.11,
        "w": 98.15,
        "x": 277.06,
        "y": 100.45
      },
      "name": "Não Cisto"
    }
  ]
}