{
  "dataset": "Cisto",
  "image": {
    "width": 640,
    "height": 480,
    "original_filename": "Cisto61.jpg",
    "filename": "Cisto61.jpg",
    "url": "https://darwin.v7labs.com/api/images/38438151/original",
    "thumbnail_url": "https://darwin.v7labs.com/api/images/38438151/thumbnail",
    "path": "/",
    "workview_url": "https://darwin.v7labs.com/workview?dataset=38016&image=490"
  },
  "annotations": [
    {
      "bounding_box": {
        "h": 46.91,
        "w": 43.3,
        "x": 157.17,
        "y": 209.24
      },
      "name": "Cisto Viável"
    },
    {
      "bounding_box": {
        "h": 47.81,
        "w": 46.01,
        "x": 528.83,
        "y": 234.5
      },
      "name": "Cisto Viável"
    },
    {
      "bounding_box": {
        "h": 76.68,
        "w": 64.95,
        "x": 124.7,
        "y": 313.88
      },
      "name": "Não Cisto"
    },
    {
      "bounding_box": {
        "h": 54.12,
        "w": 53.22,
        "x": 251.89,
        "y": 199.32
      },
      "name": "Não Cisto"
    }
  ]
}