{
  "dataset": "Cisto",
  "image": {
    "width": 640,
    "height": 480,
    "original_filename": "Cisto379.jpg",
    "filename": "Cisto379.jpg",
    "url": "https://darwin.v7labs.com/api/images/38437720/original",
    "thumbnail_url": "https://darwin.v7labs.com/api/images/38437720/thumbnail",
    "path": "/",
    "workview_url": "https://darwin.v7labs.com/workview?dataset=38016&image=59"
  },
  "annotations": [
    {
      "bounding_box": {
        "h": 61.34,
        "w": 78.21,
        "x": 183.51,
        "y": 188.63
      },
      "name": "Cisto Viável"
    },
    {
      "bounding_box": {
        "h": 49.07,
        "w": 65.94,
        "x": 407.41,
        "y": 328.18
      },
      "name": "Cisto Inviável"
    },
    {
      "bounding_box": {
        "h": 44.47,
        "w": 42.94,
        "x": 348.37,
        "y": 258.4
      },
      "name": "Cisto Inviável"
    },
    {
      "bounding_box": {
        "h": 58.27,
        "w": 63.64,
        "x": 126.01,
        "y": 115.02
      },
      "name": "Não Cisto"
    },
    {
      "bounding_box": {
        "h": 36.81,
        "w": 39.11,
        "x": 339.17,
        "y": 62.88
      },
      "name": "Não Cisto"
    },
    {
      "bounding_box": {
        "h": 37.57,
        "w": 54.44,
        "x": 129.07,
        "y": 23.0
      },
      "name": "Não Cisto"
    }
  ]
}