{
  "dataset": "Cisto",
  "image": {
    "width": 640,
    "height": 480,
    "original_filename": "Cisto25.jpg",
    "filename": "Cisto25.jpg",
    "url": "https://darwin.v7labs.com/api/images/38438120/original",
    "thumbnail_url": "https://darwin.v7labs.com/api/images/38438120/thumbnail",
    "path": "/",
    "workview_url": "https://darwin.v7labs.com/workview?dataset=38016&image=459"
  },
  "annotations": [
    {
      "bounding_box": {
        "h": 62.09,
        "w": 59.07,
        "x": 149.39,
        "y": 133.88
      },
      "name": "Cisto Viável"
    },
    {
      "bounding_box": {
        "h": 52.25,
        "w": 69.67,
        "x": 200.89,
        "y": 164.93
      },
      "name": "Cisto Viável"
    },
    {
      "bounding_box": {
        "h": 52.25,
        "w": 48.46,
        "x": 264.49,
        "y": 133.12
      },
      "name": "Cisto Viável"
    },
    {
      "bounding_box": {
        "h": 53.77,
        "w": 58.58,
        "x": 443.27,
        "y": 185.13
      },
      "name": "Cisto Viável"
    },
    {
      "bounding_box": {
        "h": 45.13,
        "w": 62.42,
        "x": 456.71,
        "y": 236.98
      },
      "name": "Cisto Inviável"
    }
  ]
}