{
  "dataset": "Cisto",
  "image": {
    "width": 640,
    "height": 480,
    "original_filename": "Cisto430.jpg",
    "filename": "Cisto430.jpg",
    "url": "https://darwin.v7labs.com/api/images/38437885/original",
    "thumbnail_url": "https://darwin.v7labs.com/api/images/38437885/thumbnail",
    "path": "/",
    "workview_url": "https://darwin.v7labs.com/workview?dataset=38016&image=224"
  },
  "annotations": [
    {
      "bounding_box": {
        "h": 112.25,
        "w": 75.72,
        "x": 176.03,
        "y": 265.04
      },
      "name": "Não Cisto"
    },
    {
      "bounding_box": {
        "h": 37.67,
        "w": 42.01,
        "x": 259.11,
        "y": 45.12
      },
      "name": "Não Cisto"
    },
    {
      "bounding_box": {
        "h": 73.89,
        "w": 76.24,
        "x": 199.43,
        "y": 183.55
      },
      "name": "Cisto Viável"
    }
  ]
}