{
  "dataset": "Cisto",
  "image": {
    "width": 640,
    "height": 480,
    "original_filename": "Cisto242.jpg",
    "filename": "Cisto242.jpg",
    "url": "https://darwin.v7labs.com/api/images/38438077/original",
    "thumbnail_url": "https://darwin.v7labs.com/api/images/38438077/thumbnail",
    "path": "/",
    "workview_url": "https://darwin.v7labs.com/workview?dataset=38016&image=416"
  },
  "annotations": [
    {
      "bounding_box": {
        "h": 54.44,
        "w": 58.27,
        "x": 142.11,
        "y": 158.72
      },
      "name": "Cisto Viável"
    },
    {
      "bounding_box": {
        "h": 45.24,
        "w": 36.04,
        "x": 175.85,
        "y": 274.5
      },
      "name": "Não Cisto"
    },
    {
      "bounding_box": {
        "h": 42.94,
        "w": 32.97,
        "x": 293.93,
        "y": 384.92
      },
      "name": "Não Cisto"
    }
  ]
}