{
  "dataset": "Cisto",
  "image": {
    "width": 640,
    "height": 480,
    "original_filename": "Cisto395.jpg",
    "filename": "Cisto395.jpg",
    "url": "https://darwin.v7labs.com/api/images/38437823/original",
    "thumbnail_url": "https://darwin.v7labs.com/api/images/38437823/thumbnail",
    "path": "/",
    "workview_url": "https://darwin.v7labs.com/workview?dataset=38016&image=162"
  },
  "annotations": [
    {
      "bounding_box": {
        "h": 62.73,
        "w": 52.52,
        "x": 154.43,
        "y": 167.08
      },
      "name": "Cisto Viável"
    },
    {
      "bounding_box": {
        "h": 56.89,
        "w": 70.75,
        "x": 326.56,
        "y": 192.61
      },
      "name": "Cisto Viável"
    },
    {
      "bounding_box": {
        "h": 65.64,
        "w": 59.08,
        "x": 513.28,
        "y": 315.87
      },
      "name": "Cisto Viável"
    },
    {
      "bounding_box": {
        "h": 50.33,
        "w": 40.85,
        "x": 594.25,
        "y": 348.69
      },
      "name": "Cisto Viável"
    },
    {
      "bounding_box": {
        "h": 50.33,
        "w": 40.12,
        "x": 99.0,
        "y": 153.22
      },
      "name": "Cisto Inviável"
    },
    {
      "bounding_box": {
        "h": 23.34,
        "w": 34.28,
        "x": 58.15,
        "y": 133.53
      },
      "name": "Não Cisto"
    },
    {
      "bounding_box": {
        "h": 25.53,
        "w": 25.53,
        "x": 96.08,
        "y": 118.94
      },
      "name": "Não Cisto"
    },
    {
      "bounding_box": {
        "h": 29.18,
        "w": 32.09,
        "x": 191.63,
        "y": 136.45
      },
      "name": "Não Cisto"
    },
    {
      "bounding_box": {
        "h": 26.99,
        "w": 34.28,
        "x": 398.04,
        "y": 91.95
      },
      "name": "Não Cisto"
    },
    {
      "bounding_box": {
        "h": 51.06,
        "w": 36.47,
        "x": 453.48,
        "y": 174.37
      },
      "name": "Não Cisto"
    },
    {
      "bounding_box": {
        "h": 156.82,
        "w": 45.95,
        "x": 449.1,
        "y": 239.29
      },
      "name": "Não Cisto"
    },
    {
      "bounding_box": {
        "h": 34.28,
        "w": 37.93,
        "x": 557.78,
        "y": 161.97
      },
      "name": "Não Cisto"
    },
    {
      "bounding_box": {
        "h": 24.07,
        "w": 28.45,
        "x": 584.03,
        "y": 123.32
      },
      "name": "Não Cisto"
    },
    {
      "bounding_box": {
        "h": 23.34,
        "w": 42.3,
        "x": 399.5,
        "y": 132.07
      },
      "name": "Não Cisto"
    },
    {
      "bounding_box": {
        "h": 87.53,
        "w": 45.95,
        "x": 289.37,
        "y": 254.61
      },
      "name": "Não Cisto"
    },
    {
      "bounding_box": {
        "h": 45.95,
        "w": 43.03,
        "x": 57.42,
        "y": 153.22
      },
      "name": "Não Cisto"
    },
    {
      "bounding_box": {
        "h": 70.75,
        "w": 135.66,
        "x": 19.5,
        "y": 202.09
      },
      "name": "Não Cisto"
    },
    {
      "bounding_box": {
        "h": 91.17,
        "w": 93.36,
        "x": 196.01,
        "y": 228.35
      },
      "name": "Não Cisto"
    }
  ]
}