{
  "dataset": "Cisto",
  "image": {
    "width": 640,
    "height": 480,
    "original_filename": "Cisto394.jpg",
    "filename": "Cisto394.jpg",
    "url": "https://darwin.v7labs.com/api/images/38437863/original",
    "thumbnail_url": "https://darwin.v7labs.com/api/images/38437863/thumbnail",
    "path": "/",
    "workview_url": "https://darwin.v7labs.com/workview?dataset=38016&image=202"
  },
  "annotations": [
    {
      "bounding_box": {
        "h": 66.71,
        "w": 95.85,
        "x": 199.62,
        "y": 161.02
      },
      "name": "Cisto Viável"
    },
    {
      "bounding_box": {
        "h": 35.62,
        "w": 41.1,
        "x": 192.46,
        "y": 405.82
      },
      "name": "Não Cisto"
    },
    {
      "bounding_box": {
        "h": 26.49,
        "w": 31.06,
        "x": 317.59,
        "y": 318.13
      },
      "name": "Não Cisto"
    },
    {
      "bounding_box": {
        "h": 47.5,
        "w": 29.23,
        "x": 558.74,
        "y": 150.06
      },
      "name": "Não Cisto"
    },
    {
      "bounding_box": {
        "h": 39.62,
        "w": 29.5,
        "x": 600.48,
        "y": 385.94
      },
      "name": "Cisto Viável"
    }
  ]
}