{
  "dataset": "Cisto",
  "image": {
    "width": 640,
    "height": 480,
    "original_filename": "Cisto183.jpg",
    "filename": "Cisto183.jpg",
    "url": "https://darwin.v7labs.com/api/images/38438058/original",
    "thumbnail_url": "https://darwin.v7labs.com/api/images/38438058/thumbnail",
    "path": "/",
    "workview_url": "https://darwin.v7labs.com/workview?dataset=38016&image=397"
  },
  "annotations": [
    {
      "bounding_box": {
        "h": 57.51,
        "w": 91.25,
        "x": 290.1,
        "y": 203.19
      },
      "name": "Cisto Viável"
    },
    {
      "bounding_box": {
        "h": 41.41,
        "w": 27.6,
        "x": 206.52,
        "y": 258.4
      },
      "name": "Cisto Viável"
    },
    {
      "bounding_box": {
        "h": 109.65,
        "w": 77.44,
        "x": 265.56,
        "y": 332.78
      },
      "name": "Cisto Viável"
    }
  ]
}