{
  "dataset": "Cisto",
  "image": {
    "width": 640,
    "height": 480,
    "original_filename": "Cisto452.jpg",
    "filename": "Cisto452.jpg",
    "url": "https://darwin.v7labs.com/api/images/38437876/original",
    "thumbnail_url": "https://darwin.v7labs.com/api/images/38437876/thumbnail",
    "path": "/",
    "workview_url": "https://darwin.v7labs.com/workview?dataset=38016&image=215"
  },
  "annotations": [
    {
      "bounding_box": {
        "h": 48.01,
        "w": 51.85,
        "x": 91.2,
        "y": 21.73
      },
      "name": "Cisto Viável"
    },
    {
      "bounding_box": {
        "h": 41.29,
        "w": 42.25,
        "x": 534.84,
        "y": 7.33
      },
      "name": "Cisto Viável"
    },
    {
      "bounding_box": {
        "h": 38.41,
        "w": 46.09,
        "x": 256.36,
        "y": 405.83
      },
      "name": "Cisto Viável"
    },
    {
      "bounding_box": {
        "h": 45.13,
        "w": 46.09,
        "x": 140.17,
        "y": 136.0
      },
      "name": "Cisto Inviável"
    },
    {
      "bounding_box": {
        "h": 42.25,
        "w": 62.42,
        "x": 36.47,
        "y": 236.83
      },
      "name": "Cisto Inviável"
    },
    {
      "bounding_box": {
        "h": 32.44,
        "w": 29.09,
        "x": 91.07,
        "y": 169.34
      },
      "name": "Cisto Viável"
    },
    {
      "bounding_box": {
        "h": 46.99,
        "w": 44.37,
        "x": 167.14,
        "y": 183.51
      },
      "name": "Cisto Viável"
    },
    {
      "bounding_box": {
        "h": 41.02,
        "w": 45.87,
        "x": 193.99,
        "y": 243.55
      },
      "name": "Cisto Viável"
    },
    {
      "bounding_box": {
        "h": 123.15,
        "w": 61.57,
        "x": 306.8,
        "y": 158.58
      },
      "name": "Não Cisto"
    },
    {
      "bounding_box": {
        "h": 75.78,
        "w": 46.58,
        "x": 414.95,
        "y": 340.94
      },
      "name": "Não Cisto"
    },
    {
      "bounding_box": {
        "h": 37.1,
        "w": 43.42,
        "x": 104.71,
        "y": 359.09
      },
      "name": "Não Cisto"
    },
    {
      "bounding_box": {
        "h": 73.42,
        "w": 78.15,
        "x": 234.96,
        "y": 238.31
      },
      "name": "Não Cisto"
    },
    {
      "bounding_box": {
        "h": 93.94,
        "w": 63.94,
        "x": 193.12,
        "y": 37.01
      },
      "name": "Não Cisto"
    }
  ]
}