{
  "dataset": "Cisto",
  "image": {
    "width": 640,
    "height": 480,
    "original_filename": "Cisto436.jpg",
    "filename": "Cisto436.jpg",
    "url": "https://darwin.v7labs.com/api/images/38437794/original",
    "thumbnail_url": "https://darwin.v7labs.com/api/images/38437794/thumbnail",
    "path": "/",
    "workview_url": "https://darwin.v7labs.com/workview?dataset=38016&image=133"
  },
  "annotations": [
    {
      "bounding_box": {
        "h": 54.44,
        "w": 76.68,
        "x": 152.84,
        "y": 220.83
      },
      "name": "Cisto Viável"
    },
    {
      "bounding_box": {
        "h": 39.81,
        "w": 46.45,
        "x": 101.92,
        "y": 94.12
      },
      "name": "Não Cisto"
    }
  ]
}