{
  "dataset": "Cisto",
  "image": {
    "width": 640,
    "height": 480,
    "original_filename": "Cisto144.jpg",
    "filename": "Cisto144.jpg",
    "url": "https://darwin.v7labs.com/api/images/38438009/original",
    "thumbnail_url": "https://darwin.v7labs.com/api/images/38438009/thumbnail",
    "path": "/",
    "workview_url": "https://darwin.v7labs.com/workview?dataset=38016&image=348"
  },
  "annotations": [
    {
      "bounding_box": {
        "h": 69.01,
        "w": 62.11,
        "x": 313.87,
        "y": 182.49
      },
      "name": "Cisto Inviável"
    },
    {
      "bounding_box": {
        "h": 58.27,
        "w": 61.34,
        "x": 240.26,
        "y": 127.28
      },
      "name": "Cisto Viável"
    },
    {
      "bounding_box": {
        "h": 65.94,
        "w": 67.48,
        "x": 191.95,
        "y": 313.61
      },
      "name": "Cisto Viável"
    },
    {
      "bounding_box": {
        "h": 31.22,
        "w": 50.55,
        "x": 166.05,
        "y": 244.13
      },
      "name": "Não Cisto"
    },
    {
      "bounding_box": {
        "h": 38.65,
        "w": 59.47,
        "x": 237.91,
        "y": 234.72
      },
      "name": "Não Cisto"
    },
    {
      "bounding_box": {
        "h": 32.34,
        "w": 32.91,
        "x": 83.42,
        "y": 386.05
      },
      "name": "Não Cisto"
    }
  ]
}