{
  "dataset": "Cisto",
  "image": {
    "width": 640,
    "height": 480,
    "original_filename": "Cisto146.jpg",
    "filename": "Cisto146.jpg",
    "url": "https://darwin.v7labs.com/api/images/38437951/original",
    "thumbnail_url": "https://darwin.v7labs.com/api/images/38437951/thumbnail",
    "path": "/",
    "workview_url": "https://darwin.v7labs.com/workview?dataset=38016&image=290"
  },
  "annotations": [
    {
      "bounding_box": {
        "h": 30.67,
        "w": 30.67,
        "x": 183.51,
        "y": 286.77
      },
      "name": "Não Cisto"
    },
    {
      "bounding_box": {
        "h": 26.84,
        "w": 36.04,
        "x": 101.47,
        "y": 312.08
      },
      "name": "Não Cisto"
    },
    {
      "bounding_box": {
        "h": 24.54,
        "w": 30.67,
        "x": 257.89,
        "y": 16.87
      },
      "name": "Não Cisto"
    },
    {
      "bounding_box": {
        "h": 41.41,
        "w": 39.11,
        "x": 241.02,
        "y": 37.57
      },
      "name": "Não Cisto"
    },
    {
      "bounding_box": {
        "h": 56.74,
        "w": 60.58,
        "x": 227.22,
        "y": 82.04
      },
      "name": "Não Cisto"
    },
    {
      "bounding_box": {
        "h": 61.34,
        "w": 48.31,
        "x": 222.62,
        "y": 274.5
      },
      "name": "Cisto Viável"
    },
    {
      "bounding_box": {
        "h": 47.54,
        "w": 55.21,
        "x": 307.73,
        "y": 407.92
      },
      "name": "Cisto Viável"
    }
  ]
}