{
  "dataset": "Cisto",
  "image": {
    "width": 640,
    "height": 480,
    "original_filename": "Cisto19.jpg",
    "filename": "Cisto19.jpg",
    "url": "https://darwin.v7labs.com/api/images/38438134/original",
    "thumbnail_url": "https://darwin.v7labs.com/api/images/38438134/thumbnail",
    "path": "/",
    "workview_url": "https://darwin.v7labs.com/workview?dataset=38016&image=473"
  },
  "annotations": [
    {
      "bounding_box": {
        "h": 43.71,
        "w": 34.5,
        "x": 108.37,
        "y": 279.87
      },
      "name": "Cisto Viável"
    },
    {
      "bounding_box": {
        "h": 34.5,
        "w": 31.44,
        "x": 128.31,
        "y": 256.1
      },
      "name": "Cisto Viável"
    },
    {
      "bounding_box": {
        "h": 55.97,
        "w": 46.01,
        "x": 227.99,
        "y": 259.17
      },
      "name": "Cisto Viável"
    },
    {
      "bounding_box": {
        "h": 36.81,
        "w": 30.67,
        "x": 134.44,
        "y": 165.62
      },
      "name": "Não Cisto"
    },
    {
      "bounding_box": {
        "h": 42.17,
        "w": 48.31,
        "x": 190.42,
        "y": 107.35
      },
      "name": "Cisto Inviável"
    },
    {
      "bounding_box": {
        "h": 49.84,
        "w": 42.94,
        "x": 120.64,
        "y": 322.81
      },
      "name": "Cisto Inviável"
    }
  ]
}