{
  "dataset": "Cisto",
  "image": {
    "width": 640,
    "height": 480,
    "original_filename": "Cisto268.jpg",
    "filename": "Cisto268.jpg",
    "url": "https://darwin.v7labs.com/api/images/38437972/original",
    "thumbnail_url": "https://darwin.v7labs.com/api/images/38437972/thumbnail",
    "path": "/",
    "workview_url": "https://darwin.v7labs.com/workview?dataset=38016&image=311"
  },
  "annotations": [
    {
      "bounding_box": {
        "h": 65.94,
        "w": 72.08,
        "x": 345.3,
        "y": 185.56
      },
      "name": "Cisto Inviável"
    },
    {
      "bounding_box": {
        "h": 70.4,
        "w": 68.04,
        "x": 21.04,
        "y": 227.91
      },
      "name": "Cisto Inviável"
    },
    {
      "bounding_box": {
        "h": 72.31,
        "w": 87.92,
        "x": 92.7,
        "y": 215.43
      },
      "name": "Cisto Viável"
    },
    {
      "bounding_box": {
        "h": 67.0,
        "w": 73.87,
        "x": 527.64,
        "y": 174.92
      },
      "name": "Cisto Viável"
    },
    {
      "bounding_box": {
        "h": 59.93,
        "w": 66.72,
        "x": 36.28,
        "y": 160.12
      },
      "name": "Não Cisto"
    }
  ]
}