{
  "dataset": "Cisto",
  "image": {
    "width": 640,
    "height": 480,
    "original_filename": "Cisto248.jpg",
    "filename": "Cisto248.jpg",
    "url": "https://darwin.v7labs.com/api/images/38438013/original",
    "thumbnail_url": "https://darwin.v7labs.com/api/images/38438013/thumbnail",
    "path": "/",
    "workview_url": "https://darwin.v7labs.com/workview?dataset=38016&image=352"
  },
  "annotations": [
    {
      "bounding_box": {
        "h": 50.61,
        "w": 46.77,
        "x": 10.99,
        "y": 270.67
      },
      "name": "Cisto Viável"
    },
    {
      "bounding_box": {
        "h": 65.18,
        "w": 44.47,
        "x": 142.88,
        "y": 239.23
      },
      "name": "Cisto Viável"
    },
    {
      "bounding_box": {
        "h": 46.77,
        "w": 28.37,
        "x": 42.43,
        "y": 362.68
      },
      "name": "Cisto Viável"
    },
    {
      "bounding_box": {
        "h": 35.27,
        "w": 46.01,
        "x": 478.72,
        "y": 272.97
      },
      "name": "Cisto Viável"
    },
    {
      "bounding_box": {
        "h": 36.04,
        "w": 42.17,
        "x": 426.58,
        "y": 272.2
      },
      "name": "Cisto Viável"
    },
    {
      "bounding_box": {
        "h": 35.27,
        "w": 35.27,
        "x": 365.24,
        "y": 302.11
      },
      "name": "Cisto Viável"
    },
    {
      "bounding_box": {
        "h": 24.54,
        "w": 30.67,
        "x": 68.5,
        "y": 322.04
      },
      "name": "Cisto Viável"
    },
    {
      "bounding_box": {
        "h": 35.27,
        "w": 27.6,
        "x": 78.47,
        "y": 243.83
      },
      "name": "Não Cisto"
    },
    {
      "bounding_box": {
        "h": 25.3,
        "w": 25.3,
        "x": 24.03,
        "y": 341.21
      },
      "name": "Não Cisto"
    },
    {
      "bounding_box": {
        "h": 44.47,
        "w": 39.11,
        "x": 151.31,
        "y": 336.61
      },
      "name": "Cisto Inviável"
    }
  ]
}