{
  "dataset": "Cisto",
  "image": {
    "width": 640,
    "height": 480,
    "original_filename": "Cisto21.jpg",
    "filename": "Cisto21.jpg",
    "url": "https://darwin.v7labs.com/api/images/38438119/original",
    "thumbnail_url": "https://darwin.v7labs.com/api/images/38438119/thumbnail",
    "path": "/",
    "workview_url": "https://darwin.v7labs.com/workview?dataset=38016&image=458"
  },
  "annotations": [
    {
      "bounding_box": {
        "h": 38.88,
        "w": 32.24,
        "x": 425.98,
        "y": 81.12
      },
      "name": "Cisto Viável"
    },
    {
      "bounding_box": {
        "h": 78.71,
        "w": 63.54,
        "x": 357.7,
        "y": 280.27
      },
      "name": "Cisto Inviável"
    },
    {
      "bounding_box": {
        "h": 56.9,
        "w": 54.05,
        "x": 440.2,
        "y": 103.88
      },
      "name": "Cisto Inviável"
    }
  ]
}