{
  "dataset": "Cisto",
  "image": {
    "width": 640,
    "height": 480,
    "original_filename": "Cisto157.jpg",
    "filename": "Cisto157.jpg",
    "url": "https://darwin.v7labs.com/api/images/38437966/original",
    "thumbnail_url": "https://darwin.v7labs.com/api/images/38437966/thumbnail",
    "path": "/",
    "workview_url": "https://darwin.v7labs.com/workview?dataset=38016&image=305"
  },
  "annotations": [
    {
      "bounding_box": {
        "h": 64.62,
        "w": 61.81,
        "x": 298.74,
        "y": 222.61
      },
      "name": "Cisto Viável"
    },
    {
      "bounding_box": {
        "h": 52.45,
        "w": 42.14,
        "x": 571.28,
        "y": 30.62
      },
      "name": "Cisto Viável"
    },
    {
      "bounding_box": {
        "h": 35.72,
        "w": 45.03,
        "x": 96.01,
        "y": 256.96
      },
      "name": "Não Cisto"
    },
    {
      "bounding_box": {
        "h": 56.68,
        "w": 69.88,
        "x": 199.27,
        "y": 291.9
      },
      "name": "Não Cisto"
    },
    {
      "bounding_box": {
        "h": 61.34,
        "w": 56.68,
        "x": 564.19,
        "y": 294.23
      },
      "name": "Não Cisto"
    },
    {
      "bounding_box": {
        "h": 33.39,
        "w": 46.59,
        "x": 490.43,
        "y": 372.65
      },
      "name": "Não Cisto"
    }
  ]
}