{
  "dataset": "Cisto",
  "image": {
    "width": 640,
    "height": 480,
    "original_filename": "Cisto200.jpg",
    "filename": "Cisto200.jpg",
    "url": "https://darwin.v7labs.com/api/images/38438071/original",
    "thumbnail_url": "https://darwin.v7labs.com/api/images/38438071/thumbnail",
    "path": "/",
    "workview_url": "https://darwin.v7labs.com/workview?dataset=38016&image=410"
  },
  "annotations": [
    {
      "bounding_box": {
        "h": 46.77,
        "w": 57.51,
        "x": 153.61,
        "y": 226.96
      },
      "name": "Cisto Viável"
    },
    {
      "bounding_box": {
        "h": 44.47,
        "w": 42.94,
        "x": 258.66,
        "y": 176.36
      },
      "name": "Cisto Viável"
    },
    {
      "bounding_box": {
        "h": 70.54,
        "w": 63.64,
        "x": 438.08,
        "y": 157.19
      },
      "name": "Cisto Viável"
    },
    {
      "bounding_box": {
        "h": 33.44,
        "w": 35.82,
        "x": 63.13,
        "y": 133.02
      },
      "name": "Não Cisto"
    },
    {
      "bounding_box": {
        "h": 73.24,
        "w": 57.32,
        "x": 505.74,
        "y": 50.23
      },
      "name": "Não Cisto"
    },
    {
      "bounding_box": {
        "h": 85.98,
        "w": 107.47,
        "x": 98.15,
        "y": 266.76
      },
      "name": "Não Cisto"
    }
  ]
}