{
  "dataset": "Cisto",
  "image": {
    "width": 640,
    "height": 480,
    "original_filename": "Cisto78.jpg",
    "filename": "Cisto78.jpg",
    "url": "https://darwin.v7labs.com/api/images/38437906/original",
    "thumbnail_url": "https://darwin.v7labs.com/api/images/38437906/thumbnail",
    "path": "/",
    "workview_url": "https://darwin.v7labs.com/workview?dataset=38016&image=245"
  },
  "annotations": [
    {
      "bounding_box": {
        "h": 125.75,
        "w": 69.01,
        "x": 70.03,
        "y": 204.73
      },
      "name": "Não Cisto"
    },
    {
      "bounding_box": {
        "h": 45.24,
        "w": 39.11,
        "x": 260.19,
        "y": 291.37
      },
      "name": "Não Cisto"
    },
    {
      "bounding_box": {
        "h": 47.54,
        "w": 36.04,
        "x": 306.96,
        "y": 362.68
      },
      "name": "Não Cisto"
    },
    {
      "bounding_box": {
        "h": 36.81,
        "w": 42.94,
        "x": 197.32,
        "y": 143.39
      },
      "name": "Não Cisto"
    },
    {
      "bounding_box": {
        "h": 62.88,
        "w": 75.91,
        "x": 253.29,
        "y": 0.77
      },
      "name": "Não Cisto"
    },
    {
      "bounding_box": {
        "h": 79.74,
        "w": 61.34,
        "x": 214.95,
        "y": 342.75
      },
      "name": "Cisto Viável"
    },
    {
      "bounding_box": {
        "h": 56.69,
        "w": 72.71,
        "x": 252.9,
        "y": 105.81
      },
      "name": "Cisto Viável"
    }
  ]
}