{
  "dataset": "Cisto",
  "image": {
    "width": 640,
    "height": 480,
    "original_filename": "Cisto490.jpg",
    "filename": "Cisto490.jpg",
    "url": "https://darwin.v7labs.com/api/images/38437678/original",
    "thumbnail_url": "https://darwin.v7labs.com/api/images/38437678/thumbnail",
    "path": "/",
    "workview_url": "https://darwin.v7labs.com/workview?dataset=38016&image=17"
  },
  "annotations": [
    {
      "bounding_box": {
        "h": 35.09,
        "w": 42.67,
        "x": 270.86,
        "y": 198.98
      },
      "name": "Cisto Viável"
    },
    {
      "bounding_box": {
        "h": 66.38,
        "w": 97.68,
        "x": 60.33,
        "y": 134.49
      },
      "name": "Não Cisto"
    },
    {
      "bounding_box": {
        "h": 56.9,
        "w": 37.93,
        "x": 173.18,
        "y": 156.3
      },
      "name": "Não Cisto"
    },
    {
      "bounding_box": {
        "h": 91.04,
        "w": 62.59,
        "x": 127.66,
        "y": 213.2
      },
      "name": "Não Cisto"
    },
    {
      "bounding_box": {
        "h": 21.81,
        "w": 58.8,
        "x": 10.07,
        "y": 237.86
      },
      "name": "Não Cisto"
    },
    {
      "bounding_box": {
        "h": 69.23,
        "w": 79.66,
        "x": 30.93,
        "y": 259.67
      },
      "name": "Não Cisto"
    },
    {
      "bounding_box": {
        "h": 106.21,
        "w": 87.25,
        "x": 143.78,
        "y": 335.54
      },
      "name": "Não Cisto"
    },
    {
      "bounding_box": {
        "h": 27.5,
        "w": 53.11,
        "x": 292.67,
        "y": 5.52
      },
      "name": "Não Cisto"
    },
    {
      "bounding_box": {
        "h": 33.19,
        "w": 47.42,
        "x": 354.31,
        "y": 73.8
      },
      "name": "Não Cisto"
    },
    {
      "bounding_box": {
        "h": 24.66,
        "w": 31.29,
        "x": 289.82,
        "y": 64.32
      },
      "name": "Não Cisto"
    },
    {
      "bounding_box": {
        "h": 38.88,
        "w": 66.38,
        "x": 273.7,
        "y": 117.42
      },
      "name": "Não Cisto"
    },
    {
      "bounding_box": {
        "h": 41.73,
        "w": 44.57,
        "x": 281.29,
        "y": 152.51
      },
      "name": "Não Cisto"
    },
    {
      "bounding_box": {
        "h": 172.59,
        "w": 73.97,
        "x": 334.4,
        "y": 111.73
      },
      "name": "Não Cisto"
    },
    {
      "bounding_box": {
        "h": 68.28,
        "w": 75.87,
        "x": 372.33,
        "y": 285.28
      },
      "name": "Não Cisto"
    },
    {
      "bounding_box": {
        "h": 53.11,
        "w": 53.11,
        "x": 588.55,
        "y": 143.03
      },
      "name": "Não Cisto"
    },
    {
      "bounding_box": {
        "h": 63.54,
        "w": 73.97,
        "x": 563.89,
        "y": 231.22
      },
      "name": "Não Cisto"
    },
    {
      "bounding_box": {
        "h": 57.85,
        "w": 55.0,
        "x": 6.28,
        "y": 418.99
      },
      "name": "Não Cisto"
    },
    {
      "bounding_box": {
        "h": 56.9,
        "w": 110.01,
        "x": 63.18,
        "y": 95.61
      },
      "name": "Não Cisto"
    },
    {
      "bounding_box": {
        "h": 62.59,
        "w": 52.16,
        "x": 241.46,
        "y": 297.6
      },
      "name": "Não Cisto"
    },
    {
      "bounding_box": {
        "h": 25.83,
        "w": 21.19,
        "x": 71.25,
        "y": 228.69
      },
      "name": "Cisto Viável"
    },
    {
      "bounding_box": {
        "h": 23.84,
        "w": 23.18,
        "x": 454.08,
        "y": 181.67
      },
      "name": "Cisto Inviável"
    }
  ]
}