{
  "dataset": "Cisto",
  "image": {
    "width": 640,
    "height": 480,
    "original_filename": "Cisto495.jpg",
    "filename": "Cisto495.jpg",
    "url": "https://darwin.v7labs.com/api/images/38437681/original",
    "thumbnail_url": "https://darwin.v7labs.com/api/images/38437681/thumbnail",
    "path": "/",
    "workview_url": "https://darwin.v7labs.com/workview?dataset=38016&image=20"
  },
  "annotations": [
    {
      "bounding_box": {
        "h": 37.57,
        "w": 40.64,
        "x": 255.59,
        "y": 197.83
      },
      "name": "Cisto Viável"
    },
    {
      "bounding_box": {
        "h": 42.94,
        "w": 36.04,
        "x": 297.76,
        "y": 253.04
      },
      "name": "Cisto Viável"
    },
    {
      "bounding_box": {
        "h": 29.9,
        "w": 44.47,
        "x": 27.09,
        "y": 281.41
      },
      "name": "Não Cisto"
    },
    {
      "bounding_box": {
        "h": 21.54,
        "w": 28.1,
        "x": 263.37,
        "y": 158.63
      },
      "name": "Não Cisto"
    },
    {
      "bounding_box": {
        "h": 29.97,
        "w": 41.21,
        "x": 372.0,
        "y": 215.76
      },
      "name": "Não Cisto"
    },
    {
      "bounding_box": {
        "h": 30.91,
        "w": 36.53,
        "x": 360.77,
        "y": 246.67
      },
      "name": "Não Cisto"
    },
    {
      "bounding_box": {
        "h": 34.65,
        "w": 41.21,
        "x": 456.29,
        "y": 359.05
      },
      "name": "Não Cisto"
    },
    {
      "bounding_box": {
        "h": 52.45,
        "w": 47.76,
        "x": 432.88,
        "y": 315.03
      },
      "name": "Não Cisto"
    },
    {
      "bounding_box": {
        "h": 25.26,
        "w": 37.89,
        "x": 323.54,
        "y": 0.22
      },
      "name": "Não Cisto"
    },
    {
      "bounding_box": {
        "h": 43.47,
        "w": 18.92,
        "x": 340.24,
        "y": 257.11
      },
      "name": "Não Cisto"
    }
  ]
}