{
  "dataset": "Cisto",
  "image": {
    "width": 640,
    "height": 480,
    "original_filename": "Cisto210.jpg",
    "filename": "Cisto210.jpg",
    "url": "https://darwin.v7labs.com/api/images/38438031/original",
    "thumbnail_url": "https://darwin.v7labs.com/api/images/38438031/thumbnail",
    "path": "/",
    "workview_url": "https://darwin.v7labs.com/workview?dataset=38016&image=370"
  },
  "annotations": [
    {
      "bounding_box": {
        "h": 56.74,
        "w": 66.71,
        "x": 197.32,
        "y": 105.81
      },
      "name": "Cisto Viável"
    },
    {
      "bounding_box": {
        "h": 83.58,
        "w": 65.94,
        "x": 198.85,
        "y": 363.45
      },
      "name": "Cisto Inviável"
    }
  ]
}