{
  "dataset": "Cisto",
  "image": {
    "width": 640,
    "height": 480,
    "original_filename": "Cisto249.jpg",
    "filename": "Cisto249.jpg",
    "url": "https://darwin.v7labs.com/api/images/38438027/original",
    "thumbnail_url": "https://darwin.v7labs.com/api/images/38438027/thumbnail",
    "path": "/",
    "workview_url": "https://darwin.v7labs.com/workview?dataset=38016&image=366"
  },
  "annotations": [
    {
      "bounding_box": {
        "h": 38.34,
        "w": 38.34,
        "x": 126.77,
        "y": 122.68
      },
      "name": "Cisto Viável"
    },
    {
      "bounding_box": {
        "h": 42.17,
        "w": 39.87,
        "x": 159.74,
        "y": 148.75
      },
      "name": "Cisto Viável"
    },
    {
      "bounding_box": {
        "h": 45.24,
        "w": 42.94,
        "x": 448.05,
        "y": 263.0
      },
      "name": "Cisto Viável"
    },
    {
      "bounding_box": {
        "h": 48.31,
        "w": 46.01,
        "x": 356.81,
        "y": 345.81
      },
      "name": "Cisto Inviável"
    },
    {
      "bounding_box": {
        "h": 44.47,
        "w": 36.81,
        "x": 172.78,
        "y": 47.54
      },
      "name": "Cisto Inviável"
    },
    {
      "bounding_box": {
        "h": 30.32,
        "w": 36.39,
        "x": 427.87,
        "y": 37.09
      },
      "name": "Cisto Viável"
    },
    {
      "bounding_box": {
        "h": 31.08,
        "w": 30.32,
        "x": 385.42,
        "y": 110.62
      },
      "name": "Cisto Viável"
    }
  ]
}