{
  "dataset": "Cisto",
  "image": {
    "width": 640,
    "height": 480,
    "original_filename": "Cisto118.jpg",
    "filename": "Cisto118.jpg",
    "url": "https://darwin.v7labs.com/api/images/38437965/original",
    "thumbnail_url": "https://darwin.v7labs.com/api/images/38437965/thumbnail",
    "path": "/",
    "workview_url": "https://darwin.v7labs.com/workview?dataset=38016&image=304"
  },
  "annotations": [
    {
      "bounding_box": {
        "h": 26.22,
        "w": 32.29,
        "x": 47.56,
        "y": 58.18
      },
      "name": "Cisto Viável"
    },
    {
      "bounding_box": {
        "h": 41.41,
        "w": 43.71,
        "x": 253.82,
        "y": 86.03
      },
      "name": "Cisto Viável"
    },
    {
      "bounding_box": {
        "h": 34.5,
        "w": 55.97,
        "x": 307.49,
        "y": 126.67
      },
      "name": "Cisto Viável"
    },
    {
      "bounding_box": {
        "h": 55.97,
        "w": 46.01,
        "x": 388.77,
        "y": 53.83
      },
      "name": "Cisto Viável"
    },
    {
      "bounding_box": {
        "h": 36.04,
        "w": 35.27,
        "x": 239.25,
        "y": 129.74
      },
      "name": "Cisto Viável"
    },
    {
      "bounding_box": {
        "h": 40.64,
        "w": 50.61,
        "x": 472.35,
        "y": 248.59
      },
      "name": "Cisto Viável"
    },
    {
      "bounding_box": {
        "h": 32.84,
        "w": 25.68,
        "x": 564.43,
        "y": 294.63
      },
      "name": "Cisto Viável"
    },
    {
      "bounding_box": {
        "h": 30.59,
        "w": 41.26,
        "x": 232.25,
        "y": 445.38
      },
      "name": "Cisto Viável"
    },
    {
      "bounding_box": {
        "h": 70.28,
        "w": 38.22,
        "x": 161.63,
        "y": 163.73
      },
      "name": "Não Cisto"
    },
    {
      "bounding_box": {
        "h": 45.62,
        "w": 66.58,
        "x": 194.92,
        "y": 178.53
      },
      "name": "Não Cisto"
    },
    {
      "bounding_box": {
        "h": 34.52,
        "w": 36.99,
        "x": 286.16,
        "y": 25.64
      },
      "name": "Não Cisto"
    },
    {
      "bounding_box": {
        "h": 85.08,
        "w": 133.16,
        "x": 112.31,
        "y": 393.07
      },
      "name": "Não Cisto"
    },
    {
      "bounding_box": {
        "h": 49.32,
        "w": 62.88,
        "x": 479.74,
        "y": 288.26
      },
      "name": "Não Cisto"
    },
    {
      "bounding_box": {
        "h": 66.58,
        "w": 67.81,
        "x": 448.92,
        "y": 102.08
      },
      "name": "Não Cisto"
    },
    {
      "bounding_box": {
        "h": 77.68,
        "w": 133.16,
        "x": 240.54,
        "y": 237.71
      },
      "name": "Não Cisto"
    }
  ]
}