{
  "dataset": "Cisto",
  "image": {
    "width": 640,
    "height": 480,
    "original_filename": "Cisto390.jpg",
    "filename": "Cisto390.jpg",
    "url": "https://darwin.v7labs.com/api/images/38437826/original",
    "thumbnail_url": "https://darwin.v7labs.com/api/images/38437826/thumbnail",
    "path": "/",
    "workview_url": "https://darwin.v7labs.com/workview?dataset=38016&image=165"
  },
  "annotations": [
    {
      "bounding_box": {
        "h": 57.51,
        "w": 83.58,
        "x": 395.14,
        "y": 217.0
      },
      "name": "Não Cisto"
    },
    {
      "bounding_box": {
        "h": 34.5,
        "w": 36.81,
        "x": 450.35,
        "y": 173.29
      },
      "name": "Não Cisto"
    },
    {
      "bounding_box": {
        "h": 30.67,
        "w": 31.44,
        "x": 274.76,
        "y": 86.65
      },
      "name": "Não Cisto"
    },
    {
      "bounding_box": {
        "h": 33.74,
        "w": 54.44,
        "x": 237.96,
        "y": 400.26
      },
      "name": "Não Cisto"
    },
    {
      "bounding_box": {
        "h": 62.88,
        "w": 75.14,
        "x": 191.18,
        "y": 240.77
      },
      "name": "Cisto Viável"
    }
  ]
}