{
  "dataset": "Cisto",
  "image": {
    "width": 640,
    "height": 480,
    "original_filename": "Cisto220.jpg",
    "filename": "Cisto220.jpg",
    "url": "https://darwin.v7labs.com/api/images/38438056/original",
    "thumbnail_url": "https://darwin.v7labs.com/api/images/38438056/thumbnail",
    "path": "/",
    "workview_url": "https://darwin.v7labs.com/workview?dataset=38016&image=395"
  },
  "annotations": [
    {
      "bounding_box": {
        "h": 42.02,
        "w": 40.19,
        "x": 337.59,
        "y": 129.15
      },
      "name": "Cisto Viável"
    },
    {
      "bounding_box": {
        "h": 41.1,
        "w": 33.8,
        "x": 478.25,
        "y": 151.07
      },
      "name": "Cisto Viável"
    },
    {
      "bounding_box": {
        "h": 44.76,
        "w": 39.28,
        "x": 342.15,
        "y": 181.21
      },
      "name": "Cisto Viável"
    },
    {
      "bounding_box": {
        "h": 41.1,
        "w": 40.19,
        "x": 520.27,
        "y": 0.35
      },
      "name": "Cisto Viável"
    },
    {
      "bounding_box": {
        "h": 75.81,
        "w": 63.94,
        "x": 218.84,
        "y": 172.99
      },
      "name": "Cisto Inviável"
    },
    {
      "bounding_box": {
        "h": 63.03,
        "w": 62.11,
        "x": 113.8,
        "y": 330.1
      },
      "name": "Cisto Inviável"
    },
    {
      "bounding_box": {
        "h": 44.76,
        "w": 43.84,
        "x": 403.35,
        "y": 42.37
      },
      "name": "Cisto Inviável"
    },
    {
      "bounding_box": {
        "h": 51.15,
        "w": 95.91,
        "x": 252.64,
        "y": 269.81
      },
      "name": "Cisto Inviável"
    }
  ]
}