{
  "dataset": "Cisto",
  "image": {
    "width": 640,
    "height": 480,
    "original_filename": "Cisto167.jpg",
    "filename": "Cisto167.jpg",
    "url": "https://darwin.v7labs.com/api/images/38437950/original",
    "thumbnail_url": "https://darwin.v7labs.com/api/images/38437950/thumbnail",
    "path": "/",
    "workview_url": "https://darwin.v7labs.com/workview?dataset=38016&image=289"
  },
  "annotations": [
    {
      "bounding_box": {
        "h": 58.23,
        "w": 92.39,
        "x": 404.64,
        "y": 250.36
      },
      "name": "Cisto Viável"
    },
    {
      "bounding_box": {
        "h": 42.7,
        "w": 30.28,
        "x": 375.14,
        "y": 157.19
      },
      "name": "Não Cisto"
    },
    {
      "bounding_box": {
        "h": 41.93,
        "w": 38.04,
        "x": 412.41,
        "y": 391.67
      },
      "name": "Não Cisto"
    }
  ]
}