{
  "dataset": "Cisto",
  "image": {
    "width": 640,
    "height": 480,
    "original_filename": "Cisto474.jpg",
    "filename": "Cisto474.jpg",
    "url": "https://darwin.v7labs.com/api/images/38437886/original",
    "thumbnail_url": "https://darwin.v7labs.com/api/images/38437886/thumbnail",
    "path": "/",
    "workview_url": "https://darwin.v7labs.com/workview?dataset=38016&image=225"
  },
  "annotations": [
    {
      "bounding_box": {
        "h": 69.01,
        "w": 52.91,
        "x": 263.26,
        "y": 161.02
      },
      "name": "Cisto Viável"
    },
    {
      "bounding_box": {
        "h": 122.68,
        "w": 85.88,
        "x": 215.72,
        "y": 311.31
      },
      "name": "Não Cisto"
    }
  ]
}