{
  "dataset": "Cisto",
  "image": {
    "width": 640,
    "height": 480,
    "original_filename": "Cisto277.jpg",
    "filename": "Cisto277.jpg",
    "url": "https://darwin.v7labs.com/api/images/38437987/original",
    "thumbnail_url": "https://darwin.v7labs.com/api/images/38437987/thumbnail",
    "path": "/",
    "workview_url": "https://darwin.v7labs.com/workview?dataset=38016&image=326"
  },
  "annotations": [
    {
      "bounding_box": {
        "h": 69.01,
        "w": 61.34,
        "x": 280.13,
        "y": 221.6
      },
      "name": "Cisto Viável"
    }
  ]
}