{
  "dataset": "Cisto",
  "image": {
    "width": 640,
    "height": 480,
    "original_filename": "Cisto403.jpg",
    "filename": "Cisto403.jpg",
    "url": "https://darwin.v7labs.com/api/images/38437871/original",
    "thumbnail_url": "https://darwin.v7labs.com/api/images/38437871/thumbnail",
    "path": "/",
    "workview_url": "https://darwin.v7labs.com/workview?dataset=38016&image=210"
  },
  "annotations": [
    {
      "bounding_box": {
        "h": 52.91,
        "w": 57.51,
        "x": 32.46,
        "y": 162.56
      },
      "name": "Cisto Viável"
    },
    {
      "bounding_box": {
        "h": 39.11,
        "w": 36.81,
        "x": 432.72,
        "y": 318.21
      },
      "name": "Cisto Viável"
    },
    {
      "bounding_box": {
        "h": 79.74,
        "w": 108.12,
        "x": 336.87,
        "y": 335.85
      },
      "name": "Não Cisto"
    },
    {
      "bounding_box": {
        "h": 90.48,
        "w": 87.41,
        "x": 212.65,
        "y": 287.54
      },
      "name": "Não Cisto"
    },
    {
      "bounding_box": {
        "h": 58.27,
        "w": 153.35,
        "x": 128.31,
        "y": 368.82
      },
      "name": "Não Cisto"
    }
  ]
}