{
  "dataset": "Cisto",
  "image": {
    "width": 640,
    "height": 480,
    "original_filename": "Cisto336.jpg",
    "filename": "Cisto336.jpg",
    "url": "https://darwin.v7labs.com/api/images/38437711/original",
    "thumbnail_url": "https://darwin.v7labs.com/api/images/38437711/thumbnail",
    "path": "/",
    "workview_url": "https://darwin.v7labs.com/workview?dataset=38016&image=50"
  },
  "annotations": [
    {
      "bounding_box": {
        "h": 55.21,
        "w": 46.01,
        "x": 212.65,
        "y": 170.22
      },
      "name": "Cisto Viável"
    },
    {
      "bounding_box": {
        "h": 27.6,
        "w": 26.07,
        "x": 416.61,
        "y": 157.96
      },
      "name": "Não Cisto"
    },
    {
      "bounding_box": {
        "h": 46.77,
        "w": 63.64,
        "x": 376.74,
        "y": 5.37
      },
      "name": "Não Cisto"
    },
    {
      "bounding_box": {
        "h": 26.07,
        "w": 37.57,
        "x": 137.51,
        "y": 388.75
      },
      "name": "Não Cisto"
    },
    {
      "bounding_box": {
        "h": 35.27,
        "w": 36.81,
        "x": 215.72,
        "y": 420.19
      },
      "name": "Não Cisto"
    },
    {
      "bounding_box": {
        "h": 31.44,
        "w": 32.97,
        "x": 194.25,
        "y": 446.26
      },
      "name": "Não Cisto"
    }
  ]
}