{
  "dataset": "Cisto",
  "image": {
    "width": 640,
    "height": 480,
    "original_filename": "Cisto380.jpg",
    "filename": "Cisto380.jpg",
    "url": "https://darwin.v7labs.com/api/images/38437773/original",
    "thumbnail_url": "https://darwin.v7labs.com/api/images/38437773/thumbnail",
    "path": "/",
    "workview_url": "https://darwin.v7labs.com/workview?dataset=38016&image=112"
  },
  "annotations": [
    {
      "bounding_box": {
        "h": 42.75,
        "w": 33.8,
        "x": 504.58,
        "y": 136.59
      },
      "name": "Não Cisto"
    },
    {
      "bounding_box": {
        "h": 80.53,
        "w": 46.73,
        "x": 126.78,
        "y": 308.59
      },
      "name": "Não Cisto"
    },
    {
      "bounding_box": {
        "h": 72.58,
        "w": 56.67,
        "x": 212.28,
        "y": 127.64
      },
      "name": "Cisto Viável"
    },
    {
      "bounding_box": {
        "h": 46.75,
        "w": 50.2,
        "x": 150.14,
        "y": 286.69
      },
      "name": "Cisto Viável"
    }
  ]
}