{
  "dataset": "Cisto",
  "image": {
    "width": 640,
    "height": 480,
    "original_filename": "Cisto382.jpg",
    "filename": "Cisto382.jpg",
    "url": "https://darwin.v7labs.com/api/images/38437883/original",
    "thumbnail_url": "https://darwin.v7labs.com/api/images/38437883/thumbnail",
    "path": "/",
    "workview_url": "https://darwin.v7labs.com/workview?dataset=38016&image=222"
  },
  "annotations": [
    {
      "bounding_box": {
        "h": 41.43,
        "w": 45.2,
        "x": 285.51,
        "y": 325.03
      },
      "name": "Cisto Viável"
    },
    {
      "bounding_box": {
        "h": 52.11,
        "w": 41.43,
        "x": 148.02,
        "y": 90.87
      },
      "name": "Cisto Viável"
    },
    {
      "bounding_box": {
        "h": 44.49,
        "w": 36.47,
        "x": 280.82,
        "y": 186.1
      },
      "name": "Cisto Viável"
    },
    {
      "bounding_box": {
        "h": 43.26,
        "w": 44.89,
        "x": 323.3,
        "y": 434.81
      },
      "name": "Não Cisto"
    },
    {
      "bounding_box": {
        "h": 37.55,
        "w": 34.28,
        "x": 235.15,
        "y": 163.01
      },
      "name": "Não Cisto"
    },
    {
      "bounding_box": {
        "h": 41.63,
        "w": 40.81,
        "x": 256.37,
        "y": 132.81
      },
      "name": "Não Cisto"
    },
    {
      "bounding_box": {
        "h": 63.67,
        "w": 48.16,
        "x": 98.03,
        "y": 356.45
      },
      "name": "Não Cisto"
    }
  ]
}