{
  "dataset": "Cisto",
  "image": {
    "width": 640,
    "height": 480,
    "original_filename": "Cisto426.jpg",
    "filename": "Cisto426.jpg",
    "url": "https://darwin.v7labs.com/api/images/38437852/original",
    "thumbnail_url": "https://darwin.v7labs.com/api/images/38437852/thumbnail",
    "path": "/",
    "workview_url": "https://darwin.v7labs.com/workview?dataset=38016&image=191"
  },
  "annotations": [
    {
      "bounding_box": {
        "h": 42.17,
        "w": 48.31,
        "x": 165.88,
        "y": 138.02
      },
      "name": "Cisto Inviável"
    },
    {
      "bounding_box": {
        "h": 39.87,
        "w": 35.27,
        "x": 223.39,
        "y": 142.62
      },
      "name": "Cisto Inviável"
    },
    {
      "bounding_box": {
        "h": 49.84,
        "w": 42.94,
        "x": 254.06,
        "y": 175.59
      },
      "name": "Cisto Viável"
    },
    {
      "bounding_box": {
        "h": 42.94,
        "w": 52.91,
        "x": 234.12,
        "y": 232.33
      },
      "name": "Não Cisto"
    },
    {
      "bounding_box": {
        "h": 40.64,
        "w": 52.91,
        "x": 362.17,
        "y": 373.42
      },
      "name": "Não Cisto"
    }
  ]
}