{
  "dataset": "Cisto",
  "image": {
    "width": 640,
    "height": 480,
    "original_filename": "Cisto231.jpg",
    "filename": "Cisto231.jpg",
    "url": "https://darwin.v7labs.com/api/images/38437888/original",
    "thumbnail_url": "https://darwin.v7labs.com/api/images/38437888/thumbnail",
    "path": "/",
    "workview_url": "https://darwin.v7labs.com/workview?dataset=38016&image=227"
  },
  "annotations": [
    {
      "bounding_box": {
        "h": 44.47,
        "w": 60.58,
        "x": 258.66,
        "y": 211.63
      },
      "name": "Cisto Inviável"
    },
    {
      "bounding_box": {
        "h": 52.14,
        "w": 37.57,
        "x": 466.45,
        "y": 121.92
      },
      "name": "Cisto Inviável"
    },
    {
      "bounding_box": {
        "h": 36.81,
        "w": 52.14,
        "x": 580.7,
        "y": 137.25
      },
      "name": "Cisto Inviável"
    },
    {
      "bounding_box": {
        "h": 42.94,
        "w": 42.17,
        "x": 582.24,
        "y": 249.97
      },
      "name": "Cisto Inviável"
    },
    {
      "bounding_box": {
        "h": 52.14,
        "w": 55.21,
        "x": 47.03,
        "y": 148.75
      },
      "name": "Cisto Viável"
    },
    {
      "bounding_box": {
        "h": 40.64,
        "w": 39.87,
        "x": 78.47,
        "y": 259.17
      },
      "name": "Cisto Viável"
    },
    {
      "bounding_box": {
        "h": 26.07,
        "w": 31.44,
        "x": 56.23,
        "y": 252.27
      },
      "name": "Cisto Viável"
    },
    {
      "bounding_box": {
        "h": 44.47,
        "w": 46.01,
        "x": 176.61,
        "y": 265.3
      },
      "name": "Cisto Viável"
    },
    {
      "bounding_box": {
        "h": 32.97,
        "w": 41.41,
        "x": 203.45,
        "y": 177.12
      },
      "name": "Cisto Viável"
    },
    {
      "bounding_box": {
        "h": 29.14,
        "w": 35.27,
        "x": 175.85,
        "y": 41.41
      },
      "name": "Cisto Viável"
    },
    {
      "bounding_box": {
        "h": 30.67,
        "w": 37.57,
        "x": 270.93,
        "y": 131.88
      },
      "name": "Cisto Viável"
    },
    {
      "bounding_box": {
        "h": 43.06,
        "w": 34.52,
        "x": 261.07,
        "y": 245.7
      },
      "name": "Cisto Viável"
    },
    {
      "bounding_box": {
        "h": 29.33,
        "w": 26.11,
        "x": 236.57,
        "y": 250.65
      },
      "name": "Cisto Viável"
    },
    {
      "bounding_box": {
        "h": 38.26,
        "w": 46.63,
        "x": 488.83,
        "y": 226.74
      },
      "name": "Cisto Viável"
    },
    {
      "bounding_box": {
        "h": 38.26,
        "w": 59.78,
        "x": 580.29,
        "y": 164.57
      },
      "name": "Cisto Viável"
    },
    {
      "bounding_box": {
        "h": 39.59,
        "w": 40.98,
        "x": 340.15,
        "y": 195.64
      },
      "name": "Cisto Viável"
    },
    {
      "bounding_box": {
        "h": 58.06,
        "w": 30.9,
        "x": 500.07,
        "y": 113.55
      },
      "name": "Cisto Viável"
    },
    {
      "bounding_box": {
        "h": 56.71,
        "w": 47.1,
        "x": 228.99,
        "y": 288.0
      },
      "name": "Não Cisto"
    },
    {
      "bounding_box": {
        "h": 38.45,
        "w": 39.41,
        "x": 435.65,
        "y": 286.07
      },
      "name": "Não Cisto"
    },
    {
      "bounding_box": {
        "h": 127.84,
        "w": 61.52,
        "x": 223.22,
        "y": 5.39
      },
      "name": "Não Cisto"
    },
    {
      "bounding_box": {
        "h": 160.53,
        "w": 74.02,
        "x": 138.63,
        "y": 79.41
      },
      "name": "Não Cisto"
    }
  ]
}