{
  "dataset": "Cisto",
  "image": {
    "width": 640,
    "height": 480,
    "original_filename": "Cisto53.jpg",
    "filename": "Cisto53.jpg",
    "url": "https://darwin.v7labs.com/api/images/38438097/original",
    "thumbnail_url": "https://darwin.v7labs.com/api/images/38438097/thumbnail",
    "path": "/",
    "workview_url": "https://darwin.v7labs.com/workview?dataset=38016&image=436"
  },
  "annotations": [
    {
      "bounding_box": {
        "h": 62.35,
        "w": 51.75,
        "x": 178.66,
        "y": 228.87
      },
      "name": "Cisto Viável"
    },
    {
      "bounding_box": {
        "h": 59.23,
        "w": 43.64,
        "x": 206.1,
        "y": 274.07
      },
      "name": "Cisto Inviável"
    },
    {
      "bounding_box": {
        "h": 85.88,
        "w": 95.85,
        "x": 389.78,
        "y": 151.82
      },
      "name": "Não Cisto"
    }
  ]
}