{
  "dataset": "Cisto",
  "image": {
    "width": 640,
    "height": 480,
    "original_filename": "Cisto31.jpg",
    "filename": "Cisto31.jpg",
    "url": "https://darwin.v7labs.com/api/images/38438158/original",
    "thumbnail_url": "https://darwin.v7labs.com/api/images/38438158/thumbnail",
    "path": "/",
    "workview_url": "https://darwin.v7labs.com/workview?dataset=38016&image=497"
  },
  "annotations": [
    {
      "bounding_box": {
        "h": 72.08,
        "w": 75.91,
        "x": 188.88,
        "y": 364.22
      },
      "name": "Cisto Viável"
    }
  ]
}