{
  "dataset": "Cisto",
  "image": {
    "width": 640,
    "height": 480,
    "original_filename": "Cisto106.jpg",
    "filename": "Cisto106.jpg",
    "url": "https://darwin.v7labs.com/api/images/38437908/original",
    "thumbnail_url": "https://darwin.v7labs.com/api/images/38437908/thumbnail",
    "path": "/",
    "workview_url": "https://darwin.v7labs.com/workview?dataset=38016&image=247"
  },
  "annotations": [
    {
      "bounding_box": {
        "h": 44.47,
        "w": 65.94,
        "x": 374.44,
        "y": 141.09
      },
      "name": "Cisto Viável"
    },
    {
      "bounding_box": {
        "h": 39.11,
        "w": 52.14,
        "x": 396.68,
        "y": 238.47
      },
      "name": "Cisto Viável"
    },
    {
      "bounding_box": {
        "h": 31.44,
        "w": 29.14,
        "x": 140.58,
        "y": 224.66
      },
      "name": "Não Cisto"
    },
    {
      "bounding_box": {
        "h": 49.84,
        "w": 45.24,
        "x": 277.06,
        "y": 75.14
      },
      "name": "Não Cisto"
    },
    {
      "bounding_box": {
        "h": 35.27,
        "w": 39.87,
        "x": 430.42,
        "y": 378.79
      },
      "name": "Não Cisto"
    }
  ]
}