{
  "dataset": "Cisto",
  "image": {
    "width": 640,
    "height": 480,
    "original_filename": "Cisto366.jpg",
    "filename": "Cisto366.jpg",
    "url": "https://darwin.v7labs.com/api/images/38437733/original",
    "thumbnail_url": "https://darwin.v7labs.com/api/images/38437733/thumbnail",
    "path": "/",
    "workview_url": "https://darwin.v7labs.com/workview?dataset=38016&image=72"
  },
  "annotations": [
    {
      "bounding_box": {
        "h": 149.45,
        "w": 145.97,
        "x": 2.84,
        "y": 18.32
      },
      "name": "Não Cisto"
    },
    {
      "bounding_box": {
        "h": 31.28,
        "w": 27.8,
        "x": 49.75,
        "y": 339.8
      },
      "name": "Não Cisto"
    },
    {
      "bounding_box": {
        "h": 26.07,
        "w": 28.67,
        "x": 256.55,
        "y": 219.9
      },
      "name": "Não Cisto"
    },
    {
      "bounding_box": {
        "h": 25.2,
        "w": 28.67,
        "x": 313.02,
        "y": 196.44
      },
      "name": "Não Cisto"
    },
    {
      "bounding_box": {
        "h": 79.07,
        "w": 121.64,
        "x": 193.99,
        "y": 67.85
      },
      "name": "Não Cisto"
    },
    {
      "bounding_box": {
        "h": 108.61,
        "w": 92.1,
        "x": 252.2,
        "y": 370.21
      },
      "name": "Não Cisto"
    },
    {
      "bounding_box": {
        "h": 55.61,
        "w": 25.2,
        "x": 564.12,
        "y": 68.72
      },
      "name": "Não Cisto"
    },
    {
      "bounding_box": {
        "h": 68.43,
        "w": 61.55,
        "x": 201.47,
        "y": 301.75
      },
      "name": "Cisto Viável"
    },
    {
      "bounding_box": {
        "h": 36.56,
        "w": 36.85,
        "x": 294.44,
        "y": 53.58
      },
      "name": "Cisto Viável"
    },
    {
      "bounding_box": {
        "h": 24.46,
        "w": 26.18,
        "x": 357.72,
        "y": 261.46
      },
      "name": "Cisto Viável"
    },
    {
      "bounding_box": {
        "h": 29.29,
        "w": 34.11,
        "x": 384.59,
        "y": 280.75
      },
      "name": "Cisto Viável"
    }
  ]
}