{
  "dataset": "Cisto",
  "image": {
    "width": 640,
    "height": 480,
    "original_filename": "Cisto64.jpg",
    "filename": "Cisto64.jpg",
    "url": "https://darwin.v7labs.com/api/images/38438113/original",
    "thumbnail_url": "https://darwin.v7labs.com/api/images/38438113/thumbnail",
    "path": "/",
    "workview_url": "https://darwin.v7labs.com/workview?dataset=38016&image=452"
  },
  "annotations": [
    {
      "bounding_box": {
        "h": 33.41,
        "w": 35.98,
        "x": 10.24,
        "y": 129.33
      },
      "name": "Não Cisto"
    },
    {
      "bounding_box": {
        "h": 43.69,
        "w": 48.83,
        "x": 85.79,
        "y": 161.2
      },
      "name": "Não Cisto"
    },
    {
      "bounding_box": {
        "h": 45.23,
        "w": 43.17,
        "x": 295.5,
        "y": 125.22
      },
      "name": "Não Cisto"
    },
    {
      "bounding_box": {
        "h": 66.82,
        "w": 48.83,
        "x": 267.23,
        "y": 199.23
      },
      "name": "Cisto Inviável"
    }
  ]
}