{
  "dataset": "Cisto",
  "image": {
    "width": 640,
    "height": 480,
    "original_filename": "Cisto123.jpg",
    "filename": "Cisto123.jpg",
    "url": "https://darwin.v7labs.com/api/images/38437939/original",
    "thumbnail_url": "https://darwin.v7labs.com/api/images/38437939/thumbnail",
    "path": "/",
    "workview_url": "https://darwin.v7labs.com/workview?dataset=38016&image=278"
  },
  "annotations": [
    {
      "bounding_box": {
        "h": 81.65,
        "w": 74.8,
        "x": 422.57,
        "y": 197.01
      },
      "name": "Não Cisto"
    },
    {
      "bounding_box": {
        "h": 89.71,
        "w": 82.81,
        "x": 299.03,
        "y": 52.95
      },
      "name": "Cisto Viável"
    }
  ]
}