{
  "dataset": "Cisto",
  "image": {
    "width": 640,
    "height": 480,
    "original_filename": "Cisto419.jpg",
    "filename": "Cisto419.jpg",
    "url": "https://darwin.v7labs.com/api/images/38437868/original",
    "thumbnail_url": "https://darwin.v7labs.com/api/images/38437868/thumbnail",
    "path": "/",
    "workview_url": "https://darwin.v7labs.com/workview?dataset=38016&image=207"
  },
  "annotations": [
    {
      "bounding_box": {
        "h": 37.93,
        "w": 35.74,
        "x": 205.72,
        "y": 203.55
      },
      "name": "Cisto Viável"
    },
    {
      "bounding_box": {
        "h": 39.8,
        "w": 50.82,
        "x": 41.19,
        "y": 200.23
      },
      "name": "Cisto Inviável"
    },
    {
      "bounding_box": {
        "h": 72.94,
        "w": 38.61,
        "x": 124.83,
        "y": 91.7
      },
      "name": "Não Cisto"
    },
    {
      "bounding_box": {
        "h": 139.01,
        "w": 43.76,
        "x": 393.41,
        "y": 118.3
      },
      "name": "Não Cisto"
    },
    {
      "bounding_box": {
        "h": 73.79,
        "w": 60.92,
        "x": 331.63,
        "y": 334.54
      },
      "name": "Não Cisto"
    },
    {
      "bounding_box": {
        "h": 36.9,
        "w": 37.76,
        "x": 180.61,
        "y": 395.46
      },
      "name": "Não Cisto"
    },
    {
      "bounding_box": {
        "h": 36.04,
        "w": 51.48,
        "x": 53.61,
        "y": 389.45
      },
      "name": "Não Cisto"
    },
    {
      "bounding_box": {
        "h": 37.74,
        "w": 76.08,
        "x": 394.71,
        "y": 58.96
      },
      "name": "Não Cisto"
    }
  ]
}