{
  "dataset": "Cisto",
  "image": {
    "width": 640,
    "height": 480,
    "original_filename": "Cisto291.jpg",
    "filename": "Cisto291.jpg",
    "url": "https://darwin.v7labs.com/api/images/38437695/original",
    "thumbnail_url": "https://darwin.v7labs.com/api/images/38437695/thumbnail",
    "path": "/",
    "workview_url": "https://darwin.v7labs.com/workview?dataset=38016&image=34"
  },
  "annotations": [
    {
      "bounding_box": {
        "h": 46.77,
        "w": 53.67,
        "x": 181.98,
        "y": 210.1
      },
      "name": "Cisto Viável"
    },
    {
      "bounding_box": {
        "h": 33.74,
        "w": 36.81,
        "x": 580.7,
        "y": 72.08
      },
      "name": "Não Cisto"
    },
    {
      "bounding_box": {
        "h": 48.31,
        "w": 46.77,
        "x": 566.13,
        "y": 154.89
      },
      "name": "Não Cisto"
    }
  ]
}