{
  "dataset": "Cisto",
  "image": {
    "width": 640,
    "height": 480,
    "original_filename": "Cisto501.jpg",
    "filename": "Cisto501_2.jpg",
    "url": "https://darwin.v7labs.com/api/images/38437674/original",
    "thumbnail_url": "https://darwin.v7labs.com/api/images/38437674/thumbnail",
    "path": "/",
    "workview_url": "https://darwin.v7labs.com/workview?dataset=38016&image=13"
  },
  "annotations": [
    {
      "bounding_box": {
        "h": 24.01,
        "w": 26.89,
        "x": 169.3,
        "y": 339.66
      },
      "name": "Não Cisto"
    },
    {
      "bounding_box": {
        "h": 25.93,
        "w": 24.01,
        "x": 196.19,
        "y": 246.52
      },
      "name": "Não Cisto"
    },
    {
      "bounding_box": {
        "h": 80.66,
        "w": 122.91,
        "x": 107.84,
        "y": 124.56
      },
      "name": "Não Cisto"
    },
    {
      "bounding_box": {
        "h": 125.79,
        "w": 48.97,
        "x": 244.2,
        "y": 106.32
      },
      "name": "Não Cisto"
    },
    {
      "bounding_box": {
        "h": 33.61,
        "w": 29.77,
        "x": 300.85,
        "y": 109.2
      },
      "name": "Não Cisto"
    },
    {
      "bounding_box": {
        "h": 60.5,
        "w": 36.49,
        "x": 278.77,
        "y": 236.91
      },
      "name": "Não Cisto"
    },
    {
      "bounding_box": {
        "h": 47.05,
        "w": 46.09,
        "x": 226.91,
        "y": 254.2
      },
      "name": "Não Cisto"
    },
    {
      "bounding_box": {
        "h": 55.69,
        "w": 96.98,
        "x": 100.16,
        "y": -1.23
      },
      "name": "Não Cisto"
    },
    {
      "bounding_box": {
        "h": 41.29,
        "w": 50.89,
        "x": 185.62,
        "y": 202.34
      },
      "name": "Cisto Inviável"
    },
    {
      "bounding_box": {
        "h": 42.25,
        "w": 25.93,
        "x": 289.33,
        "y": 192.74
      },
      "name": "Cisto Inviável"
    },
    {
      "bounding_box": {
        "h": 50.89,
        "w": 51.85,
        "x": 406.48,
        "y": 416.48
      },
      "name": "Cisto Inviável"
    },
    {
      "bounding_box": {
        "h": 55.69,
        "w": 51.85,
        "x": 203.87,
        "y": 22.78
      },
      "name": "Cisto Inviável"
    },
    {
      "bounding_box": {
        "h": 48.01,
        "w": 56.65,
        "x": 255.72,
        "y": 12.21
      },
      "name": "Cisto Inviável"
    },
    {
      "bounding_box": {
        "h": 65.3,
        "w": 52.81,
        "x": 156.81,
        "y": 48.7
      },
      "name": "Cisto Viável"
    },
    {
      "bounding_box": {
        "h": 49.93,
        "w": 55.69,
        "x": 235.56,
        "y": 59.27
      },
      "name": "Cisto Viável"
    },
    {
      "bounding_box": {
        "h": 39.37,
        "w": 42.25,
        "x": 256.68,
        "y": 315.65
      },
      "name": "Cisto Viável"
    },
    {
      "bounding_box": {
        "h": 49.93,
        "w": 45.13,
        "x": 307.57,
        "y": 417.44
      },
      "name": "Cisto Viável"
    },
    {
      "bounding_box": {
        "h": 30.16,
        "w": 36.45,
        "x": 321.02,
        "y": 335.82
      },
      "name": "Não Cisto"
    },
    {
      "bounding_box": {
        "h": 21.99,
        "w": 29.54,
        "x": 310.96,
        "y": 295.6
      },
      "name": "Não Cisto"
    },
    {
      "bounding_box": {
        "h": 28.28,
        "w": 20.74,
        "x": 359.98,
        "y": 305.65
      },
      "name": "Não Cisto"
    },
    {
      "bounding_box": {
        "h": 33.31,
        "w": 27.02,
        "x": 305.31,
        "y": 370.38
      },
      "name": "Não Cisto"
    },
    {
      "bounding_box": {
        "h": 22.62,
        "w": 25.76,
        "x": 353.69,
        "y": 394.26
      },
      "name": "Não Cisto"
    }
  ]
}