{
  "dataset": "Cisto",
  "image": {
    "width": 640,
    "height": 480,
    "original_filename": "Cisto105.jpg",
    "filename": "Cisto105.jpg",
    "url": "https://darwin.v7labs.com/api/images/38437949/original",
    "thumbnail_url": "https://darwin.v7labs.com/api/images/38437949/thumbnail",
    "path": "/",
    "workview_url": "https://darwin.v7labs.com/workview?dataset=38016&image=288"
  },
  "annotations": [
    {
      "bounding_box": {
        "h": 52.56,
        "w": 60.58,
        "x": 181.95,
        "y": 249.46
      },
      "name": "Cisto Viável"
    },
    {
      "bounding_box": {
        "h": 48.68,
        "w": 60.04,
        "x": 107.64,
        "y": 227.64
      },
      "name": "Não Cisto"
    },
    {
      "bounding_box": {
        "h": 89.24,
        "w": 106.28,
        "x": 108.45,
        "y": 62.13
      },
      "name": "Não Cisto"
    },
    {
      "bounding_box": {
        "h": 42.19,
        "w": 41.38,
        "x": 538.45,
        "y": 120.54
      },
      "name": "Não Cisto"
    }
  ]
}