{
  "dataset": "Cisto",
  "image": {
    "width": 640,
    "height": 480,
    "original_filename": "Cisto370.jpg",
    "filename": "Cisto370.jpg",
    "url": "https://darwin.v7labs.com/api/images/38437763/original",
    "thumbnail_url": "https://darwin.v7labs.com/api/images/38437763/thumbnail",
    "path": "/",
    "workview_url": "https://darwin.v7labs.com/workview?dataset=38016&image=102"
  },
  "annotations": [
    {
      "bounding_box": {
        "h": 45.24,
        "w": 42.94,
        "x": 261.73,
        "y": 170.99
      },
      "name": "Cisto Viável"
    },
    {
      "bounding_box": {
        "h": 37.57,
        "w": 42.94,
        "x": 341.47,
        "y": 141.09
      },
      "name": "Cisto Viável"
    },
    {
      "bounding_box": {
        "h": 37.57,
        "w": 39.11,
        "x": 451.88,
        "y": 84.35
      },
      "name": "Cisto Viável"
    },
    {
      "bounding_box": {
        "h": 36.04,
        "w": 39.11,
        "x": 551.57,
        "y": 81.28
      },
      "name": "Cisto Viável"
    },
    {
      "bounding_box": {
        "h": 43.71,
        "w": 52.91,
        "x": 378.27,
        "y": 159.49
      },
      "name": "Cisto Viável"
    },
    {
      "bounding_box": {
        "h": 46.01,
        "w": 45.24,
        "x": 330.73,
        "y": 173.29
      },
      "name": "Cisto Viável"
    },
    {
      "bounding_box": {
        "h": 27.6,
        "w": 25.3,
        "x": 408.95,
        "y": 151.82
      },
      "name": "Cisto Viável"
    },
    {
      "bounding_box": {
        "h": 47.45,
        "w": 40.2,
        "x": 573.63,
        "y": 126.07
      },
      "name": "Cisto Inviável"
    },
    {
      "bounding_box": {
        "h": 44.82,
        "w": 50.31,
        "x": 123.39,
        "y": 203.33
      },
      "name": "Cisto Inviável"
    },
    {
      "bounding_box": {
        "h": 28.35,
        "w": 29.73,
        "x": 143.97,
        "y": 175.43
      },
      "name": "Não Cisto"
    },
    {
      "bounding_box": {
        "h": 44.36,
        "w": 32.01,
        "x": 69.42,
        "y": 156.68
      },
      "name": "Não Cisto"
    },
    {
      "bounding_box": {
        "h": 32.47,
        "w": 23.78,
        "x": 232.23,
        "y": 257.75
      },
      "name": "Não Cisto"
    },
    {
      "bounding_box": {
        "h": 69.51,
        "w": 55.79,
        "x": 140.76,
        "y": 279.71
      },
      "name": "Não Cisto"
    },
    {
      "bounding_box": {
        "h": 35.21,
        "w": 50.67,
        "x": 128.29,
        "y": 348.77
      },
      "name": "Não Cisto"
    },
    {
      "bounding_box": {
        "h": 86.75,
        "w": 100.49,
        "x": 8.91,
        "y": 368.52
      },
      "name": "Não Cisto"
    },
    {
      "bounding_box": {
        "h": 25.77,
        "w": 19.75,
        "x": 412.57,
        "y": 118.59
      },
      "name": "Não Cisto"
    },
    {
      "bounding_box": {
        "h": 34.35,
        "w": 46.38,
        "x": 396.26,
        "y": 72.21
      },
      "name": "Não Cisto"
    },
    {
      "bounding_box": {
        "h": 60.98,
        "w": 77.3,
        "x": 513.92,
        "y": 192.46
      },
      "name": "Não Cisto"
    },
    {
      "bounding_box": {
        "h": 56.69,
        "w": 86.75,
        "x": 325.83,
        "y": 231.96
      },
      "name": "Não Cisto"
    },
    {
      "bounding_box": {
        "h": 35.21,
        "w": 52.39,
        "x": 73.32,
        "y": 262.88
      },
      "name": "Não Cisto"
    },
    {
      "bounding_box": {
        "h": 39.32,
        "w": 39.32,
        "x": 211.01,
        "y": 224.6
      },
      "name": "Cisto Viável"
    }
  ]
}