{
  "dataset": "Cisto",
  "image": {
    "width": 640,
    "height": 480,
    "original_filename": "Cisto168.jpg",
    "filename": "Cisto168.jpg",
    "url": "https://darwin.v7labs.com/api/images/38437933/original",
    "thumbnail_url": "https://darwin.v7labs.com/api/images/38437933/thumbnail",
    "path": "/",
    "workview_url": "https://darwin.v7labs.com/workview?dataset=38016&image=272"
  },
  "annotations": [
    {
      "bounding_box": {
        "h": 72.84,
        "w": 106.58,
        "x": 164.35,
        "y": 14.57
      },
      "name": "Não Cisto"
    },
    {
      "bounding_box": {
        "h": 39.87,
        "w": 62.11,
        "x": 194.25,
        "y": 119.62
      },
      "name": "Cisto Viável"
    },
    {
      "bounding_box": {
        "h": 42.94,
        "w": 76.68,
        "x": 189.65,
        "y": 77.44
      },
      "name": "Cisto Viável"
    },
    {
      "bounding_box": {
        "h": 53.3,
        "w": 38.07,
        "x": 194.83,
        "y": 179.47
      },
      "name": "Cisto Viável"
    },
    {
      "bounding_box": {
        "h": 60.91,
        "w": 45.32,
        "x": 233.27,
        "y": 191.08
      },
      "name": "Cisto Viável"
    }
  ]
}