{
  "dataset": "Cisto",
  "image": {
    "width": 640,
    "height": 480,
    "original_filename": "Cisto359.jpg",
    "filename": "Cisto359.jpg",
    "url": "https://darwin.v7labs.com/api/images/38437727/original",
    "thumbnail_url": "https://darwin.v7labs.com/api/images/38437727/thumbnail",
    "path": "/",
    "workview_url": "https://darwin.v7labs.com/workview?dataset=38016&image=66"
  },
  "annotations": [
    {
      "bounding_box": {
        "h": 46.77,
        "w": 40.64,
        "x": 116.81,
        "y": 23.0
      },
      "name": "Cisto Viável"
    },
    {
      "bounding_box": {
        "h": 28.37,
        "w": 30.67,
        "x": 282.43,
        "y": 98.91
      },
      "name": "Cisto Viável"
    },
    {
      "bounding_box": {
        "h": 54.44,
        "w": 38.34,
        "x": 293.16,
        "y": 137.25
      },
      "name": "Cisto Viável"
    },
    {
      "bounding_box": {
        "h": 42.17,
        "w": 40.64,
        "x": 244.86,
        "y": 154.89
      },
      "name": "Cisto Viável"
    },
    {
      "bounding_box": {
        "h": 33.74,
        "w": 30.67,
        "x": 497.89,
        "y": 263.0
      },
      "name": "Cisto Viável"
    },
    {
      "bounding_box": {
        "h": 58.27,
        "w": 60.58,
        "x": 277.06,
        "y": 409.46
      },
      "name": "Cisto Viável"
    },
    {
      "bounding_box": {
        "h": 31.45,
        "w": 38.85,
        "x": -1.36,
        "y": -0.87
      },
      "name": "Cisto Viável"
    },
    {
      "bounding_box": {
        "h": 20.37,
        "w": 18.97,
        "x": 225.2,
        "y": 46.88
      },
      "name": "Cisto Viável"
    },
    {
      "bounding_box": {
        "h": 25.29,
        "w": 25.99,
        "x": 268.76,
        "y": 221.81
      },
      "name": "Cisto Viável"
    },
    {
      "bounding_box": {
        "h": 26.7,
        "w": 21.78,
        "x": 277.19,
        "y": 122.76
      },
      "name": "Cisto Viável"
    },
    {
      "bounding_box": {
        "h": 39.18,
        "w": 35.1,
        "x": 220.83,
        "y": 78.89
      },
      "name": "Cisto Inviável"
    },
    {
      "bounding_box": {
        "h": 39.18,
        "w": 34.28,
        "x": 246.13,
        "y": 96.03
      },
      "name": "Cisto Inviável"
    },
    {
      "bounding_box": {
        "h": 26.94,
        "w": 32.65,
        "x": 191.45,
        "y": 1.35
      },
      "name": "Cisto Inviável"
    },
    {
      "bounding_box": {
        "h": 31.57,
        "w": 29.77,
        "x": 463.24,
        "y": 334.15
      },
      "name": "Cisto Inviável"
    },
    {
      "bounding_box": {
        "h": 21.51,
        "w": 36.29,
        "x": 309.83,
        "y": 187.22
      },
      "name": "Cisto Inviável"
    },
    {
      "bounding_box": {
        "h": 68.96,
        "w": 56.03,
        "x": 31.51,
        "y": 299.81
      },
      "name": "Não Cisto"
    },
    {
      "bounding_box": {
        "h": 27.71,
        "w": 32.02,
        "x": 157.12,
        "y": 282.57
      },
      "name": "Não Cisto"
    },
    {
      "bounding_box": {
        "h": 100.37,
        "w": 62.81,
        "x": 213.77,
        "y": 237.01
      },
      "name": "Não Cisto"
    },
    {
      "bounding_box": {
        "h": 98.52,
        "w": 53.57,
        "x": 277.19,
        "y": 272.11
      },
      "name": "Não Cisto"
    },
    {
      "bounding_box": {
        "h": 24.63,
        "w": 24.63,
        "x": 388.03,
        "y": 386.02
      },
      "name": "Não Cisto"
    },
    {
      "bounding_box": {
        "h": 41.87,
        "w": 33.87,
        "x": 463.15,
        "y": 436.51
      },
      "name": "Não Cisto"
    },
    {
      "bounding_box": {
        "h": 27.71,
        "w": 24.63,
        "x": 474.23,
        "y": 313.36
      },
      "name": "Não Cisto"
    },
    {
      "bounding_box": {
        "h": 24.01,
        "w": 27.09,
        "x": 404.04,
        "y": 236.39
      },
      "name": "Não Cisto"
    },
    {
      "bounding_box": {
        "h": 24.01,
        "w": 19.7,
        "x": 442.21,
        "y": 243.78
      },
      "name": "Não Cisto"
    },
    {
      "bounding_box": {
        "h": 21.55,
        "w": 20.94,
        "x": 476.7,
        "y": 266.56
      },
      "name": "Não Cisto"
    },
    {
      "bounding_box": {
        "h": 36.33,
        "w": 46.18,
        "x": 405.27,
        "y": 191.44
      },
      "name": "Não Cisto"
    },
    {
      "bounding_box": {
        "h": 38.79,
        "w": 44.33,
        "x": 294.43,
        "y": 213.61
      },
      "name": "Não Cisto"
    },
    {
      "bounding_box": {
        "h": 36.94,
        "w": 118.22,
        "x": 340.62,
        "y": 212.99
      },
      "name": "Não Cisto"
    },
    {
      "bounding_box": {
        "h": 41.9,
        "w": 32.44,
        "x": 30.99,
        "y": 96.67
      },
      "name": "Não Cisto"
    },
    {
      "bounding_box": {
        "h": 46.85,
        "w": 34.24,
        "x": 163.43,
        "y": 38.56
      },
      "name": "Não Cisto"
    },
    {
      "bounding_box": {
        "h": 27.93,
        "w": 27.93,
        "x": 273.35,
        "y": 67.84
      },
      "name": "Não Cisto"
    },
    {
      "bounding_box": {
        "h": 49.1,
        "w": 30.18,
        "x": 193.62,
        "y": 46.22
      },
      "name": "Não Cisto"
    },
    {
      "bounding_box": {
        "h": 119.95,
        "w": 52.95,
        "x": 69.11,
        "y": 17.81
      },
      "name": "Não Cisto"
    },
    {
      "bounding_box": {
        "h": 99.15,
        "w": 45.84,
        "x": 423.82,
        "y": 388.83
      },
      "name": "Não Cisto"
    }
  ]
}