{
  "dataset": "Cisto",
  "image": {
    "width": 640,
    "height": 480,
    "original_filename": "Cisto447.jpg",
    "filename": "Cisto447.jpg",
    "url": "https://darwin.v7labs.com/api/images/38437683/original",
    "thumbnail_url": "https://darwin.v7labs.com/api/images/38437683/thumbnail",
    "path": "/",
    "workview_url": "https://darwin.v7labs.com/workview?dataset=38016&image=22"
  },
  "annotations": [
    {
      "bounding_box": {
        "h": 58.27,
        "w": 72.84,
        "x": 1.79,
        "y": 47.54
      },
      "name": "Não Cisto"
    },
    {
      "bounding_box": {
        "h": 92.78,
        "w": 44.47,
        "x": 177.38,
        "y": 55.97
      },
      "name": "Não Cisto"
    },
    {
      "bounding_box": {
        "h": 65.18,
        "w": 37.57,
        "x": 258.66,
        "y": 298.27
      },
      "name": "Não Cisto"
    },
    {
      "bounding_box": {
        "h": 34.5,
        "w": 35.27,
        "x": 438.85,
        "y": 102.75
      },
      "name": "Não Cisto"
    },
    {
      "bounding_box": {
        "h": 26.84,
        "w": 25.3,
        "x": 553.1,
        "y": 110.42
      },
      "name": "Não Cisto"
    },
    {
      "bounding_box": {
        "h": 32.97,
        "w": 27.6,
        "x": 565.37,
        "y": 167.92
      },
      "name": "Não Cisto"
    },
    {
      "bounding_box": {
        "h": 37.57,
        "w": 32.97,
        "x": 609.07,
        "y": 119.62
      },
      "name": "Não Cisto"
    },
    {
      "bounding_box": {
        "h": 18.4,
        "w": 23.77,
        "x": 191.95,
        "y": 1.53
      },
      "name": "Não Cisto"
    },
    {
      "bounding_box": {
        "h": 42.17,
        "w": 39.87,
        "x": 360.64,
        "y": 235.4
      },
      "name": "Cisto Viável"
    }
  ]
}