{
  "dataset": "Cisto",
  "image": {
    "width": 640,
    "height": 480,
    "original_filename": "Cisto211.jpg",
    "filename": "Cisto211.jpg",
    "url": "https://darwin.v7labs.com/api/images/38438088/original",
    "thumbnail_url": "https://darwin.v7labs.com/api/images/38438088/thumbnail",
    "path": "/",
    "workview_url": "https://darwin.v7labs.com/workview?dataset=38016&image=427"
  },
  "annotations": [
    {
      "bounding_box": {
        "h": 57.45,
        "w": 62.11,
        "x": 291.81,
        "y": 405.13
      },
      "name": "Cisto Inviável"
    },
    {
      "bounding_box": {
        "h": 42.7,
        "w": 32.61,
        "x": 500.66,
        "y": 314.29
      },
      "name": "Cisto Inviável"
    },
    {
      "bounding_box": {
        "h": 30.28,
        "w": 33.39,
        "x": 480.48,
        "y": 306.53
      },
      "name": "Cisto Inviável"
    },
    {
      "bounding_box": {
        "h": 42.9,
        "w": 36.9,
        "x": 245.94,
        "y": 215.59
      },
      "name": "Cisto Viável"
    },
    {
      "bounding_box": {
        "h": 46.34,
        "w": 36.9,
        "x": 241.65,
        "y": 258.5
      },
      "name": "Cisto Viável"
    },
    {
      "bounding_box": {
        "h": 40.33,
        "w": 55.77,
        "x": 279.41,
        "y": 8.8
      },
      "name": "Cisto Viável"
    },
    {
      "bounding_box": {
        "h": 51.48,
        "w": 49.77,
        "x": 364.36,
        "y": 405.23
      },
      "name": "Cisto Viável"
    },
    {
      "bounding_box": {
        "h": 47.19,
        "w": 40.33,
        "x": 526.54,
        "y": 296.25
      },
      "name": "Cisto Viável"
    },
    {
      "bounding_box": {
        "h": 52.79,
        "w": 48.73,
        "x": 527.59,
        "y": 76.19
      },
      "name": "Não Cisto"
    },
    {
      "bounding_box": {
        "h": 44.67,
        "w": 42.64,
        "x": 504.25,
        "y": 259.94
      },
      "name": "Não Cisto"
    }
  ]
}