{
  "dataset": "Cisto",
  "image": {
    "width": 640,
    "height": 480,
    "original_filename": "Cisto345.jpg",
    "filename": "Cisto345.jpg",
    "url": "https://darwin.v7labs.com/api/images/38437770/original",
    "thumbnail_url": "https://darwin.v7labs.com/api/images/38437770/thumbnail",
    "path": "/",
    "workview_url": "https://darwin.v7labs.com/workview?dataset=38016&image=109"
  },
  "annotations": [
    {
      "bounding_box": {
        "h": 46.01,
        "w": 39.11,
        "x": 259.42,
        "y": 186.33
      },
      "name": "Cisto Viável"
    },
    {
      "bounding_box": {
        "h": 27.6,
        "w": 32.97,
        "x": 116.81,
        "y": 341.21
      },
      "name": "Não Cisto"
    },
    {
      "bounding_box": {
        "h": 39.11,
        "w": 43.71,
        "x": 310.03,
        "y": 285.24
      },
      "name": "Não Cisto"
    },
    {
      "bounding_box": {
        "h": 26.84,
        "w": 32.97,
        "x": 341.47,
        "y": 332.78
      },
      "name": "Não Cisto"
    },
    {
      "bounding_box": {
        "h": 27.6,
        "w": 32.2,
        "x": 230.29,
        "y": 443.19
      },
      "name": "Não Cisto"
    },
    {
      "bounding_box": {
        "h": 29.9,
        "w": 43.71,
        "x": 233.35,
        "y": 81.28
      },
      "name": "Não Cisto"
    }
  ]
}