{
  "dataset": "Cisto",
  "image": {
    "width": 640,
    "height": 480,
    "original_filename": "Cisto99.jpg",
    "filename": "Cisto99.jpg",
    "url": "https://darwin.v7labs.com/api/images/38437947/original",
    "thumbnail_url": "https://darwin.v7labs.com/api/images/38437947/thumbnail",
    "path": "/",
    "workview_url": "https://darwin.v7labs.com/workview?dataset=38016&image=286"
  },
  "annotations": [
    {
      "bounding_box": {
        "h": 44.66,
        "w": 51.43,
        "x": 110.22,
        "y": 183.16
      },
      "name": "Cisto Viável"
    },
    {
      "bounding_box": {
        "h": 52.1,
        "w": 65.64,
        "x": 266.53,
        "y": 115.49
      },
      "name": "Cisto Viável"
    },
    {
      "bounding_box": {
        "h": 60.22,
        "w": 65.64,
        "x": 350.44,
        "y": 225.79
      },
      "name": "Cisto Viável"
    },
    {
      "bounding_box": {
        "h": 31.29,
        "w": 47.45,
        "x": 163.12,
        "y": 96.08
      },
      "name": "Não Cisto"
    },
    {
      "bounding_box": {
        "h": 35.33,
        "w": 33.31,
        "x": 214.6,
        "y": 83.97
      },
      "name": "Não Cisto"
    },
    {
      "bounding_box": {
        "h": 29.27,
        "w": 31.29,
        "x": 278.2,
        "y": 58.73
      },
      "name": "Não Cisto"
    },
    {
      "bounding_box": {
        "h": 50.47,
        "w": 51.48,
        "x": 298.39,
        "y": 242.46
      },
      "name": "Não Cisto"
    },
    {
      "bounding_box": {
        "h": 42.4,
        "w": 43.41,
        "x": 302.43,
        "y": 347.44
      },
      "name": "Não Cisto"
    },
    {
      "bounding_box": {
        "h": 32.3,
        "w": 60.57,
        "x": 424.57,
        "y": 422.14
      },
      "name": "Não Cisto"
    },
    {
      "bounding_box": {
        "h": 72.68,
        "w": 63.6,
        "x": 218.64,
        "y": 385.8
      },
      "name": "Não Cisto"
    }
  ]
}