{
  "dataset": "Cisto",
  "image": {
    "width": 640,
    "height": 480,
    "original_filename": "Cisto399.jpg",
    "filename": "Cisto399.jpg",
    "url": "https://darwin.v7labs.com/api/images/38437801/original",
    "thumbnail_url": "https://darwin.v7labs.com/api/images/38437801/thumbnail",
    "path": "/",
    "workview_url": "https://darwin.v7labs.com/workview?dataset=38016&image=140"
  },
  "annotations": [
    {
      "bounding_box": {
        "h": 50.0,
        "w": 47.46,
        "x": 139.21,
        "y": 17.98
      },
      "name": "Não Cisto"
    },
    {
      "bounding_box": {
        "h": 34.74,
        "w": 44.91,
        "x": 49.38,
        "y": 108.66
      },
      "name": "Não Cisto"
    },
    {
      "bounding_box": {
        "h": 23.73,
        "w": 35.59,
        "x": 147.69,
        "y": 151.03
      },
      "name": "Não Cisto"
    },
    {
      "bounding_box": {
        "h": 27.94,
        "w": 35.52,
        "x": 207.97,
        "y": 422.86
      },
      "name": "Não Cisto"
    },
    {
      "bounding_box": {
        "h": 27.47,
        "w": 25.57,
        "x": 584.95,
        "y": 325.3
      },
      "name": "Não Cisto"
    },
    {
      "bounding_box": {
        "h": 39.78,
        "w": 28.89,
        "x": 594.42,
        "y": 349.92
      },
      "name": "Não Cisto"
    },
    {
      "bounding_box": {
        "h": 65.42,
        "w": 71.71,
        "x": 252.72,
        "y": 200.53
      },
      "name": "Cisto Viável"
    }
  ]
}