{
  "dataset": "Cisto",
  "image": {
    "width": 640,
    "height": 480,
    "original_filename": "Cisto274.jpg",
    "filename": "Cisto274.jpg",
    "url": "https://darwin.v7labs.com/api/images/38438087/original",
    "thumbnail_url": "https://darwin.v7labs.com/api/images/38438087/thumbnail",
    "path": "/",
    "workview_url": "https://darwin.v7labs.com/workview?dataset=38016&image=426"
  },
  "annotations": [
    {
      "bounding_box": {
        "h": 57.51,
        "w": 52.14,
        "x": 37.06,
        "y": 293.67
      },
      "name": "Cisto Viável"
    },
    {
      "bounding_box": {
        "h": 65.94,
        "w": 79.74,
        "x": 238.72,
        "y": 213.93
      },
      "name": "Cisto Viável"
    },
    {
      "bounding_box": {
        "h": 34.85,
        "w": 26.64,
        "x": 544.09,
        "y": 259.41
      },
      "name": "Cisto Viável"
    },
    {
      "bounding_box": {
        "h": 48.46,
        "w": 59.82,
        "x": 312.88,
        "y": 131.07
      },
      "name": "Não Cisto"
    },
    {
      "bounding_box": {
        "h": 32.56,
        "w": 37.11,
        "x": 445.4,
        "y": 259.05
      },
      "name": "Não Cisto"
    },
    {
      "bounding_box": {
        "h": 28.78,
        "w": 35.59,
        "x": 319.7,
        "y": 309.78
      },
      "name": "Não Cisto"
    }
  ]
}