{
  "dataset": "Cisto",
  "image": {
    "width": 640,
    "height": 480,
    "original_filename": "Cisto309.jpg",
    "filename": "Cisto309.jpg",
    "url": "https://darwin.v7labs.com/api/images/38437704/original",
    "thumbnail_url": "https://darwin.v7labs.com/api/images/38437704/thumbnail",
    "path": "/",
    "workview_url": "https://darwin.v7labs.com/workview?dataset=38016&image=43"
  },
  "annotations": [
    {
      "bounding_box": {
        "h": 43.25,
        "w": 45.11,
        "x": 231.88,
        "y": 149.55
      },
      "name": "Cisto Viável"
    },
    {
      "bounding_box": {
        "h": 36.74,
        "w": 38.6,
        "x": 316.53,
        "y": 262.56
      },
      "name": "Cisto Viável"
    },
    {
      "bounding_box": {
        "h": 33.7,
        "w": 39.13,
        "x": 255.16,
        "y": 1.55
      },
      "name": "Cisto Viável"
    },
    {
      "bounding_box": {
        "h": 27.42,
        "w": 25.99,
        "x": 342.57,
        "y": 107.52
      },
      "name": "Cisto Viável"
    },
    {
      "bounding_box": {
        "h": 34.13,
        "w": 32.71,
        "x": 482.48,
        "y": 213.82
      },
      "name": "Não Cisto"
    },
    {
      "bounding_box": {
        "h": 27.97,
        "w": 35.08,
        "x": 584.39,
        "y": 276.39
      },
      "name": "Não Cisto"
    },
    {
      "bounding_box": {
        "h": 88.17,
        "w": 50.25,
        "x": 355.91,
        "y": 264.54
      },
      "name": "Não Cisto"
    },
    {
      "bounding_box": {
        "h": 35.55,
        "w": 36.97,
        "x": 232.67,
        "y": 193.43
      },
      "name": "Não Cisto"
    },
    {
      "bounding_box": {
        "h": 49.77,
        "w": 53.09,
        "x": 262.06,
        "y": 355.08
      },
      "name": "Não Cisto"
    },
    {
      "bounding_box": {
        "h": 53.09,
        "w": 37.92,
        "x": 329.84,
        "y": 385.41
      },
      "name": "Não Cisto"
    },
    {
      "bounding_box": {
        "h": 33.57,
        "w": 89.53,
        "x": 138.81,
        "y": 284.21
      },
      "name": "Não Cisto"
    },
    {
      "bounding_box": {
        "h": 34.27,
        "w": 35.67,
        "x": 8.02,
        "y": 277.92
      },
      "name": "Não Cisto"
    },
    {
      "bounding_box": {
        "h": 72.29,
        "w": 77.08,
        "x": 225.22,
        "y": 66.37
      },
      "name": "Não Cisto"
    },
    {
      "bounding_box": {
        "h": 37.14,
        "w": 93.85,
        "x": 272.35,
        "y": 218.93
      },
      "name": "Não Cisto"
    },
    {
      "bounding_box": {
        "h": 28.75,
        "w": 32.75,
        "x": 222.02,
        "y": 240.9
      },
      "name": "Não Cisto"
    },
    {
      "bounding_box": {
        "h": 50.74,
        "w": 63.87,
        "x": 125.9,
        "y": 21.83
      },
      "name": "Não Cisto"
    },
    {
      "bounding_box": {
        "h": 27.46,
        "w": 34.02,
        "x": 331.24,
        "y": 49.88
      },
      "name": "Não Cisto"
    },
    {
      "bounding_box": {
        "h": 32.83,
        "w": 53.13,
        "x": 316.91,
        "y": 74.36
      },
      "name": "Não Cisto"
    },
    {
      "bounding_box": {
        "h": 37.04,
        "w": 24.55,
        "x": 234.87,
        "y": 392.5
      },
      "name": "Não Cisto"
    },
    {
      "bounding_box": {
        "h": 60.69,
        "w": 47.34,
        "x": 319.38,
        "y": 132.06
      },
      "name": "Não Cisto"
    },
    {
      "bounding_box": {
        "h": 39.08,
        "w": 47.02,
        "x": 287.92,
        "y": 193.07
      },
      "name": "Não Cisto"
    }
  ]
}