{
  "dataset": "Cisto",
  "image": {
    "width": 640,
    "height": 480,
    "original_filename": "Cisto116.jpg",
    "filename": "Cisto116.jpg",
    "url": "https://darwin.v7labs.com/api/images/38437996/original",
    "thumbnail_url": "https://darwin.v7labs.com/api/images/38437996/thumbnail",
    "path": "/",
    "workview_url": "https://darwin.v7labs.com/workview?dataset=38016&image=335"
  },
  "annotations": [
    {
      "bounding_box": {
        "h": 39.09,
        "w": 40.1,
        "x": 212.65,
        "y": 234.25
      },
      "name": "Cisto Viável"
    },
    {
      "bounding_box": {
        "h": 40.61,
        "w": 35.53,
        "x": 418.73,
        "y": 175.88
      },
      "name": "Cisto Viável"
    },
    {
      "bounding_box": {
        "h": 30.41,
        "w": 27.93,
        "x": 249.57,
        "y": 253.86
      },
      "name": "Cisto Viável"
    }
  ]
}