{
  "dataset": "Cisto",
  "image": {
    "width": 640,
    "height": 480,
    "original_filename": "Cisto292.jpg",
    "filename": "Cisto292.jpg",
    "url": "https://darwin.v7labs.com/api/images/38437686/original",
    "thumbnail_url": "https://darwin.v7labs.com/api/images/38437686/thumbnail",
    "path": "/",
    "workview_url": "https://darwin.v7labs.com/workview?dataset=38016&image=25"
  },
  "annotations": [
    {
      "bounding_box": {
        "h": 35.27,
        "w": 30.67,
        "x": 565.37,
        "y": 185.56
      },
      "name": "Não Cisto"
    },
    {
      "bounding_box": {
        "h": 31.44,
        "w": 36.04,
        "x": 401.28,
        "y": 202.43
      },
      "name": "Não Cisto"
    },
    {
      "bounding_box": {
        "h": 36.04,
        "w": 26.07,
        "x": 310.8,
        "y": 253.8
      },
      "name": "Não Cisto"
    },
    {
      "bounding_box": {
        "h": 31.44,
        "w": 36.81,
        "x": 246.39,
        "y": 266.07
      },
      "name": "Não Cisto"
    },
    {
      "bounding_box": {
        "h": 27.6,
        "w": 26.84,
        "x": 280.13,
        "y": 378.79
      },
      "name": "Não Cisto"
    },
    {
      "bounding_box": {
        "h": 29.9,
        "w": 30.67,
        "x": 338.4,
        "y": 384.92
      },
      "name": "Não Cisto"
    },
    {
      "bounding_box": {
        "h": 38.34,
        "w": 32.2,
        "x": 366.01,
        "y": 411.76
      },
      "name": "Não Cisto"
    },
    {
      "bounding_box": {
        "h": 20.7,
        "w": 24.54,
        "x": 405.88,
        "y": 398.72
      },
      "name": "Não Cisto"
    },
    {
      "bounding_box": {
        "h": 57.51,
        "w": 66.71,
        "x": 540.83,
        "y": 420.96
      },
      "name": "Não Cisto"
    },
    {
      "bounding_box": {
        "h": 24.54,
        "w": 26.84,
        "x": 540.06,
        "y": 299.04
      },
      "name": "Não Cisto"
    },
    {
      "bounding_box": {
        "h": 25.3,
        "w": 21.47,
        "x": 555.4,
        "y": 285.24
      },
      "name": "Não Cisto"
    },
    {
      "bounding_box": {
        "h": 81.28,
        "w": 109.65,
        "x": 96.87,
        "y": 2.3
      },
      "name": "Não Cisto"
    },
    {
      "bounding_box": {
        "h": 36.81,
        "w": 33.74,
        "x": 10.99,
        "y": 283.71
      },
      "name": "Cisto Inviável"
    },
    {
      "bounding_box": {
        "h": 46.77,
        "w": 55.97,
        "x": 240.26,
        "y": 166.39
      },
      "name": "Cisto Inviável"
    },
    {
      "bounding_box": {
        "h": 46.01,
        "w": 74.38,
        "x": 242.56,
        "y": 213.16
      },
      "name": "Cisto Viável"
    }
  ]
}