{
  "dataset": "Cisto",
  "image": {
    "width": 640,
    "height": 480,
    "original_filename": "Cisto487.jpg",
    "filename": "Cisto487.jpg",
    "url": "https://darwin.v7labs.com/api/images/38437672/original",
    "thumbnail_url": "https://darwin.v7labs.com/api/images/38437672/thumbnail",
    "path": "/",
    "workview_url": "https://darwin.v7labs.com/workview?dataset=38016&image=11"
  },
  "annotations": [
    {
      "bounding_box": {
        "h": 54.44,
        "w": 40.64,
        "x": 519.36,
        "y": 124.98
      },
      "name": "Não Cisto"
    },
    {
      "bounding_box": {
        "h": 49.84,
        "w": 74.38,
        "x": 51.63,
        "y": 144.92
      },
      "name": "Não Cisto"
    },
    {
      "bounding_box": {
        "h": 29.9,
        "w": 31.44,
        "x": 424.28,
        "y": 109.65
      },
      "name": "Não Cisto"
    },
    {
      "bounding_box": {
        "h": 33.74,
        "w": 47.54,
        "x": 422.75,
        "y": 134.95
      },
      "name": "Não Cisto"
    },
    {
      "bounding_box": {
        "h": 19.42,
        "w": 32.08,
        "x": 322.39,
        "y": 328.49
      },
      "name": "Não Cisto"
    },
    {
      "bounding_box": {
        "h": 68.38,
        "w": 43.9,
        "x": 275.96,
        "y": 217.05
      },
      "name": "Cisto Inviável"
    },
    {
      "bounding_box": {
        "h": 52.34,
        "w": 37.99,
        "x": 26.08,
        "y": 192.57
      },
      "name": "Cisto Inviável"
    },
    {
      "bounding_box": {
        "h": 37.14,
        "w": 41.36,
        "x": 48.87,
        "y": 84.52
      },
      "name": "Cisto Inviável"
    },
    {
      "bounding_box": {
        "h": 40.52,
        "w": 60.78,
        "x": 201.67,
        "y": 197.64
      },
      "name": "Cisto Viável"
    },
    {
      "bounding_box": {
        "h": 58.29,
        "w": 66.93,
        "x": 140.81,
        "y": 386.45
      },
      "name": "Não Cisto"
    }
  ]
}