{
  "dataset": "Cisto",
  "image": {
    "width": 640,
    "height": 480,
    "original_filename": "Cisto126.jpg",
    "filename": "Cisto126.jpg",
    "url": "https://darwin.v7labs.com/api/images/38437909/original",
    "thumbnail_url": "https://darwin.v7labs.com/api/images/38437909/thumbnail",
    "path": "/",
    "workview_url": "https://darwin.v7labs.com/workview?dataset=38016&image=248"
  },
  "annotations": [
    {
      "bounding_box": {
        "h": 42.57,
        "w": 34.75,
        "x": 253.84,
        "y": 32.64
      },
      "name": "Cisto Viável"
    },
    {
      "bounding_box": {
        "h": 33.89,
        "w": 50.39,
        "x": 243.42,
        "y": 76.96
      },
      "name": "Cisto Viável"
    },
    {
      "bounding_box": {
        "h": 43.3,
        "w": 51.42,
        "x": 438.02,
        "y": 439.78
      },
      "name": "Cisto Viável"
    },
    {
      "bounding_box": {
        "h": 32.83,
        "w": 27.97,
        "x": 152.72,
        "y": 222.68
      },
      "name": "Cisto Viável"
    },
    {
      "bounding_box": {
        "h": 40.7,
        "w": 60.12,
        "x": 38.9,
        "y": 389.01
      },
      "name": "Não Cisto"
    },
    {
      "bounding_box": {
        "h": 37.0,
        "w": 75.84,
        "x": 100.87,
        "y": 369.59
      },
      "name": "Não Cisto"
    },
    {
      "bounding_box": {
        "h": 56.42,
        "w": 42.55,
        "x": 484.7,
        "y": 201.25
      },
      "name": "Não Cisto"
    },
    {
      "bounding_box": {
        "h": 40.7,
        "w": 37.92,
        "x": 366.32,
        "y": 221.6
      },
      "name": "Não Cisto"
    },
    {
      "bounding_box": {
        "h": 69.37,
        "w": 37.92,
        "x": 30.58,
        "y": 0.55
      },
      "name": "Não Cisto"
    },
    {
      "bounding_box": {
        "h": 44.45,
        "w": 65.77,
        "x": 564.37,
        "y": 392.78
      },
      "name": "Não Cisto"
    },
    {
      "bounding_box": {
        "h": 39.01,
        "w": 39.01,
        "x": 566.64,
        "y": 433.6
      },
      "name": "Não Cisto"
    },
    {
      "bounding_box": {
        "h": 80.74,
        "w": 92.08,
        "x": 457.78,
        "y": 284.37
      },
      "name": "Não Cisto"
    }
  ]
}