{
  "dataset": "Cisto",
  "image": {
    "width": 640,
    "height": 480,
    "original_filename": "Cisto196.jpg",
    "filename": "Cisto196.jpg",
    "url": "https://darwin.v7labs.com/api/images/38438024/original",
    "thumbnail_url": "https://darwin.v7labs.com/api/images/38438024/thumbnail",
    "path": "/",
    "workview_url": "https://darwin.v7labs.com/workview?dataset=38016&image=363"
  },
  "annotations": [
    {
      "bounding_box": {
        "h": 52.14,
        "w": 46.01,
        "x": 8.69,
        "y": 188.63
      },
      "name": "Cisto Viável"
    },
    {
      "bounding_box": {
        "h": 52.14,
        "w": 31.44,
        "x": 241.79,
        "y": 81.28
      },
      "name": "Cisto Viável"
    },
    {
      "bounding_box": {
        "h": 38.34,
        "w": 33.74,
        "x": 320,
        "y": 57.51
      },
      "name": "Cisto Viável"
    },
    {
      "bounding_box": {
        "h": 29.14,
        "w": 27.6,
        "x": 346.84,
        "y": 79.74
      },
      "name": "Cisto Viável"
    },
    {
      "bounding_box": {
        "h": 51.37,
        "w": 55.21,
        "x": 155.14,
        "y": 304.41
      },
      "name": "Cisto Viável"
    },
    {
      "bounding_box": {
        "h": 40.64,
        "w": 39.87,
        "x": 504.03,
        "y": 311.31
      },
      "name": "Cisto Viável"
    },
    {
      "bounding_box": {
        "h": 45.24,
        "w": 50.61,
        "x": 424.28,
        "y": 397.19
      },
      "name": "Cisto Viável"
    },
    {
      "bounding_box": {
        "h": 45.24,
        "w": 42.94,
        "x": 500.96,
        "y": 374.19
      },
      "name": "Cisto Viável"
    },
    {
      "bounding_box": {
        "h": 33.74,
        "w": 38.34,
        "x": 324.6,
        "y": 387.99
      },
      "name": "Cisto Viável"
    },
    {
      "bounding_box": {
        "h": 55.97,
        "w": 38.34,
        "x": 603.71,
        "y": 89.71
      },
      "name": "Cisto Viável"
    },
    {
      "bounding_box": {
        "h": 32.2,
        "w": 30.67,
        "x": 473.35,
        "y": 248.43
      },
      "name": "Cisto Inviável"
    },
    {
      "bounding_box": {
        "h": 40.64,
        "w": 39.87,
        "x": 211.88,
        "y": 315.14
      },
      "name": "Cisto Viável"
    }
  ]
}