{
  "dataset": "Cisto",
  "image": {
    "width": 640,
    "height": 480,
    "original_filename": "Cisto110.jpg",
    "filename": "Cisto110.jpg",
    "url": "https://darwin.v7labs.com/api/images/38437952/original",
    "thumbnail_url": "https://darwin.v7labs.com/api/images/38437952/thumbnail",
    "path": "/",
    "workview_url": "https://darwin.v7labs.com/workview?dataset=38016&image=291"
  },
  "annotations": [
    {
      "bounding_box": {
        "h": 36.81,
        "w": 49.07,
        "x": 214.19,
        "y": 197.83
      },
      "name": "Cisto Viável"
    },
    {
      "bounding_box": {
        "h": 23.77,
        "w": 29.9,
        "x": 196.55,
        "y": 230.8
      },
      "name": "Cisto Viável"
    },
    {
      "bounding_box": {
        "h": 35.16,
        "w": 29.41,
        "x": 68.44,
        "y": 157.0
      },
      "name": "Cisto Viável"
    },
    {
      "bounding_box": {
        "h": 29.0,
        "w": 25.49,
        "x": 195.79,
        "y": 254.57
      },
      "name": "Cisto Inviável"
    },
    {
      "bounding_box": {
        "h": 38.1,
        "w": 32.58,
        "x": 31.65,
        "y": 195.22
      },
      "name": "Não Cisto"
    },
    {
      "bounding_box": {
        "h": 36.09,
        "w": 43.61,
        "x": 508.38,
        "y": 221.29
      },
      "name": "Não Cisto"
    },
    {
      "bounding_box": {
        "h": 28.07,
        "w": 58.15,
        "x": 417.14,
        "y": 322.55
      },
      "name": "Não Cisto"
    },
    {
      "bounding_box": {
        "h": 75.11,
        "w": 41.69,
        "x": 104.19,
        "y": 51.25
      },
      "name": "Não Cisto"
    }
  ]
}