{
  "dataset": "Cisto",
  "image": {
    "width": 640,
    "height": 480,
    "original_filename": "Cisto337.jpg",
    "filename": "Cisto337.jpg",
    "url": "https://darwin.v7labs.com/api/images/38437755/original",
    "thumbnail_url": "https://darwin.v7labs.com/api/images/38437755/thumbnail",
    "path": "/",
    "workview_url": "https://darwin.v7labs.com/workview?dataset=38016&image=94"
  },
  "annotations": [
    {
      "bounding_box": {
        "h": 35.75,
        "w": 40.56,
        "x": 8.48,
        "y": 26.3
      },
      "name": "Não Cisto"
    },
    {
      "bounding_box": {
        "h": 29.56,
        "w": 35.75,
        "x": 194.81,
        "y": 43.49
      },
      "name": "Não Cisto"
    },
    {
      "bounding_box": {
        "h": 26.13,
        "w": 26.81,
        "x": 229.18,
        "y": 87.49
      },
      "name": "Não Cisto"
    },
    {
      "bounding_box": {
        "h": 22.0,
        "w": 25.44,
        "x": 29.8,
        "y": 77.18
      },
      "name": "Não Cisto"
    },
    {
      "bounding_box": {
        "h": 37.13,
        "w": 44.69,
        "x": 35.3,
        "y": 85.43
      },
      "name": "Não Cisto"
    },
    {
      "bounding_box": {
        "h": 39.19,
        "w": 44.0,
        "x": 40.8,
        "y": 234.63
      },
      "name": "Não Cisto"
    },
    {
      "bounding_box": {
        "h": 21.31,
        "w": 25.44,
        "x": 84.11,
        "y": 100.56
      },
      "name": "Não Cisto"
    },
    {
      "bounding_box": {
        "h": 87.32,
        "w": 78.38,
        "x": 105.43,
        "y": 59.99
      },
      "name": "Não Cisto"
    },
    {
      "bounding_box": {
        "h": 46.07,
        "w": 37.81,
        "x": 197.56,
        "y": 220.19
      },
      "name": "Não Cisto"
    },
    {
      "bounding_box": {
        "h": 68.07,
        "w": 41.94,
        "x": 172.81,
        "y": 296.51
      },
      "name": "Não Cisto"
    },
    {
      "bounding_box": {
        "h": 35.06,
        "w": 38.5,
        "x": 387.32,
        "y": 76.49
      },
      "name": "Não Cisto"
    },
    {
      "bounding_box": {
        "h": 50.19,
        "w": 41.94,
        "x": 421.7,
        "y": 71.68
      },
      "name": "Não Cisto"
    },
    {
      "bounding_box": {
        "h": 51.57,
        "w": 34.38,
        "x": 457.45,
        "y": 47.62
      },
      "name": "Não Cisto"
    },
    {
      "bounding_box": {
        "h": 46.75,
        "w": 44.0,
        "x": 524.83,
        "y": 133.56
      },
      "name": "Não Cisto"
    },
    {
      "bounding_box": {
        "h": 50.19,
        "w": 37.81,
        "x": 568.83,
        "y": 237.38
      },
      "name": "Não Cisto"
    },
    {
      "bounding_box": {
        "h": 48.13,
        "w": 41.25,
        "x": 478.76,
        "y": 277.25
      },
      "name": "Não Cisto"
    },
    {
      "bounding_box": {
        "h": 31.63,
        "w": 72.88,
        "x": 314.44,
        "y": 222.25
      },
      "name": "Não Cisto"
    },
    {
      "bounding_box": {
        "h": 64.63,
        "w": 113.44,
        "x": 356.38,
        "y": 317.82
      },
      "name": "Não Cisto"
    },
    {
      "bounding_box": {
        "h": 61.88,
        "w": 41.94,
        "x": 469.14,
        "y": 330.19
      },
      "name": "Não Cisto"
    },
    {
      "bounding_box": {
        "h": 84.57,
        "w": 63.25,
        "x": 238.81,
        "y": 214.69
      },
      "name": "Não Cisto"
    },
    {
      "bounding_box": {
        "h": 38.98,
        "w": 43.13,
        "x": 391.33,
        "y": 10.33
      },
      "name": "Não Cisto"
    },
    {
      "bounding_box": {
        "h": 43.95,
        "w": 43.13,
        "x": 253.66,
        "y": 182.0
      },
      "name": "Cisto Viável"
    },
    {
      "bounding_box": {
        "h": 39.81,
        "w": 57.22,
        "x": 528.17,
        "y": 305.57
      },
      "name": "Cisto Viável"
    },
    {
      "bounding_box": {
        "h": 43.95,
        "w": 55.57,
        "x": 389.67,
        "y": 208.54
      },
      "name": "Cisto Inviável"
    }
  ]
}