{
  "dataset": "Cisto",
  "image": {
    "width": 640,
    "height": 480,
    "original_filename": "Cisto238.jpg",
    "filename": "Cisto238.jpg",
    "url": "https://darwin.v7labs.com/api/images/38438025/original",
    "thumbnail_url": "https://darwin.v7labs.com/api/images/38438025/thumbnail",
    "path": "/",
    "workview_url": "https://darwin.v7labs.com/workview?dataset=38016&image=364"
  },
  "annotations": [
    {
      "bounding_box": {
        "h": 55.97,
        "w": 59.04,
        "x": 457.25,
        "y": 419.42
      },
      "name": "Cisto Inviável"
    },
    {
      "bounding_box": {
        "h": 46.75,
        "w": 48.37,
        "x": 225.91,
        "y": 167.12
      },
      "name": "Cisto Viável"
    },
    {
      "bounding_box": {
        "h": 66.1,
        "w": 78.19,
        "x": 207.37,
        "y": 281.58
      },
      "name": "Cisto Viável"
    }
  ]
}