{
  "dataset": "Cisto",
  "image": {
    "width": 640,
    "height": 480,
    "original_filename": "Cisto333.jpg",
    "filename": "Cisto333.jpg",
    "url": "https://darwin.v7labs.com/api/images/38437784/original",
    "thumbnail_url": "https://darwin.v7labs.com/api/images/38437784/thumbnail",
    "path": "/",
    "workview_url": "https://darwin.v7labs.com/workview?dataset=38016&image=123"
  },
  "annotations": [
    {
      "bounding_box": {
        "h": 57.51,
        "w": 61.34,
        "x": 225.69,
        "y": 174.82
      },
      "name": "Cisto Viável"
    },
    {
      "bounding_box": {
        "h": 64.41,
        "w": 67.48,
        "x": 494.82,
        "y": 305.18
      },
      "name": "Cisto Viável"
    },
    {
      "bounding_box": {
        "h": 82.04,
        "w": 151.05,
        "x": 26.33,
        "y": 25.3
      },
      "name": "Não Cisto"
    },
    {
      "bounding_box": {
        "h": 46.01,
        "w": 49.07,
        "x": 304.66,
        "y": 225.43
      },
      "name": "Não Cisto"
    },
    {
      "bounding_box": {
        "h": 55.21,
        "w": 73.61,
        "x": 175.85,
        "y": 411.76
      },
      "name": "Não Cisto"
    },
    {
      "bounding_box": {
        "h": 35.27,
        "w": 38.34,
        "x": 121.41,
        "y": 425.56
      },
      "name": "Não Cisto"
    },
    {
      "bounding_box": {
        "h": 115.02,
        "w": 110.42,
        "x": 398.98,
        "y": 280.64
      },
      "name": "Não Cisto"
    },
    {
      "bounding_box": {
        "h": 147.22,
        "w": 111.95,
        "x": 329.2,
        "y": 42.94
      },
      "name": "Não Cisto"
    },
    {
      "bounding_box": {
        "h": 78.98,
        "w": 144.15,
        "x": 361.41,
        "y": 2.3
      },
      "name": "Não Cisto"
    },
    {
      "bounding_box": {
        "h": 30.67,
        "w": 39.87,
        "x": 504.03,
        "y": 216.23
      },
      "name": "Não Cisto"
    }
  ]
}