{
  "dataset": "Cisto",
  "image": {
    "width": 640,
    "height": 480,
    "original_filename": "Cisto285.jpg",
    "filename": "Cisto285.jpg",
    "url": "https://darwin.v7labs.com/api/images/38437726/original",
    "thumbnail_url": "https://darwin.v7labs.com/api/images/38437726/thumbnail",
    "path": "/",
    "workview_url": "https://darwin.v7labs.com/workview?dataset=38016&image=65"
  },
  "annotations": [
    {
      "bounding_box": {
        "h": 28.37,
        "w": 32.2,
        "x": 144.41,
        "y": 7.67
      },
      "name": "Não Cisto"
    },
    {
      "bounding_box": {
        "h": 29.9,
        "w": 54.44,
        "x": 81.53,
        "y": 126.52
      },
      "name": "Não Cisto"
    },
    {
      "bounding_box": {
        "h": 36.04,
        "w": 30.67,
        "x": 10.99,
        "y": 292.91
      },
      "name": "Não Cisto"
    },
    {
      "bounding_box": {
        "h": 48.31,
        "w": 45.24,
        "x": 114.5,
        "y": 381.85
      },
      "name": "Não Cisto"
    },
    {
      "bounding_box": {
        "h": 36.81,
        "w": 29.9,
        "x": 240.26,
        "y": 417.12
      },
      "name": "Não Cisto"
    },
    {
      "bounding_box": {
        "h": 29.14,
        "w": 34.5,
        "x": 266.33,
        "y": 424.79
      },
      "name": "Não Cisto"
    },
    {
      "bounding_box": {
        "h": 29.14,
        "w": 22.24,
        "x": 303.9,
        "y": 424.03
      },
      "name": "Não Cisto"
    },
    {
      "bounding_box": {
        "h": 25.3,
        "w": 29.14,
        "x": 539.3,
        "y": 286.01
      },
      "name": "Não Cisto"
    },
    {
      "bounding_box": {
        "h": 35.27,
        "w": 37.57,
        "x": 582.24,
        "y": 225.43
      },
      "name": "Não Cisto"
    },
    {
      "bounding_box": {
        "h": 60.58,
        "w": 101.98,
        "x": 420.45,
        "y": 154.89
      },
      "name": "Não Cisto"
    },
    {
      "bounding_box": {
        "h": 50.79,
        "w": 46.71,
        "x": 320.17,
        "y": 216.07
      },
      "name": "Cisto Viável"
    },
    {
      "bounding_box": {
        "h": 25.07,
        "w": 26.51,
        "x": 394.99,
        "y": 273.28
      },
      "name": "Cisto Viável"
    }
  ]
}