{
  "dataset": "Cisto",
  "image": {
    "width": 640,
    "height": 480,
    "original_filename": "Cisto16.jpg",
    "filename": "Cisto16.jpg",
    "url": "https://darwin.v7labs.com/api/images/38438137/original",
    "thumbnail_url": "https://darwin.v7labs.com/api/images/38438137/thumbnail",
    "path": "/",
    "workview_url": "https://darwin.v7labs.com/workview?dataset=38016&image=476"
  },
  "annotations": [
    {
      "bounding_box": {
        "h": 81.28,
        "w": 72.84,
        "x": 224.92,
        "y": 306.71
      },
      "name": "Não Cisto"
    },
    {
      "bounding_box": {
        "h": 46.77,
        "w": 51.37,
        "x": 286.26,
        "y": 283.71
      },
      "name": "Não Cisto"
    },
    {
      "bounding_box": {
        "h": 46.01,
        "w": 60.58,
        "x": 209.58,
        "y": 262.24
      },
      "name": "Cisto Viável"
    }
  ]
}