{
  "dataset": "Cisto",
  "image": {
    "width": 640,
    "height": 480,
    "original_filename": "Cisto143.jpg",
    "filename": "Cisto143.jpg",
    "url": "https://darwin.v7labs.com/api/images/38437893/original",
    "thumbnail_url": "https://darwin.v7labs.com/api/images/38437893/thumbnail",
    "path": "/",
    "workview_url": "https://darwin.v7labs.com/workview?dataset=38016&image=232"
  },
  "annotations": [
    {
      "bounding_box": {
        "h": 147.99,
        "w": 185.56,
        "x": 403.58,
        "y": 223.13
      },
      "name": "Não Cisto"
    },
    {
      "bounding_box": {
        "h": 64.41,
        "w": 49.07,
        "x": 273.99,
        "y": 200.89
      },
      "name": "Cisto Viável"
    },
    {
      "bounding_box": {
        "h": 39.87,
        "w": 46.77,
        "x": 247.92,
        "y": 372.65
      },
      "name": "Cisto Viável"
    },
    {
      "bounding_box": {
        "h": 37.57,
        "w": 36.04,
        "x": 7.16,
        "y": 340.45
      },
      "name": "Cisto Viável"
    },
    {
      "bounding_box": {
        "h": 24.07,
        "w": 24.07,
        "x": -0.21,
        "y": 235.51
      },
      "name": "Cisto Viável"
    },
    {
      "bounding_box": {
        "h": 42.3,
        "w": 18.96,
        "x": 1.98,
        "y": 172.78
      },
      "name": "Cisto Viável"
    },
    {
      "bounding_box": {
        "h": 64.19,
        "w": 75.86,
        "x": 152.96,
        "y": 326.68
      },
      "name": "Cisto Inviável"
    }
  ]
}