{
  "dataset": "Cisto",
  "image": {
    "width": 640,
    "height": 480,
    "original_filename": "Cisto46.jpg",
    "filename": "Cisto46.jpg",
    "url": "https://darwin.v7labs.com/api/images/38438112/original",
    "thumbnail_url": "https://darwin.v7labs.com/api/images/38438112/thumbnail",
    "path": "/",
    "workview_url": "https://darwin.v7labs.com/workview?dataset=38016&image=451"
  },
  "annotations": [
    {
      "bounding_box": {
        "h": 42.17,
        "w": 53.67,
        "x": 11.76,
        "y": 233.87
      },
      "name": "Cisto Viável"
    },
    {
      "bounding_box": {
        "h": 56.74,
        "w": 42.94,
        "x": 294.7,
        "y": 131.12
      },
      "name": "Cisto Viável"
    },
    {
      "bounding_box": {
        "h": 66.2,
        "w": 41.58,
        "x": 469.76,
        "y": 138.03
      },
      "name": "Cisto Viável"
    },
    {
      "bounding_box": {
        "h": 41.03,
        "w": 56.35,
        "x": 232.31,
        "y": 212.98
      },
      "name": "Cisto Inviável"
    },
    {
      "bounding_box": {
        "h": 60.18,
        "w": 72.77,
        "x": 403.01,
        "y": 154.99
      },
      "name": "Cisto Inviável"
    },
    {
      "bounding_box": {
        "h": 61.46,
        "w": 65.3,
        "x": 501.82,
        "y": 423.36
      },
      "name": "Cisto Inviável"
    },
    {
      "bounding_box": {
        "h": 70.77,
        "w": 58.97,
        "x": 305.86,
        "y": 195.44
      },
      "name": "Não Cisto"
    },
    {
      "bounding_box": {
        "h": 83.26,
        "w": 86.73,
        "x": 536.89,
        "y": 185.04
      },
      "name": "Não Cisto"
    },
    {
      "bounding_box": {
        "h": 88.81,
        "w": 103.38,
        "x": 81.06,
        "y": 186.43
      },
      "name": "Não Cisto"
    }
  ]
}