{
  "dataset": "Cisto",
  "image": {
    "width": 640,
    "height": 480,
    "original_filename": "Cisto482.jpg",
    "filename": "Cisto482.jpg",
    "url": "https://darwin.v7labs.com/api/images/38437880/original",
    "thumbnail_url": "https://darwin.v7labs.com/api/images/38437880/thumbnail",
    "path": "/",
    "workview_url": "https://darwin.v7labs.com/workview?dataset=38016&image=219"
  },
  "annotations": [
    {
      "bounding_box": {
        "h": 51.9,
        "w": 58.97,
        "x": 141.5,
        "y": 37.64
      },
      "name": "Cisto Inviável"
    },
    {
      "bounding_box": {
        "h": 54.85,
        "w": 54.26,
        "x": 268.3,
        "y": 210.43
      },
      "name": "Cisto Inviável"
    },
    {
      "bounding_box": {
        "h": 35.38,
        "w": 53.08,
        "x": 414.55,
        "y": 241.1
      },
      "name": "Cisto Inviável"
    },
    {
      "bounding_box": {
        "h": 58.97,
        "w": 44.82,
        "x": 354.4,
        "y": 101.33
      },
      "name": "Cisto Inviável"
    },
    {
      "bounding_box": {
        "h": 35.38,
        "w": 53.08,
        "x": 47.73,
        "y": 151.46
      },
      "name": "Cisto Inviável"
    },
    {
      "bounding_box": {
        "h": 48.32,
        "w": 39.69,
        "x": 11.55,
        "y": 98.4
      },
      "name": "Cisto Viável"
    },
    {
      "bounding_box": {
        "h": 48.32,
        "w": 29.91,
        "x": 85.17,
        "y": 112.2
      },
      "name": "Cisto Viável"
    },
    {
      "bounding_box": {
        "h": 45.44,
        "w": 40.84,
        "x": 200.79,
        "y": 128.31
      },
      "name": "Cisto Viável"
    },
    {
      "bounding_box": {
        "h": 55.22,
        "w": 35.09,
        "x": 397.5,
        "y": 90.92
      },
      "name": "Cisto Viável"
    },
    {
      "bounding_box": {
        "h": 55.22,
        "w": 46.59,
        "x": 506.78,
        "y": 57.56
      },
      "name": "Cisto Viável"
    },
    {
      "bounding_box": {
        "h": 46.01,
        "w": 28.76,
        "x": 170.3,
        "y": 239.32
      },
      "name": "Cisto Viável"
    },
    {
      "bounding_box": {
        "h": 41.06,
        "w": 44.48,
        "x": 525.12,
        "y": 404.72
      },
      "name": "Cisto Viável"
    },
    {
      "bounding_box": {
        "h": 28.22,
        "w": 20.48,
        "x": 448.44,
        "y": 311.84
      },
      "name": "Cisto Viável"
    },
    {
      "bounding_box": {
        "h": 29.67,
        "w": 24.24,
        "x": 195.15,
        "y": 249.87
      },
      "name": "Cisto Viável"
    },
    {
      "bounding_box": {
        "h": 66.78,
        "w": 59.89,
        "x": 246.76,
        "y": 52.17
      },
      "name": "Não Cisto"
    },
    {
      "bounding_box": {
        "h": 50.88,
        "w": 62.54,
        "x": 496.91,
        "y": 183.07
      },
      "name": "Não Cisto"
    },
    {
      "bounding_box": {
        "h": 38.69,
        "w": 39.22,
        "x": 464.05,
        "y": 153.92
      },
      "name": "Não Cisto"
    },
    {
      "bounding_box": {
        "h": 25.92,
        "w": 30.76,
        "x": 262.17,
        "y": 346.72
      },
      "name": "Não Cisto"
    },
    {
      "bounding_box": {
        "h": 21.97,
        "w": 32.07,
        "x": 221.31,
        "y": 353.31
      },
      "name": "Não Cisto"
    },
    {
      "bounding_box": {
        "h": 39.98,
        "w": 51.85,
        "x": 128.6,
        "y": 299.71
      },
      "name": "Não Cisto"
    },
    {
      "bounding_box": {
        "h": 32.07,
        "w": 53.16,
        "x": 122.45,
        "y": 373.53
      },
      "name": "Não Cisto"
    },
    {
      "bounding_box": {
        "h": 21.53,
        "w": 28.12,
        "x": 50.39,
        "y": 239.52
      },
      "name": "Não Cisto"
    },
    {
      "bounding_box": {
        "h": 29.88,
        "w": 29.88,
        "x": 455.05,
        "y": 192.07
      },
      "name": "Não Cisto"
    },
    {
      "bounding_box": {
        "h": 37.35,
        "w": 39.54,
        "x": 512.17,
        "y": 270.71
      },
      "name": "Não Cisto"
    }
  ]
}