{
  "dataset": "Cisto",
  "image": {
    "width": 640,
    "height": 480,
    "original_filename": "Cisto434.jpg",
    "filename": "Cisto434.jpg",
    "url": "https://darwin.v7labs.com/api/images/38437799/original",
    "thumbnail_url": "https://darwin.v7labs.com/api/images/38437799/thumbnail",
    "path": "/",
    "workview_url": "https://darwin.v7labs.com/workview?dataset=38016&image=138"
  },
  "annotations": [
    {
      "bounding_box": {
        "h": 74.69,
        "w": 96.7,
        "x": 485.77,
        "y": 91.7
      },
      "name": "Não Cisto"
    },
    {
      "bounding_box": {
        "h": 40.88,
        "w": 64.47,
        "x": 228.69,
        "y": 115.29
      },
      "name": "Não Cisto"
    },
    {
      "bounding_box": {
        "h": 43.24,
        "w": 48.74,
        "x": 120.19,
        "y": 245.01
      },
      "name": "Não Cisto"
    },
    {
      "bounding_box": {
        "h": 47.17,
        "w": 54.25,
        "x": 138.28,
        "y": 206.49
      },
      "name": "Cisto Viável"
    },
    {
      "bounding_box": {
        "h": 58.18,
        "w": 77.83,
        "x": 510.14,
        "y": 46.89
      },
      "name": "Cisto Inviável"
    },
    {
      "bounding_box": {
        "h": 62.11,
        "w": 95.91,
        "x": 359.19,
        "y": 69.69
      },
      "name": "Cisto Inviável"
    }
  ]
}