{
  "dataset": "Cisto",
  "image": {
    "width": 640,
    "height": 480,
    "original_filename": "Cisto481.jpg",
    "filename": "Cisto481.jpg",
    "url": "https://darwin.v7labs.com/api/images/38437791/original",
    "thumbnail_url": "https://darwin.v7labs.com/api/images/38437791/thumbnail",
    "path": "/",
    "workview_url": "https://darwin.v7labs.com/workview?dataset=38016&image=130"
  },
  "annotations": [
    {
      "bounding_box": {
        "h": 46.01,
        "w": 46.77,
        "x": 566.13,
        "y": 336.61
      },
      "name": "Cisto Viável"
    },
    {
      "bounding_box": {
        "h": 45.24,
        "w": 55.97,
        "x": 10.22,
        "y": 1.53
      },
      "name": "Não Cisto"
    },
    {
      "bounding_box": {
        "h": 34.5,
        "w": 38.34,
        "x": 60.83,
        "y": 47.54
      },
      "name": "Não Cisto"
    },
    {
      "bounding_box": {
        "h": 105.81,
        "w": 95.08,
        "x": 5.62,
        "y": 233.87
      },
      "name": "Não Cisto"
    },
    {
      "bounding_box": {
        "h": 34.5,
        "w": 48.31,
        "x": 106.07,
        "y": 315.14
      },
      "name": "Não Cisto"
    },
    {
      "bounding_box": {
        "h": 55.21,
        "w": 151.05,
        "x": 166.65,
        "y": 200.89
      },
      "name": "Não Cisto"
    },
    {
      "bounding_box": {
        "h": 19.94,
        "w": 29.9,
        "x": 207.28,
        "y": 371.12
      },
      "name": "Não Cisto"
    },
    {
      "bounding_box": {
        "h": 32.97,
        "w": 33.74,
        "x": 298.53,
        "y": 312.08
      },
      "name": "Não Cisto"
    },
    {
      "bounding_box": {
        "h": 84.35,
        "w": 88.18,
        "x": 535.46,
        "y": 138.02
      },
      "name": "Não Cisto"
    },
    {
      "bounding_box": {
        "h": 60.58,
        "w": 72.84,
        "x": 394.38,
        "y": 26.84
      },
      "name": "Não Cisto"
    },
    {
      "bounding_box": {
        "h": 41.41,
        "w": 47.54,
        "x": 307.73,
        "y": 126.52
      },
      "name": "Não Cisto"
    },
    {
      "bounding_box": {
        "h": 67.48,
        "w": 52.14,
        "x": 409.71,
        "y": 200.89
      },
      "name": "Cisto Inviável"
    }
  ]
}