{
  "dataset": "Cisto",
  "image": {
    "width": 640,
    "height": 480,
    "original_filename": "Cisto122.jpg",
    "filename": "Cisto122.jpg",
    "url": "https://darwin.v7labs.com/api/images/38437928/original",
    "thumbnail_url": "https://darwin.v7labs.com/api/images/38437928/thumbnail",
    "path": "/",
    "workview_url": "https://darwin.v7labs.com/workview?dataset=38016&image=267"
  },
  "annotations": [
    {
      "bounding_box": {
        "h": 89.71,
        "w": 67.48,
        "x": 191.18,
        "y": 97.38
      },
      "name": "Não Cisto"
    },
    {
      "bounding_box": {
        "h": 46.01,
        "w": 41.41,
        "x": 247.16,
        "y": 93.55
      },
      "name": "Não Cisto"
    },
    {
      "bounding_box": {
        "h": 87.41,
        "w": 108.12,
        "x": 212.65,
        "y": 276.81
      },
      "name": "Não Cisto"
    },
    {
      "bounding_box": {
        "h": 65.94,
        "w": 68.24,
        "x": 508.63,
        "y": 295.97
      },
      "name": "Não Cisto"
    },
    {
      "bounding_box": {
        "h": 48.31,
        "w": 39.11,
        "x": 560,
        "y": 372.65
      },
      "name": "Não Cisto"
    },
    {
      "bounding_box": {
        "h": 42.23,
        "w": 49.46,
        "x": 260.06,
        "y": 208.76
      },
      "name": "Cisto Viável"
    },
    {
      "bounding_box": {
        "h": 32.19,
        "w": 47.22,
        "x": 527.05,
        "y": -0.81
      },
      "name": "Cisto Viável"
    }
  ]
}