{
  "dataset": "Cisto",
  "image": {
    "width": 640,
    "height": 480,
    "original_filename": "Cisto340.jpg",
    "filename": "Cisto340.jpg",
    "url": "https://darwin.v7labs.com/api/images/38437754/original",
    "thumbnail_url": "https://darwin.v7labs.com/api/images/38437754/thumbnail",
    "path": "/",
    "workview_url": "https://darwin.v7labs.com/workview?dataset=38016&image=93"
  },
  "annotations": [
    {
      "bounding_box": {
        "h": 176.36,
        "w": 101.21,
        "x": 198.08,
        "y": 11.5
      },
      "name": "Não Cisto"
    },
    {
      "bounding_box": {
        "h": 40.64,
        "w": 59.04,
        "x": 389.78,
        "y": 274.5
      },
      "name": "Não Cisto"
    },
    {
      "bounding_box": {
        "h": 35.27,
        "w": 36.81,
        "x": 418.15,
        "y": 155.65
      },
      "name": "Não Cisto"
    },
    {
      "bounding_box": {
        "h": 32.2,
        "w": 26.07,
        "x": 385.94,
        "y": 173.29
      },
      "name": "Não Cisto"
    },
    {
      "bounding_box": {
        "h": 26.84,
        "w": 20.7,
        "x": 483.32,
        "y": 16.87
      },
      "name": "Não Cisto"
    },
    {
      "bounding_box": {
        "h": 67.48,
        "w": 61.34,
        "x": 191.18,
        "y": 290.61
      },
      "name": "Cisto Viável"
    },
    {
      "bounding_box": {
        "h": 38.34,
        "w": 59.81,
        "x": 332.27,
        "y": 78.21
      },
      "name": "Cisto Viável"
    },
    {
      "bounding_box": {
        "h": 30.67,
        "w": 42.17,
        "x": 341.47,
        "y": 111.95
      },
      "name": "Cisto Viável"
    },
    {
      "bounding_box": {
        "h": 48.31,
        "w": 39.87,
        "x": 341.47,
        "y": 142.62
      },
      "name": "Cisto Viável"
    },
    {
      "bounding_box": {
        "h": 52.91,
        "w": 42.94,
        "x": 304.66,
        "y": 154.12
      },
      "name": "Cisto Inviável"
    },
    {
      "bounding_box": {
        "h": 26.07,
        "w": 30.67,
        "x": 445.75,
        "y": 85.11
      },
      "name": "Não Cisto"
    },
    {
      "bounding_box": {
        "h": 26.84,
        "w": 46.77,
        "x": 437.32,
        "y": 53.67
      },
      "name": "Não Cisto"
    },
    {
      "bounding_box": {
        "h": 31.44,
        "w": 28.37,
        "x": 155.91,
        "y": 311.31
      },
      "name": "Não Cisto"
    }
  ]
}