{
  "dataset": "Cisto",
  "image": {
    "width": 640,
    "height": 480,
    "original_filename": "Cisto2.jpg",
    "filename": "Cisto2.jpg",
    "url": "https://darwin.v7labs.com/api/images/38438147/original",
    "thumbnail_url": "https://darwin.v7labs.com/api/images/38438147/thumbnail",
    "path": "/",
    "workview_url": "https://darwin.v7labs.com/workview?dataset=38016&image=486"
  },
  "annotations": [
    {
      "bounding_box": {
        "h": 59.81,
        "w": 63.64,
        "x": 323.07,
        "y": 197.83
      },
      "name": "Cisto Viável"
    }
  ]
}