{
  "dataset": "Cisto",
  "image": {
    "width": 640,
    "height": 480,
    "original_filename": "Cisto272.jpg",
    "filename": "Cisto272.jpg",
    "url": "https://darwin.v7labs.com/api/images/38438074/original",
    "thumbnail_url": "https://darwin.v7labs.com/api/images/38438074/thumbnail",
    "path": "/",
    "workview_url": "https://darwin.v7labs.com/workview?dataset=38016&image=413"
  },
  "annotations": [
    {
      "bounding_box": {
        "h": 61.34,
        "w": 75.91,
        "x": 502.49,
        "y": 108.88
      },
      "name": "Cisto Viável"
    }
  ]
}