{
  "dataset": "Cisto",
  "image": {
    "width": 640,
    "height": 480,
    "original_filename": "Cisto300.jpg",
    "filename": "Cisto300.jpg",
    "url": "https://darwin.v7labs.com/api/images/38437752/original",
    "thumbnail_url": "https://darwin.v7labs.com/api/images/38437752/thumbnail",
    "path": "/",
    "workview_url": "https://darwin.v7labs.com/workview?dataset=38016&image=91"
  },
  "annotations": [
    {
      "bounding_box": {
        "h": 26.73,
        "w": 33.85,
        "x": 334.39,
        "y": 44.99
      },
      "name": "Não Cisto"
    },
    {
      "bounding_box": {
        "h": 49.0,
        "w": 33.85,
        "x": 373.58,
        "y": 146.54
      },
      "name": "Não Cisto"
    },
    {
      "bounding_box": {
        "h": 49.0,
        "w": 40.98,
        "x": 337.95,
        "y": 306.01
      },
      "name": "Não Cisto"
    },
    {
      "bounding_box": {
        "h": 103.34,
        "w": 40.09,
        "x": 282.72,
        "y": 277.5
      },
      "name": "Não Cisto"
    },
    {
      "bounding_box": {
        "h": 97.1,
        "w": 95.32,
        "x": 117.01,
        "y": 291.76
      },
      "name": "Não Cisto"
    },
    {
      "bounding_box": {
        "h": 34.74,
        "w": 24.05,
        "x": 261.33,
        "y": 3.12
      },
      "name": "Não Cisto"
    },
    {
      "bounding_box": {
        "h": 29.4,
        "w": 30.29,
        "x": 231.05,
        "y": 1.33
      },
      "name": "Não Cisto"
    },
    {
      "bounding_box": {
        "h": 30.29,
        "w": 34.74,
        "x": 197.19,
        "y": 51.22
      },
      "name": "Não Cisto"
    },
    {
      "bounding_box": {
        "h": 49.89,
        "w": 24.94,
        "x": 202.54,
        "y": 107.35
      },
      "name": "Não Cisto"
    },
    {
      "bounding_box": {
        "h": 31.18,
        "w": 31.18,
        "x": 336.17,
        "y": 224.94
      },
      "name": "Não Cisto"
    },
    {
      "bounding_box": {
        "h": 34.23,
        "w": 49.36,
        "x": 222.8,
        "y": 374.7
      },
      "name": "Cisto Viável"
    },
    {
      "bounding_box": {
        "h": 65.28,
        "w": 48.56,
        "x": 238.72,
        "y": 319.77
      },
      "name": "Cisto Viável"
    },
    {
      "bounding_box": {
        "h": 29.45,
        "w": 37.42,
        "x": 245.89,
        "y": 446.35
      },
      "name": "Cisto Viável"
    },
    {
      "bounding_box": {
        "h": 42.68,
        "w": 67.84,
        "x": 14.85,
        "y": 78.83
      },
      "name": "Cisto Viável"
    },
    {
      "bounding_box": {
        "h": 39.94,
        "w": 41.58,
        "x": 235.89,
        "y": 190.45
      },
      "name": "Não Cisto"
    },
    {
      "bounding_box": {
        "h": 19.7,
        "w": 18.6,
        "x": 291.7,
        "y": 172.94
      },
      "name": "Não Cisto"
    },
    {
      "bounding_box": {
        "h": 21.34,
        "w": 23.53,
        "x": 276.38,
        "y": 134.64
      },
      "name": "Não Cisto"
    },
    {
      "bounding_box": {
        "h": 24.62,
        "w": 24.62,
        "x": 243.01,
        "y": 155.43
      },
      "name": "Não Cisto"
    },
    {
      "bounding_box": {
        "h": 24.07,
        "w": 25.72,
        "x": 261.06,
        "y": 169.66
      },
      "name": "Não Cisto"
    },
    {
      "bounding_box": {
        "h": 22.43,
        "w": 21.89,
        "x": 267.63,
        "y": 149.96
      },
      "name": "Não Cisto"
    },
    {
      "bounding_box": {
        "h": 24.07,
        "w": 20.79,
        "x": 169.14,
        "y": 112.75
      },
      "name": "Não Cisto"
    },
    {
      "bounding_box": {
        "h": 21.34,
        "w": 19.7,
        "x": 133.03,
        "y": 42.17
      },
      "name": "Não Cisto"
    },
    {
      "bounding_box": {
        "h": 41.58,
        "w": 31.73,
        "x": 0.63,
        "y": 44.36
      },
      "name": "Cisto Inviável"
    },
    {
      "bounding_box": {
        "h": 19.95,
        "w": 21.51,
        "x": 310.14,
        "y": 398.04
      },
      "name": "Não Cisto"
    },
    {
      "bounding_box": {
        "h": 25.56,
        "w": 23.69,
        "x": 295.8,
        "y": 433.89
      },
      "name": "Não Cisto"
    },
    {
      "bounding_box": {
        "h": 28.99,
        "w": 34.29,
        "x": 262.44,
        "y": 413.63
      },
      "name": "Não Cisto"
    },
    {
      "bounding_box": {
        "h": 19.02,
        "w": 22.76,
        "x": 200.09,
        "y": 432.65
      },
      "name": "Não Cisto"
    },
    {
      "bounding_box": {
        "h": 21.2,
        "w": 24.94,
        "x": 134.31,
        "y": 459.15
      },
      "name": "Não Cisto"
    },
    {
      "bounding_box": {
        "h": 32.24,
        "w": 28.52,
        "x": 330.07,
        "y": 265.83
      },
      "name": "Não Cisto"
    }
  ]
}