{
  "dataset": "Cisto",
  "image": {
    "width": 640,
    "height": 480,
    "original_filename": "Cisto234.jpg",
    "filename": "Cisto234.jpg",
    "url": "https://darwin.v7labs.com/api/images/38438036/original",
    "thumbnail_url": "https://darwin.v7labs.com/api/images/38438036/thumbnail",
    "path": "/",
    "workview_url": "https://darwin.v7labs.com/workview?dataset=38016&image=375"
  },
  "annotations": [
    {
      "bounding_box": {
        "h": 33.74,
        "w": 27.6,
        "x": 122.94,
        "y": 206.26
      },
      "name": "Cisto Viável"
    },
    {
      "bounding_box": {
        "h": 42.17,
        "w": 39.87,
        "x": 191.95,
        "y": 165.62
      },
      "name": "Cisto Viável"
    },
    {
      "bounding_box": {
        "h": 51.37,
        "w": 46.77,
        "x": 215.72,
        "y": 247.67
      },
      "name": "Não Cisto"
    }
  ]
}