{
  "dataset": "Cisto",
  "image": {
    "width": 640,
    "height": 480,
    "original_filename": "Cisto13.jpg",
    "filename": "Cisto13.jpg",
    "url": "https://darwin.v7labs.com/api/images/38438138/original",
    "thumbnail_url": "https://darwin.v7labs.com/api/images/38438138/thumbnail",
    "path": "/",
    "workview_url": "https://darwin.v7labs.com/workview?dataset=38016&image=477"
  },
  "annotations": [
    {
      "bounding_box": {
        "h": 72.84,
        "w": 81.28,
        "x": 326.13,
        "y": 244.6
      },
      "name": "Cisto Viável"
    },
    {
      "bounding_box": {
        "h": 99.68,
        "w": 89.71,
        "x": 107.6,
        "y": 84.35
      },
      "name": "Não Cisto"
    },
    {
      "bounding_box": {
        "h": 28.62,
        "w": 31.59,
        "x": 566.23,
        "y": 126.96
      },
      "name": "Cisto Viável"
    }
  ]
}