{
  "dataset": "Cisto",
  "image": {
    "width": 640,
    "height": 480,
    "original_filename": "Cisto305.jpg",
    "filename": "Cisto305.jpg",
    "url": "https://darwin.v7labs.com/api/images/38437735/original",
    "thumbnail_url": "https://darwin.v7labs.com/api/images/38437735/thumbnail",
    "path": "/",
    "workview_url": "https://darwin.v7labs.com/workview?dataset=38016&image=74"
  },
  "annotations": [
    {
      "bounding_box": {
        "h": 48.39,
        "w": 48.39,
        "x": 23.46,
        "y": 167.77
      },
      "name": "Cisto Viável"
    },
    {
      "bounding_box": {
        "h": 33.43,
        "w": 32.55,
        "x": 134.32,
        "y": 217.04
      },
      "name": "Cisto Viável"
    },
    {
      "bounding_box": {
        "h": 43.99,
        "w": 48.39,
        "x": 241.65,
        "y": 356.05
      },
      "name": "Cisto Viável"
    },
    {
      "bounding_box": {
        "h": 91.5,
        "w": 67.74,
        "x": 9.39,
        "y": 46.36
      },
      "name": "Não Cisto"
    },
    {
      "bounding_box": {
        "h": 60.71,
        "w": 159.24,
        "x": 58.65,
        "y": 349.89
      },
      "name": "Não Cisto"
    },
    {
      "bounding_box": {
        "h": 42.23,
        "w": 52.79,
        "x": 84.17,
        "y": 276.87
      },
      "name": "Não Cisto"
    },
    {
      "bounding_box": {
        "h": 47.51,
        "w": 47.51,
        "x": 284.76,
        "y": 173.93
      },
      "name": "Não Cisto"
    },
    {
      "bounding_box": {
        "h": 65.98,
        "w": 127.57,
        "x": 364.82,
        "y": 4.13
      },
      "name": "Não Cisto"
    },
    {
      "bounding_box": {
        "h": 60.71,
        "w": 67.74,
        "x": 411.45,
        "y": 121.15
      },
      "name": "Não Cisto"
    },
    {
      "bounding_box": {
        "h": 36.07,
        "w": 29.91,
        "x": 493.27,
        "y": 75.4
      },
      "name": "Não Cisto"
    },
    {
      "bounding_box": {
        "h": 81.82,
        "w": 109.09,
        "x": 248.69,
        "y": 91.23
      },
      "name": "Não Cisto"
    },
    {
      "bounding_box": {
        "h": 96.78,
        "w": 85.34,
        "x": 555.74,
        "y": 373.65
      },
      "name": "Não Cisto"
    },
    {
      "bounding_box": {
        "h": 24.62,
        "w": 28.5,
        "x": 270.67,
        "y": 342.65
      },
      "name": "Não Cisto"
    }
  ]
}