{
  "dataset": "Cisto",
  "image": {
    "width": 640,
    "height": 480,
    "original_filename": "Cisto283.jpg",
    "filename": "Cisto283.jpg",
    "url": "https://darwin.v7labs.com/api/images/38437772/original",
    "thumbnail_url": "https://darwin.v7labs.com/api/images/38437772/thumbnail",
    "path": "/",
    "workview_url": "https://darwin.v7labs.com/workview?dataset=38016&image=111"
  },
  "annotations": [
    {
      "bounding_box": {
        "h": 39.11,
        "w": 38.34,
        "x": 347.6,
        "y": 158.72
      },
      "name": "Cisto Viável"
    },
    {
      "bounding_box": {
        "h": 36.81,
        "w": 42.94,
        "x": 391.31,
        "y": 69.01
      },
      "name": "Cisto Viável"
    },
    {
      "bounding_box": {
        "h": 28.37,
        "w": 51.37,
        "x": 313.87,
        "y": 396.42
      },
      "name": "Cisto Viável"
    },
    {
      "bounding_box": {
        "h": 37.57,
        "w": 54.44,
        "x": 347.6,
        "y": 95.08
      },
      "name": "Não Cisto"
    },
    {
      "bounding_box": {
        "h": 27.6,
        "w": 26.84,
        "x": 409.71,
        "y": 129.58
      },
      "name": "Não Cisto"
    },
    {
      "bounding_box": {
        "h": 32.2,
        "w": 33.74,
        "x": 332.27,
        "y": 64.41
      },
      "name": "Não Cisto"
    },
    {
      "bounding_box": {
        "h": 33.74,
        "w": 37.57,
        "x": 399.74,
        "y": 213.16
      },
      "name": "Não Cisto"
    },
    {
      "bounding_box": {
        "h": 36.04,
        "w": 31.44,
        "x": 325.37,
        "y": 289.84
      },
      "name": "Não Cisto"
    },
    {
      "bounding_box": {
        "h": 145.69,
        "w": 78.98,
        "x": 340.7,
        "y": 255.34
      },
      "name": "Não Cisto"
    },
    {
      "bounding_box": {
        "h": 18.51,
        "w": 21.64,
        "x": 329.64,
        "y": 376.64
      },
      "name": "Não Cisto"
    }
  ]
}