{
  "dataset": "Cisto",
  "image": {
    "width": 640,
    "height": 480,
    "original_filename": "Cisto97.jpg",
    "filename": "Cisto97.jpg",
    "url": "https://darwin.v7labs.com/api/images/38437904/original",
    "thumbnail_url": "https://darwin.v7labs.com/api/images/38437904/thumbnail",
    "path": "/",
    "workview_url": "https://darwin.v7labs.com/workview?dataset=38016&image=243"
  },
  "annotations": [
    {
      "bounding_box": {
        "h": 41.41,
        "w": 41.41,
        "x": 126.01,
        "y": 115.78
      },
      "name": "Cisto Viável"
    },
    {
      "bounding_box": {
        "h": 59.04,
        "w": 57.51,
        "x": 157.44,
        "y": 180.96
      },
      "name": "Cisto Viável"
    },
    {
      "bounding_box": {
        "h": 37.57,
        "w": 42.94,
        "x": 412.01,
        "y": 167.92
      },
      "name": "Cisto Viável"
    },
    {
      "bounding_box": {
        "h": 40.64,
        "w": 48.31,
        "x": 79.23,
        "y": 330.48
      },
      "name": "Cisto Viável"
    },
    {
      "bounding_box": {
        "h": 29.14,
        "w": 33.74,
        "x": 186.58,
        "y": 384.92
      },
      "name": "Cisto Viável"
    },
    {
      "bounding_box": {
        "h": 36.81,
        "w": 40.64,
        "x": 382.11,
        "y": 371.88
      },
      "name": "Cisto Viável"
    },
    {
      "bounding_box": {
        "h": 37.57,
        "w": 36.81,
        "x": 565.37,
        "y": 134.95
      },
      "name": "Cisto Viável"
    },
    {
      "bounding_box": {
        "h": 21.2,
        "w": 21.55,
        "x": 313.61,
        "y": 234.47
      },
      "name": "Cisto Viável"
    },
    {
      "bounding_box": {
        "h": 100.79,
        "w": 30.46,
        "x": 252.32,
        "y": 163.0
      },
      "name": "Não Cisto"
    },
    {
      "bounding_box": {
        "h": 53.15,
        "w": 39.86,
        "x": 216.88,
        "y": 329.74
      },
      "name": "Cisto Inviável"
    }
  ]
}