{
  "dataset": "Cisto",
  "image": {
    "width": 640,
    "height": 480,
    "original_filename": "Cisto329.jpg",
    "filename": "Cisto329.jpg",
    "url": "https://darwin.v7labs.com/api/images/38437706/original",
    "thumbnail_url": "https://darwin.v7labs.com/api/images/38437706/thumbnail",
    "path": "/",
    "workview_url": "https://darwin.v7labs.com/workview?dataset=38016&image=45"
  },
  "annotations": [
    {
      "bounding_box": {
        "h": 47.19,
        "w": 42.9,
        "x": 86.19,
        "y": 325.31
      },
      "name": "Cisto Inviável"
    },
    {
      "bounding_box": {
        "h": 42.05,
        "w": 41.19,
        "x": 50.15,
        "y": 84.19
      },
      "name": "Cisto Viável"
    },
    {
      "bounding_box": {
        "h": 48.05,
        "w": 49.77,
        "x": 234.63,
        "y": 324.45
      },
      "name": "Cisto Viável"
    },
    {
      "bounding_box": {
        "h": 48.91,
        "w": 49.77,
        "x": 184.86,
        "y": 396.53
      },
      "name": "Cisto Viável"
    },
    {
      "bounding_box": {
        "h": 28.32,
        "w": 35.18,
        "x": 480.9,
        "y": 182.01
      },
      "name": "Cisto Viável"
    },
    {
      "bounding_box": {
        "h": 31.75,
        "w": 34.32,
        "x": 480.9,
        "y": 317.59
      },
      "name": "Cisto Viável"
    },
    {
      "bounding_box": {
        "h": 53.2,
        "w": 49.77,
        "x": 39.85,
        "y": 123.66
      },
      "name": "Não Cisto"
    },
    {
      "bounding_box": {
        "h": 66.93,
        "w": 48.91,
        "x": 0.38,
        "y": 48.15
      },
      "name": "Não Cisto"
    },
    {
      "bounding_box": {
        "h": 80.66,
        "w": 57.49,
        "x": 123.94,
        "y": 61.88
      },
      "name": "Não Cisto"
    },
    {
      "bounding_box": {
        "h": 37.76,
        "w": 28.32,
        "x": 216.61,
        "y": 135.68
      },
      "name": "Não Cisto"
    },
    {
      "bounding_box": {
        "h": 37.76,
        "w": 31.75,
        "x": 192.59,
        "y": 230.07
      },
      "name": "Não Cisto"
    },
    {
      "bounding_box": {
        "h": 60.07,
        "w": 54.06,
        "x": 228.63,
        "y": 249.8
      },
      "name": "Não Cisto"
    },
    {
      "bounding_box": {
        "h": 26.6,
        "w": 24.03,
        "x": 347.9,
        "y": 283.27
      },
      "name": "Não Cisto"
    },
    {
      "bounding_box": {
        "h": 31.75,
        "w": 43.76,
        "x": 355.62,
        "y": 362.21
      },
      "name": "Não Cisto"
    },
    {
      "bounding_box": {
        "h": 38.61,
        "w": 55.77,
        "x": 461.16,
        "y": 426.57
      },
      "name": "Não Cisto"
    },
    {
      "bounding_box": {
        "h": 26.6,
        "w": 38.61,
        "x": 511.79,
        "y": 402.54
      },
      "name": "Não Cisto"
    },
    {
      "bounding_box": {
        "h": 45.48,
        "w": 52.34,
        "x": 240.64,
        "y": 427.42
      },
      "name": "Não Cisto"
    },
    {
      "bounding_box": {
        "h": 36.9,
        "w": 37.76,
        "x": 341.89,
        "y": 236.07
      },
      "name": "Não Cisto"
    },
    {
      "bounding_box": {
        "h": 95.25,
        "w": 112.41,
        "x": 361.63,
        "y": 176.01
      },
      "name": "Não Cisto"
    },
    {
      "bounding_box": {
        "h": 56.63,
        "w": 48.05,
        "x": 522.95,
        "y": 179.44
      },
      "name": "Não Cisto"
    },
    {
      "bounding_box": {
        "h": 27.46,
        "w": 33.46,
        "x": 512.65,
        "y": 84.19
      },
      "name": "Não Cisto"
    },
    {
      "bounding_box": {
        "h": 42.9,
        "w": 49.77,
        "x": 540.11,
        "y": 39.57
      },
      "name": "Não Cisto"
    },
    {
      "bounding_box": {
        "h": 35.18,
        "w": 38.61,
        "x": 281.83,
        "y": 70.46
      },
      "name": "Não Cisto"
    },
    {
      "bounding_box": {
        "h": 18.67,
        "w": 32.54,
        "x": 254.8,
        "y": 186.3
      },
      "name": "Não Cisto"
    }
  ]
}