{
  "dataset": "Cisto",
  "image": {
    "width": 640,
    "height": 480,
    "original_filename": "Cisto448.jpg",
    "filename": "Cisto448.jpg",
    "url": "https://darwin.v7labs.com/api/images/38437867/original",
    "thumbnail_url": "https://darwin.v7labs.com/api/images/38437867/thumbnail",
    "path": "/",
    "workview_url": "https://darwin.v7labs.com/workview?dataset=38016&image=206"
  },
  "annotations": [
    {
      "bounding_box": {
        "h": 45.43,
        "w": 44.54,
        "x": 189.3,
        "y": 210.22
      },
      "name": "Cisto Viável"
    },
    {
      "bounding_box": {
        "h": 33.85,
        "w": 36.53,
        "x": 238.3,
        "y": 189.73
      },
      "name": "Cisto Viável"
    },
    {
      "bounding_box": {
        "h": 38.31,
        "w": 47.22,
        "x": 295.31,
        "y": 157.66
      },
      "name": "Cisto Viável"
    },
    {
      "bounding_box": {
        "h": 45.43,
        "w": 53.45,
        "x": 249.88,
        "y": 333.16
      },
      "name": "Cisto Viável"
    },
    {
      "bounding_box": {
        "h": 54.23,
        "w": 111.86,
        "x": 97.26,
        "y": 366.47
      },
      "name": "Não Cisto"
    },
    {
      "bounding_box": {
        "h": 63.56,
        "w": 61.86,
        "x": 321.83,
        "y": 279.18
      },
      "name": "Não Cisto"
    },
    {
      "bounding_box": {
        "h": 73.73,
        "w": 59.32,
        "x": 442.16,
        "y": 146.99
      },
      "name": "Não Cisto"
    },
    {
      "bounding_box": {
        "h": 54.23,
        "w": 84.74,
        "x": 265.9,
        "y": 31.74
      },
      "name": "Não Cisto"
    }
  ]
}