{
  "dataset": "Cisto",
  "image": {
    "width": 640,
    "height": 480,
    "original_filename": "Cisto74.jpg",
    "filename": "Cisto74.jpg",
    "url": "https://darwin.v7labs.com/api/images/38437931/original",
    "thumbnail_url": "https://darwin.v7labs.com/api/images/38437931/thumbnail",
    "path": "/",
    "workview_url": "https://darwin.v7labs.com/workview?dataset=38016&image=270"
  },
  "annotations": [
    {
      "bounding_box": {
        "h": 62.11,
        "w": 69.01,
        "x": 177.38,
        "y": 101.21
      },
      "name": "Não Cisto"
    },
    {
      "bounding_box": {
        "h": 51.37,
        "w": 62.11,
        "x": 49.33,
        "y": 189.39
      },
      "name": "Não Cisto"
    },
    {
      "bounding_box": {
        "h": 36.81,
        "w": 123.45,
        "x": 135.21,
        "y": 225.43
      },
      "name": "Não Cisto"
    },
    {
      "bounding_box": {
        "h": 76.68,
        "w": 82.81,
        "x": 504.03,
        "y": 208.56
      },
      "name": "Não Cisto"
    },
    {
      "bounding_box": {
        "h": 105.81,
        "w": 82.04,
        "x": 402.04,
        "y": 243.83
      },
      "name": "Não Cisto"
    },
    {
      "bounding_box": {
        "h": 65.18,
        "w": 52.91,
        "x": 185.05,
        "y": 267.6
      },
      "name": "Cisto Viável"
    },
    {
      "bounding_box": {
        "h": 36.81,
        "w": 39.87,
        "x": 357.57,
        "y": 400.26
      },
      "name": "Cisto Viável"
    },
    {
      "bounding_box": {
        "h": 35.27,
        "w": 34.5,
        "x": 371.37,
        "y": 309.78
      },
      "name": "Cisto Viável"
    }
  ]
}