<annotation><folder>images</folder><filename>Cisto456.jpg</filename><path>images/Cisto456.jpg</path><source><database>darwin</database></source><size><width>640</width><height>480</height><depth>3</depth></size><segmented>0</segmented><object><name>Cisto Vi&#225;vel</name><pose>Unspecified</pose><truncated>0</truncated><difficult>0</difficult><bndbox><xmin>223</xmin><ymin>93</ymin><xmax>282</xmax><ymax>156</ymax></bndbox></object><object><name>Cisto Vi&#225;vel</name><pose>Unspecified</pose><truncated>0</truncated><difficult>0</difficult><bndbox><xmin>541</xmin><ymin>107</ymin><xmax>588</xmax><ymax>161</ymax></bndbox></object></annotation>