<annotation><folder>images</folder><filename>Cisto176.jpg</filename><path>images/Cisto176.jpg</path><source><database>darwin</database></source><size><width>640</width><height>480</height><depth>3</depth></size><segmented>0</segmented><object><name>Cisto Vi&#225;vel</name><pose>Unspecified</pose><truncated>0</truncated><difficult>0</difficult><bndbox><xmin>45</xmin><ymin>277</ymin><xmax>98</xmax><ymax>328</ymax></bndbox></object><object><name>Cisto Vi&#225;vel</name><pose>Unspecified</pose><truncated>0</truncated><difficult>0</difficult><bndbox><xmin>202</xmin><ymin>211</ymin><xmax>246</xmax><ymax>249</ymax></bndbox></object><object><name>Cisto Vi&#225;vel</name><pose>Unspecified</pose><truncated>0</truncated><difficult>0</difficult><bndbox><xmin>115</xmin><ymin>-2</ymin><xmax>155</xmax><ymax>25</ymax></bndbox></object></annotation>