<annotation><folder>images</folder><filename>Cisto382.jpg</filename><path>images/Cisto382.jpg</path><source><database>darwin</database></source><size><width>640</width><height>480</height><depth>3</depth></size><segmented>0</segmented><object><name>Cisto Vi&#225;vel</name><pose>Unspecified</pose><truncated>0</truncated><difficult>0</difficult><bndbox><xmin>286</xmin><ymin>325</ymin><xmax>331</xmax><ymax>366</ymax></bndbox></object><object><name>Cisto Vi&#225;vel</name><pose>Unspecified</pose><truncated>0</truncated><difficult>0</difficult><bndbox><xmin>148</xmin><ymin>91</ymin><xmax>189</xmax><ymax>143</ymax></bndbox></object><object><name>Cisto Vi&#225;vel</name><pose>Unspecified</pose><truncated>0</truncated><difficult>0</difficult><bndbox><xmin>281</xmin><ymin>186</ymin><xmax>317</xmax><ymax>231</ymax></bndbox></object></annotation>