<annotation><folder>images</folder><filename>Cisto690.jpg</filename><path>images/Cisto690.jpg</path><source><database>darwin</database></source><size><width>640</width><height>480</height><depth>3</depth></size><segmented>0</segmented><object><name>Cisto Vi&#225;vel</name><pose>Unspecified</pose><truncated>0</truncated><difficult>0</difficult><bndbox><xmin>407</xmin><ymin>314</ymin><xmax>460</xmax><ymax>367</ymax></bndbox></object><object><name>Cisto Invi&#225;vel</name><pose>Unspecified</pose><truncated>0</truncated><difficult>0</difficult><bndbox><xmin>289</xmin><ymin>351</ymin><xmax>351</xmax><ymax>403</ymax></bndbox></object></annotation>