<annotation><folder>images</folder><filename>Cisto138.jpg</filename><path>images/Cisto138.jpg</path><source><database>darwin</database></source><size><width>640</width><height>480</height><depth>3</depth></size><segmented>0</segmented><object><name>Cisto Vi&#225;vel</name><pose>Unspecified</pose><truncated>0</truncated><difficult>0</difficult><bndbox><xmin>189</xmin><ymin>347</ymin><xmax>270</xmax><ymax>416</ymax></bndbox></object><object><name>Cisto Vi&#225;vel</name><pose>Unspecified</pose><truncated>0</truncated><difficult>0</difficult><bndbox><xmin>372</xmin><ymin>247</ymin><xmax>449</xmax><ymax>307</ymax></bndbox></object><object><name>Cisto Invi&#225;vel</name><pose>Unspecified</pose><truncated>0</truncated><difficult>0</difficult><bndbox><xmin>266</xmin><ymin>75</ymin><xmax>337</xmax><ymax>130</ymax></bndbox></object></annotation>