<annotation><folder>images</folder><filename>Cisto285.jpg</filename><path>images/Cisto285.jpg</path><source><database>darwin</database></source><size><width>640</width><height>480</height><depth>3</depth></size><segmented>0</segmented><object><name>Cisto Vi&#225;vel</name><pose>Unspecified</pose><truncated>0</truncated><difficult>0</difficult><bndbox><xmin>320</xmin><ymin>216</ymin><xmax>367</xmax><ymax>267</ymax></bndbox></object><object><name>Cisto Vi&#225;vel</name><pose>Unspecified</pose><truncated>0</truncated><difficult>0</difficult><bndbox><xmin>395</xmin><ymin>273</ymin><xmax>422</xmax><ymax>298</ymax></bndbox></object></annotation>