<annotation><folder>images</folder><filename>Cisto1078.jpg</filename><path>images/Cisto1078.jpg</path><source><database>darwin</database></source><size><width>640</width><height>480</height><depth>3</depth></size><segmented>0</segmented><object><name>Cisto Vi&#225;vel</name><pose>Unspecified</pose><truncated>0</truncated><difficult>0</difficult><bndbox><xmin>241</xmin><ymin>121</ymin><xmax>283</xmax><ymax>171</ymax></bndbox></object><object><name>Cisto Invi&#225;vel</name><pose>Unspecified</pose><truncated>0</truncated><difficult>0</difficult><bndbox><xmin>114</xmin><ymin>324</ymin><xmax>154</xmax><ymax>367</ymax></bndbox></object><object><name>Cisto Invi&#225;vel</name><pose>Unspecified</pose><truncated>0</truncated><difficult>0</difficult><bndbox><xmin>321</xmin><ymin>265</ymin><xmax>381</xmax><ymax>344</ymax></bndbox></object></annotation>