<annotation><folder>images</folder><filename>Cisto1067.jpg</filename><path>images/Cisto1067.jpg</path><source><database>darwin</database></source><size><width>640</width><height>480</height><depth>3</depth></size><segmented>0</segmented><object><name>Cisto Vi&#225;vel</name><pose>Unspecified</pose><truncated>0</truncated><difficult>0</difficult><bndbox><xmin>136</xmin><ymin>161</ymin><xmax>188</xmax><ymax>209</ymax></bndbox></object><object><name>Cisto Invi&#225;vel</name><pose>Unspecified</pose><truncated>0</truncated><difficult>0</difficult><bndbox><xmin>474</xmin><ymin>273</ymin><xmax>532</xmax><ymax>319</ymax></bndbox></object></annotation>