<annotation><folder>images</folder><filename>Cisto321.jpg</filename><path>images/Cisto321.jpg</path><source><database>darwin</database></source><size><width>640</width><height>480</height><depth>3</depth></size><segmented>0</segmented><object><name>Cisto Vi&#225;vel</name><pose>Unspecified</pose><truncated>0</truncated><difficult>0</difficult><bndbox><xmin>64</xmin><ymin>397</ymin><xmax>128</xmax><ymax>465</ymax></bndbox></object><object><name>Cisto Vi&#225;vel</name><pose>Unspecified</pose><truncated>0</truncated><difficult>0</difficult><bndbox><xmin>328</xmin><ymin>210</ymin><xmax>383</xmax><ymax>260</ymax></bndbox></object></annotation>