<annotation><folder>images</folder><filename>Cisto146.jpg</filename><path>images/Cisto146.jpg</path><source><database>darwin</database></source><size><width>640</width><height>480</height><depth>3</depth></size><segmented>0</segmented><object><name>Cisto Vi&#225;vel</name><pose>Unspecified</pose><truncated>0</truncated><difficult>0</difficult><bndbox><xmin>223</xmin><ymin>274</ymin><xmax>271</xmax><ymax>336</ymax></bndbox></object><object><name>Cisto Vi&#225;vel</name><pose>Unspecified</pose><truncated>0</truncated><difficult>0</difficult><bndbox><xmin>308</xmin><ymin>408</ymin><xmax>363</xmax><ymax>455</ymax></bndbox></object></annotation>