<annotation><folder>images</folder><filename>Cisto1088.jpg</filename><path>images/Cisto1088.jpg</path><source><database>darwin</database></source><size><width>640</width><height>480</height><depth>3</depth></size><segmented>0</segmented><object><name>Cisto Invi&#225;vel</name><pose>Unspecified</pose><truncated>0</truncated><difficult>0</difficult><bndbox><xmin>523</xmin><ymin>260</ymin><xmax>565</xmax><ymax>308</ymax></bndbox></object><object><name>Cisto Invi&#225;vel</name><pose>Unspecified</pose><truncated>0</truncated><difficult>0</difficult><bndbox><xmin>417</xmin><ymin>116</ymin><xmax>453</xmax><ymax>150</ymax></bndbox></object><object><name>Cisto Vi&#225;vel</name><pose>Unspecified</pose><truncated>0</truncated><difficult>0</difficult><bndbox><xmin>182</xmin><ymin>221</ymin><xmax>213</xmax><ymax>257</ymax></bndbox></object></annotation>