<annotation><folder>images</folder><filename>Cisto217.jpg</filename><path>images/Cisto217.jpg</path><source><database>darwin</database></source><size><width>640</width><height>480</height><depth>3</depth></size><segmented>0</segmented><object><name>Cisto Vi&#225;vel</name><pose>Unspecified</pose><truncated>0</truncated><difficult>0</difficult><bndbox><xmin>142</xmin><ymin>82</ymin><xmax>203</xmax><ymax>124</ymax></bndbox></object><object><name>Cisto Vi&#225;vel</name><pose>Unspecified</pose><truncated>0</truncated><difficult>0</difficult><bndbox><xmin>194</xmin><ymin>140</ymin><xmax>236</xmax><ymax>201</ymax></bndbox></object><object><name>Cisto Vi&#225;vel</name><pose>Unspecified</pose><truncated>0</truncated><difficult>0</difficult><bndbox><xmin>265</xmin><ymin>247</ymin><xmax>305</xmax><ymax>294</ymax></bndbox></object><object><name>Cisto Vi&#225;vel</name><pose>Unspecified</pose><truncated>0</truncated><difficult>0</difficult><bndbox><xmin>94</xmin><ymin>186</ymin><xmax>164</xmax><ymax>259</ymax></bndbox></object></annotation>