<annotation><folder>images</folder><filename>Cisto79.jpg</filename><path>images/Cisto79.jpg</path><source><database>darwin</database></source><size><width>640</width><height>480</height><depth>3</depth></size><segmented>0</segmented><object><name>Cisto Invi&#225;vel</name><pose>Unspecified</pose><truncated>0</truncated><difficult>0</difficult><bndbox><xmin>88</xmin><ymin>155</ymin><xmax>136</xmax><ymax>222</ymax></bndbox></object><object><name>Cisto Invi&#225;vel</name><pose>Unspecified</pose><truncated>0</truncated><difficult>0</difficult><bndbox><xmin>170</xmin><ymin>259</ymin><xmax>233</xmax><ymax>311</ymax></bndbox></object></annotation>