<annotation><folder>images</folder><filename>Cisto68.jpg</filename><path>images/Cisto68.jpg</path><source><database>darwin</database></source><size><width>640</width><height>480</height><depth>3</depth></size><segmented>0</segmented><object><name>Cisto Vi&#225;vel</name><pose>Unspecified</pose><truncated>0</truncated><difficult>0</difficult><bndbox><xmin>66</xmin><ymin>163</ymin><xmax>111</xmax><ymax>206</ymax></bndbox></object><object><name>Cisto Vi&#225;vel</name><pose>Unspecified</pose><truncated>0</truncated><difficult>0</difficult><bndbox><xmin>427</xmin><ymin>265</ymin><xmax>473</xmax><ymax>317</ymax></bndbox></object></annotation>