<annotation><folder>images</folder><filename>Cisto255.jpg</filename><path>images/Cisto255.jpg</path><source><database>darwin</database></source><size><width>640</width><height>480</height><depth>3</depth></size><segmented>0</segmented><object><name>Cisto Vi&#225;vel</name><pose>Unspecified</pose><truncated>0</truncated><difficult>0</difficult><bndbox><xmin>485</xmin><ymin>193</ymin><xmax>536</xmax><ymax>244</ymax></bndbox></object><object><name>Cisto Vi&#225;vel</name><pose>Unspecified</pose><truncated>0</truncated><difficult>0</difficult><bndbox><xmin>146</xmin><ymin>98</ymin><xmax>240</xmax><ymax>163</ymax></bndbox></object></annotation>