<annotation><folder>images</folder><filename>Cisto755.jpg</filename><path>images/Cisto755.jpg</path><source><database>darwin</database></source><size><width>640</width><height>480</height><depth>3</depth></size><segmented>0</segmented><object><name>Cisto Vi&#225;vel</name><pose>Unspecified</pose><truncated>0</truncated><difficult>0</difficult><bndbox><xmin>289</xmin><ymin>187</ymin><xmax>332</xmax><ymax>225</ymax></bndbox></object><object><name>Cisto Invi&#225;vel</name><pose>Unspecified</pose><truncated>0</truncated><difficult>0</difficult><bndbox><xmin>167</xmin><ymin>41</ymin><xmax>202</xmax><ymax>83</ymax></bndbox></object></annotation>