<annotation><folder>images</folder><filename>Cisto236.jpg</filename><path>images/Cisto236.jpg</path><source><database>darwin</database></source><size><width>640</width><height>480</height><depth>3</depth></size><segmented>0</segmented><object><name>Cisto Vi&#225;vel</name><pose>Unspecified</pose><truncated>0</truncated><difficult>0</difficult><bndbox><xmin>258</xmin><ymin>342</ymin><xmax>314</xmax><ymax>386</ymax></bndbox></object><object><name>Cisto Invi&#225;vel</name><pose>Unspecified</pose><truncated>0</truncated><difficult>0</difficult><bndbox><xmin>280</xmin><ymin>268</ymin><xmax>328</xmax><ymax>321</ymax></bndbox></object></annotation>