<annotation><folder>images</folder><filename>Cisto407.jpg</filename><path>images/Cisto407.jpg</path><source><database>darwin</database></source><size><width>640</width><height>480</height><depth>3</depth></size><segmented>0</segmented><object><name>Cisto Vi&#225;vel</name><pose>Unspecified</pose><truncated>0</truncated><difficult>0</difficult><bndbox><xmin>217</xmin><ymin>290</ymin><xmax>265</xmax><ymax>341</ymax></bndbox></object><object><name>Cisto Vi&#225;vel</name><pose>Unspecified</pose><truncated>0</truncated><difficult>0</difficult><bndbox><xmin>395</xmin><ymin>62</ymin><xmax>445</xmax><ymax>106</ymax></bndbox></object></annotation>