<annotation><folder>images</folder><filename>Cisto657.jpg</filename><path>images/Cisto657.jpg</path><source><database>darwin</database></source><size><width>640</width><height>480</height><depth>3</depth></size><segmented>0</segmented><object><name>Cisto Invi&#225;vel</name><pose>Unspecified</pose><truncated>0</truncated><difficult>0</difficult><bndbox><xmin>223</xmin><ymin>212</ymin><xmax>282</xmax><ymax>256</ymax></bndbox></object><object><name>Cisto Invi&#225;vel</name><pose>Unspecified</pose><truncated>0</truncated><difficult>0</difficult><bndbox><xmin>213</xmin><ymin>400</ymin><xmax>246</xmax><ymax>425</ymax></bndbox></object><object><name>Cisto Invi&#225;vel</name><pose>Unspecified</pose><truncated>0</truncated><difficult>0</difficult><bndbox><xmin>141</xmin><ymin>319</ymin><xmax>176</xmax><ymax>361</ymax></bndbox></object><object><name>Cisto Vi&#225;vel</name><pose>Unspecified</pose><truncated>0</truncated><difficult>0</difficult><bndbox><xmin>283</xmin><ymin>56</ymin><xmax>336</xmax><ymax>101</ymax></bndbox></object></annotation>