<annotation><folder>images</folder><filename>Cisto104.jpg</filename><path>images/Cisto104.jpg</path><source><database>darwin</database></source><size><width>640</width><height>480</height><depth>3</depth></size><segmented>0</segmented><object><name>Cisto Invi&#225;vel</name><pose>Unspecified</pose><truncated>0</truncated><difficult>0</difficult><bndbox><xmin>330</xmin><ymin>231</ymin><xmax>392</xmax><ymax>304</ymax></bndbox></object><object><name>Cisto Vi&#225;vel</name><pose>Unspecified</pose><truncated>0</truncated><difficult>0</difficult><bndbox><xmin>247</xmin><ymin>17</ymin><xmax>304</xmax><ymax>101</ymax></bndbox></object></annotation>