<annotation><folder>images</folder><filename>Cisto383.jpg</filename><path>images/Cisto383.jpg</path><source><database>darwin</database></source><size><width>640</width><height>480</height><depth>3</depth></size><segmented>0</segmented><object><name>Cisto Vi&#225;vel</name><pose>Unspecified</pose><truncated>0</truncated><difficult>0</difficult><bndbox><xmin>119</xmin><ymin>351</ymin><xmax>167</xmax><ymax>385</ymax></bndbox></object><object><name>Cisto Vi&#225;vel</name><pose>Unspecified</pose><truncated>0</truncated><difficult>0</difficult><bndbox><xmin>438</xmin><ymin>123</ymin><xmax>477</xmax><ymax>164</ymax></bndbox></object><object><name>Cisto Vi&#225;vel</name><pose>Unspecified</pose><truncated>0</truncated><difficult>0</difficult><bndbox><xmin>527</xmin><ymin>88</ymin><xmax>570</xmax><ymax>116</ymax></bndbox></object><object><name>Cisto Vi&#225;vel</name><pose>Unspecified</pose><truncated>0</truncated><difficult>0</difficult><bndbox><xmin>519</xmin><ymin>7</ymin><xmax>561</xmax><ymax>46</ymax></bndbox></object><object><name>Cisto Vi&#225;vel</name><pose>Unspecified</pose><truncated>0</truncated><difficult>0</difficult><bndbox><xmin>583</xmin><ymin>146</ymin><xmax>625</xmax><ymax>187</ymax></bndbox></object><object><name>Cisto Vi&#225;vel</name><pose>Unspecified</pose><truncated>0</truncated><difficult>0</difficult><bndbox><xmin>345</xmin><ymin>222</ymin><xmax>383</xmax><ymax>260</ymax></bndbox></object><object><name>Cisto Vi&#225;vel</name><pose>Unspecified</pose><truncated>0</truncated><difficult>0</difficult><bndbox><xmin>120</xmin><ymin>80</ymin><xmax>143</xmax><ymax>108</ymax></bndbox></object><object><name>Cisto Invi&#225;vel</name><pose>Unspecified</pose><truncated>0</truncated><difficult>0</difficult><bndbox><xmin>288</xmin><ymin>281</ymin><xmax>337</xmax><ymax>314</ymax></bndbox></object><object><name>Cisto Invi&#225;vel</name><pose>Unspecified</pose><truncated>0</truncated><difficult>0</difficult><bndbox><xmin>169</xmin><ymin>122</ymin><xmax>195</xmax><ymax>156</ymax></bndbox></object></annotation>