<annotation><folder>images</folder><filename>Cisto210.jpg</filename><path>images/Cisto210.jpg</path><source><database>darwin</database></source><size><width>640</width><height>480</height><depth>3</depth></size><segmented>0</segmented><object><name>Cisto Vi&#225;vel</name><pose>Unspecified</pose><truncated>0</truncated><difficult>0</difficult><bndbox><xmin>197</xmin><ymin>106</ymin><xmax>264</xmax><ymax>163</ymax></bndbox></object><object><name>Cisto Invi&#225;vel</name><pose>Unspecified</pose><truncated>0</truncated><difficult>0</difficult><bndbox><xmin>199</xmin><ymin>363</ymin><xmax>265</xmax><ymax>447</ymax></bndbox></object></annotation>