<annotation><folder>images</folder><filename>Cisto475.jpg</filename><path>images/Cisto475.jpg</path><source><database>darwin</database></source><size><width>640</width><height>480</height><depth>3</depth></size><segmented>0</segmented><object><name>Cisto Vi&#225;vel</name><pose>Unspecified</pose><truncated>0</truncated><difficult>0</difficult><bndbox><xmin>203</xmin><ymin>209</ymin><xmax>262</xmax><ymax>259</ymax></bndbox></object><object><name>Cisto Vi&#225;vel</name><pose>Unspecified</pose><truncated>0</truncated><difficult>0</difficult><bndbox><xmin>306</xmin><ymin>19</ymin><xmax>368</xmax><ymax>63</ymax></bndbox></object><object><name>Cisto Invi&#225;vel</name><pose>Unspecified</pose><truncated>0</truncated><difficult>0</difficult><bndbox><xmin>273</xmin><ymin>309</ymin><xmax>321</xmax><ymax>363</ymax></bndbox></object></annotation>