<annotation><folder>images</folder><filename>Cisto661.jpg</filename><path>images/Cisto661.jpg</path><source><database>darwin</database></source><size><width>640</width><height>480</height><depth>3</depth></size><segmented>0</segmented><object><name>Cisto Invi&#225;vel</name><pose>Unspecified</pose><truncated>0</truncated><difficult>0</difficult><bndbox><xmin>469</xmin><ymin>336</ymin><xmax>511</xmax><ymax>376</ymax></bndbox></object><object><name>Cisto Invi&#225;vel</name><pose>Unspecified</pose><truncated>0</truncated><difficult>0</difficult><bndbox><xmin>496</xmin><ymin>44</ymin><xmax>536</xmax><ymax>104</ymax></bndbox></object></annotation>