<annotation><folder>images</folder><filename>Cisto928.jpg</filename><path>images/Cisto928.jpg</path><source><database>darwin</database></source><size><width>640</width><height>480</height><depth>3</depth></size><segmented>0</segmented><object><name>Cisto Vi&#225;vel</name><pose>Unspecified</pose><truncated>0</truncated><difficult>0</difficult><bndbox><xmin>470</xmin><ymin>223</ymin><xmax>514</xmax><ymax>268</ymax></bndbox></object><object><name>Cisto Invi&#225;vel</name><pose>Unspecified</pose><truncated>0</truncated><difficult>0</difficult><bndbox><xmin>142</xmin><ymin>190</ymin><xmax>211</xmax><ymax>258</ymax></bndbox></object></annotation>