<annotation><folder>images</folder><filename>Cisto773.jpg</filename><path>images/Cisto773.jpg</path><source><database>darwin</database></source><size><width>640</width><height>480</height><depth>3</depth></size><segmented>0</segmented><object><name>Cisto Vi&#225;vel</name><pose>Unspecified</pose><truncated>0</truncated><difficult>0</difficult><bndbox><xmin>62</xmin><ymin>262</ymin><xmax>102</xmax><ymax>311</ymax></bndbox></object><object><name>Cisto Invi&#225;vel</name><pose>Unspecified</pose><truncated>0</truncated><difficult>0</difficult><bndbox><xmin>413</xmin><ymin>179</ymin><xmax>474</xmax><ymax>235</ymax></bndbox></object><object><name>Cisto Invi&#225;vel</name><pose>Unspecified</pose><truncated>0</truncated><difficult>0</difficult><bndbox><xmin>279</xmin><ymin>38</ymin><xmax>327</xmax><ymax>84</ymax></bndbox></object><object><name>Cisto Invi&#225;vel</name><pose>Unspecified</pose><truncated>0</truncated><difficult>0</difficult><bndbox><xmin>40</xmin><ymin>230</ymin><xmax>74</xmax><ymax>268</ymax></bndbox></object></annotation>