<annotation><folder>images</folder><filename>Cisto1025.jpg</filename><path>images/Cisto1025.jpg</path><source><database>darwin</database></source><size><width>640</width><height>480</height><depth>3</depth></size><segmented>0</segmented><object><name>Cisto Vi&#225;vel</name><pose>Unspecified</pose><truncated>0</truncated><difficult>0</difficult><bndbox><xmin>246</xmin><ymin>115</ymin><xmax>302</xmax><ymax>165</ymax></bndbox></object><object><name>Cisto Invi&#225;vel</name><pose>Unspecified</pose><truncated>0</truncated><difficult>0</difficult><bndbox><xmin>334</xmin><ymin>127</ymin><xmax>403</xmax><ymax>194</ymax></bndbox></object></annotation>