<annotation><folder>images</folder><filename>Cisto83.jpg</filename><path>images/Cisto83.jpg</path><source><database>darwin</database></source><size><width>640</width><height>480</height><depth>3</depth></size><segmented>0</segmented><object><name>Cisto Vi&#225;vel</name><pose>Unspecified</pose><truncated>0</truncated><difficult>0</difficult><bndbox><xmin>203</xmin><ymin>115</ymin><xmax>241</xmax><ymax>152</ymax></bndbox></object><object><name>Cisto Vi&#225;vel</name><pose>Unspecified</pose><truncated>0</truncated><difficult>0</difficult><bndbox><xmin>228</xmin><ymin>139</ymin><xmax>279</xmax><ymax>180</ymax></bndbox></object><object><name>Cisto Vi&#225;vel</name><pose>Unspecified</pose><truncated>0</truncated><difficult>0</difficult><bndbox><xmin>287</xmin><ymin>156</ymin><xmax>360</xmax><ymax>205</ymax></bndbox></object><object><name>Cisto Vi&#225;vel</name><pose>Unspecified</pose><truncated>0</truncated><difficult>0</difficult><bndbox><xmin>346</xmin><ymin>147</ymin><xmax>371</xmax><ymax>182</ymax></bndbox></object><object><name>Cisto Vi&#225;vel</name><pose>Unspecified</pose><truncated>0</truncated><difficult>0</difficult><bndbox><xmin>315</xmin><ymin>111</ymin><xmax>371</xmax><ymax>151</ymax></bndbox></object><object><name>Cisto Vi&#225;vel</name><pose>Unspecified</pose><truncated>0</truncated><difficult>0</difficult><bndbox><xmin>341</xmin><ymin>301</ymin><xmax>394</xmax><ymax>365</ymax></bndbox></object><object><name>Cisto Vi&#225;vel</name><pose>Unspecified</pose><truncated>0</truncated><difficult>0</difficult><bndbox><xmin>85</xmin><ymin>392</ymin><xmax>132</xmax><ymax>438</ymax></bndbox></object><object><name>Cisto Vi&#225;vel</name><pose>Unspecified</pose><truncated>0</truncated><difficult>0</difficult><bndbox><xmin>383</xmin><ymin>169</ymin><xmax>412</xmax><ymax>204</ymax></bndbox></object></annotation>