<annotation><folder>images</folder><filename>Cisto1093.jpg</filename><path>images/Cisto1093.jpg</path><source><database>darwin</database></source><size><width>640</width><height>480</height><depth>3</depth></size><segmented>0</segmented><object><name>Cisto Invi&#225;vel</name><pose>Unspecified</pose><truncated>0</truncated><difficult>0</difficult><bndbox><xmin>143</xmin><ymin>282</ymin><xmax>170</xmax><ymax>305</ymax></bndbox></object><object><name>Cisto Invi&#225;vel</name><pose>Unspecified</pose><truncated>0</truncated><difficult>0</difficult><bndbox><xmin>444</xmin><ymin>306</ymin><xmax>473</xmax><ymax>338</ymax></bndbox></object><object><name>Cisto Vi&#225;vel</name><pose>Unspecified</pose><truncated>0</truncated><difficult>0</difficult><bndbox><xmin>430</xmin><ymin>273</ymin><xmax>463</xmax><ymax>301</ymax></bndbox></object></annotation>