<annotation><folder>images</folder><filename>Cisto914.jpg</filename><path>images/Cisto914.jpg</path><source><database>darwin</database></source><size><width>640</width><height>480</height><depth>3</depth></size><segmented>0</segmented><object><name>Cisto Invi&#225;vel</name><pose>Unspecified</pose><truncated>0</truncated><difficult>0</difficult><bndbox><xmin>146</xmin><ymin>212</ymin><xmax>185</xmax><ymax>241</ymax></bndbox></object><object><name>Cisto Invi&#225;vel</name><pose>Unspecified</pose><truncated>0</truncated><difficult>0</difficult><bndbox><xmin>486</xmin><ymin>360</ymin><xmax>555</xmax><ymax>411</ymax></bndbox></object></annotation>