<annotation><folder>images</folder><filename>Cisto304.jpg</filename><path>images/Cisto304.jpg</path><source><database>darwin</database></source><size><width>640</width><height>480</height><depth>3</depth></size><segmented>0</segmented><object><name>Cisto Vi&#225;vel</name><pose>Unspecified</pose><truncated>0</truncated><difficult>0</difficult><bndbox><xmin>264</xmin><ymin>95</ymin><xmax>312</xmax><ymax>147</ymax></bndbox></object><object><name>Cisto Vi&#225;vel</name><pose>Unspecified</pose><truncated>0</truncated><difficult>0</difficult><bndbox><xmin>350</xmin><ymin>340</ymin><xmax>409</xmax><ymax>393</ymax></bndbox></object></annotation>