<annotation><folder>images</folder><filename>Cisto660.jpg</filename><path>images/Cisto660.jpg</path><source><database>darwin</database></source><size><width>640</width><height>480</height><depth>3</depth></size><segmented>0</segmented><object><name>Cisto Invi&#225;vel</name><pose>Unspecified</pose><truncated>0</truncated><difficult>0</difficult><bndbox><xmin>175</xmin><ymin>219</ymin><xmax>228</xmax><ymax>269</ymax></bndbox></object><object><name>Cisto Vi&#225;vel</name><pose>Unspecified</pose><truncated>0</truncated><difficult>0</difficult><bndbox><xmin>159</xmin><ymin>119</ymin><xmax>193</xmax><ymax>161</ymax></bndbox></object></annotation>