<annotation><folder>images</folder><filename>Cisto841.jpg</filename><path>images/Cisto841.jpg</path><source><database>darwin</database></source><size><width>640</width><height>480</height><depth>3</depth></size><segmented>0</segmented><object><name>Cisto Invi&#225;vel</name><pose>Unspecified</pose><truncated>0</truncated><difficult>0</difficult><bndbox><xmin>479</xmin><ymin>8</ymin><xmax>530</xmax><ymax>42</ymax></bndbox></object><object><name>Cisto Invi&#225;vel</name><pose>Unspecified</pose><truncated>0</truncated><difficult>0</difficult><bndbox><xmin>460</xmin><ymin>331</ymin><xmax>501</xmax><ymax>367</ymax></bndbox></object></annotation>