<annotation><folder>images</folder><filename>Cisto1094.jpg</filename><path>images/Cisto1094.jpg</path><source><database>darwin</database></source><size><width>640</width><height>480</height><depth>3</depth></size><segmented>0</segmented><object><name>Cisto Invi&#225;vel</name><pose>Unspecified</pose><truncated>0</truncated><difficult>0</difficult><bndbox><xmin>167</xmin><ymin>102</ymin><xmax>208</xmax><ymax>139</ymax></bndbox></object><object><name>Cisto Invi&#225;vel</name><pose>Unspecified</pose><truncated>0</truncated><difficult>0</difficult><bndbox><xmin>366</xmin><ymin>265</ymin><xmax>417</xmax><ymax>311</ymax></bndbox></object></annotation>