<annotation><folder>images</folder><filename>Cisto481.jpg</filename><path>images/Cisto481.jpg</path><source><database>darwin</database></source><size><width>640</width><height>480</height><depth>3</depth></size><segmented>0</segmented><object><name>Cisto Vi&#225;vel</name><pose>Unspecified</pose><truncated>0</truncated><difficult>0</difficult><bndbox><xmin>566</xmin><ymin>337</ymin><xmax>613</xmax><ymax>383</ymax></bndbox></object><object><name>Cisto Invi&#225;vel</name><pose>Unspecified</pose><truncated>0</truncated><difficult>0</difficult><bndbox><xmin>410</xmin><ymin>201</ymin><xmax>462</xmax><ymax>268</ymax></bndbox></object></annotation>