<annotation><folder>images</folder><filename>Cisto555.jpg</filename><path>images/Cisto555.jpg</path><source><database>darwin</database></source><size><width>640</width><height>480</height><depth>3</depth></size><segmented>0</segmented><object><name>Cisto Invi&#225;vel</name><pose>Unspecified</pose><truncated>0</truncated><difficult>0</difficult><bndbox><xmin>256</xmin><ymin>179</ymin><xmax>294</xmax><ymax>213</ymax></bndbox></object><object><name>Cisto Invi&#225;vel</name><pose>Unspecified</pose><truncated>0</truncated><difficult>0</difficult><bndbox><xmin>234</xmin><ymin>142</ymin><xmax>276</xmax><ymax>183</ymax></bndbox></object><object><name>Cisto Invi&#225;vel</name><pose>Unspecified</pose><truncated>0</truncated><difficult>0</difficult><bndbox><xmin>156</xmin><ymin>201</ymin><xmax>191</xmax><ymax>247</ymax></bndbox></object><object><name>Cisto Vi&#225;vel</name><pose>Unspecified</pose><truncated>0</truncated><difficult>0</difficult><bndbox><xmin>287</xmin><ymin>143</ymin><xmax>346</xmax><ymax>196</ymax></bndbox></object></annotation>