<annotation><folder>images</folder><filename>Cisto85.jpg</filename><path>images/Cisto85.jpg</path><source><database>darwin</database></source><size><width>640</width><height>480</height><depth>3</depth></size><segmented>0</segmented><object><name>Cisto Vi&#225;vel</name><pose>Unspecified</pose><truncated>0</truncated><difficult>0</difficult><bndbox><xmin>256</xmin><ymin>267</ymin><xmax>307</xmax><ymax>320</ymax></bndbox></object><object><name>Cisto Invi&#225;vel</name><pose>Unspecified</pose><truncated>0</truncated><difficult>0</difficult><bndbox><xmin>397</xmin><ymin>318</ymin><xmax>458</xmax><ymax>367</ymax></bndbox></object></annotation>