<annotation><folder>images</folder><filename>Cisto703.jpg</filename><path>images/Cisto703.jpg</path><source><database>darwin</database></source><size><width>640</width><height>480</height><depth>3</depth></size><segmented>0</segmented><object><name>Cisto Invi&#225;vel</name><pose>Unspecified</pose><truncated>0</truncated><difficult>0</difficult><bndbox><xmin>277</xmin><ymin>126</ymin><xmax>331</xmax><ymax>164</ymax></bndbox></object><object><name>Cisto Invi&#225;vel</name><pose>Unspecified</pose><truncated>0</truncated><difficult>0</difficult><bndbox><xmin>490</xmin><ymin>234</ymin><xmax>536</xmax><ymax>274</ymax></bndbox></object></annotation>