<annotation><folder>images</folder><filename>Cisto990.jpg</filename><path>images/Cisto990.jpg</path><source><database>darwin</database></source><size><width>640</width><height>480</height><depth>3</depth></size><segmented>0</segmented><object><name>Cisto Invi&#225;vel</name><pose>Unspecified</pose><truncated>0</truncated><difficult>0</difficult><bndbox><xmin>161</xmin><ymin>180</ymin><xmax>196</xmax><ymax>209</ymax></bndbox></object><object><name>Cisto Invi&#225;vel</name><pose>Unspecified</pose><truncated>0</truncated><difficult>0</difficult><bndbox><xmin>454</xmin><ymin>104</ymin><xmax>507</xmax><ymax>155</ymax></bndbox></object><object><name>Cisto Invi&#225;vel</name><pose>Unspecified</pose><truncated>0</truncated><difficult>0</difficult><bndbox><xmin>267</xmin><ymin>299</ymin><xmax>307</xmax><ymax>329</ymax></bndbox></object></annotation>