<annotation><folder>images</folder><filename>Cisto1039.jpg</filename><path>images/Cisto1039.jpg</path><source><database>darwin</database></source><size><width>640</width><height>480</height><depth>3</depth></size><segmented>0</segmented><object><name>Cisto Invi&#225;vel</name><pose>Unspecified</pose><truncated>0</truncated><difficult>0</difficult><bndbox><xmin>434</xmin><ymin>184</ymin><xmax>488</xmax><ymax>250</ymax></bndbox></object><object><name>Cisto Invi&#225;vel</name><pose>Unspecified</pose><truncated>0</truncated><difficult>0</difficult><bndbox><xmin>526</xmin><ymin>99</ymin><xmax>562</xmax><ymax>135</ymax></bndbox></object></annotation>