<annotation><folder>images</folder><filename>Cisto419.jpg</filename><path>images/Cisto419.jpg</path><source><database>darwin</database></source><size><width>640</width><height>480</height><depth>3</depth></size><segmented>0</segmented><object><name>Cisto Vi&#225;vel</name><pose>Unspecified</pose><truncated>0</truncated><difficult>0</difficult><bndbox><xmin>206</xmin><ymin>204</ymin><xmax>241</xmax><ymax>241</ymax></bndbox></object><object><name>Cisto Invi&#225;vel</name><pose>Unspecified</pose><truncated>0</truncated><difficult>0</difficult><bndbox><xmin>41</xmin><ymin>200</ymin><xmax>92</xmax><ymax>240</ymax></bndbox></object></annotation>