<annotation><folder>images</folder><filename>Cisto90.jpg</filename><path>images/Cisto90.jpg</path><source><database>darwin</database></source><size><width>640</width><height>480</height><depth>3</depth></size><segmented>0</segmented><object><name>Cisto Vi&#225;vel</name><pose>Unspecified</pose><truncated>0</truncated><difficult>0</difficult><bndbox><xmin>253</xmin><ymin>190</ymin><xmax>306</xmax><ymax>244</ymax></bndbox></object><object><name>Cisto Invi&#225;vel</name><pose>Unspecified</pose><truncated>0</truncated><difficult>0</difficult><bndbox><xmin>101</xmin><ymin>281</ymin><xmax>177</xmax><ymax>357</ymax></bndbox></object></annotation>