<annotation><folder>images</folder><filename>Cisto547.jpg</filename><path>images/Cisto547.jpg</path><source><database>darwin</database></source><size><width>640</width><height>480</height><depth>3</depth></size><segmented>0</segmented><object><name>Cisto Vi&#225;vel</name><pose>Unspecified</pose><truncated>0</truncated><difficult>0</difficult><bndbox><xmin>295</xmin><ymin>239</ymin><xmax>335</xmax><ymax>277</ymax></bndbox></object><object><name>Cisto Invi&#225;vel</name><pose>Unspecified</pose><truncated>0</truncated><difficult>0</difficult><bndbox><xmin>449</xmin><ymin>314</ymin><xmax>500</xmax><ymax>357</ymax></bndbox></object></annotation>