<annotation><folder>images</folder><filename>Cisto674.jpg</filename><path>images/Cisto674.jpg</path><source><database>darwin</database></source><size><width>640</width><height>480</height><depth>3</depth></size><segmented>0</segmented><object><name>Cisto Invi&#225;vel</name><pose>Unspecified</pose><truncated>0</truncated><difficult>0</difficult><bndbox><xmin>64</xmin><ymin>257</ymin><xmax>115</xmax><ymax>290</ymax></bndbox></object><object><name>Cisto Invi&#225;vel</name><pose>Unspecified</pose><truncated>0</truncated><difficult>0</difficult><bndbox><xmin>87</xmin><ymin>135</ymin><xmax>134</xmax><ymax>175</ymax></bndbox></object><object><name>Cisto Invi&#225;vel</name><pose>Unspecified</pose><truncated>0</truncated><difficult>0</difficult><bndbox><xmin>204</xmin><ymin>107</ymin><xmax>315</xmax><ymax>168</ymax></bndbox></object><object><name>Cisto Invi&#225;vel</name><pose>Unspecified</pose><truncated>0</truncated><difficult>0</difficult><bndbox><xmin>608</xmin><ymin>94</ymin><xmax>643</xmax><ymax>134</ymax></bndbox></object></annotation>