<annotation><folder>images</folder><filename>Cisto518.jpg</filename><path>images/Cisto518.jpg</path><source><database>darwin</database></source><size><width>640</width><height>480</height><depth>3</depth></size><segmented>0</segmented><object><name>Cisto Vi&#225;vel</name><pose>Unspecified</pose><truncated>0</truncated><difficult>0</difficult><bndbox><xmin>333</xmin><ymin>228</ymin><xmax>381</xmax><ymax>276</ymax></bndbox></object><object><name>Cisto Invi&#225;vel</name><pose>Unspecified</pose><truncated>0</truncated><difficult>0</difficult><bndbox><xmin>92</xmin><ymin>114</ymin><xmax>127</xmax><ymax>143</ymax></bndbox></object></annotation>