<annotation><folder>images</folder><filename>Cisto679.jpg</filename><path>images/Cisto679.jpg</path><source><database>darwin</database></source><size><width>640</width><height>480</height><depth>3</depth></size><segmented>0</segmented><object><name>Cisto Invi&#225;vel</name><pose>Unspecified</pose><truncated>0</truncated><difficult>0</difficult><bndbox><xmin>116</xmin><ymin>164</ymin><xmax>160</xmax><ymax>189</ymax></bndbox></object><object><name>Cisto Vi&#225;vel</name><pose>Unspecified</pose><truncated>0</truncated><difficult>0</difficult><bndbox><xmin>222</xmin><ymin>259</ymin><xmax>278</xmax><ymax>290</ymax></bndbox></object></annotation>