<annotation><folder>images</folder><filename>Cisto1055.jpg</filename><path>images/Cisto1055.jpg</path><source><database>darwin</database></source><size><width>640</width><height>480</height><depth>3</depth></size><segmented>0</segmented><object><name>Cisto Invi&#225;vel</name><pose>Unspecified</pose><truncated>0</truncated><difficult>0</difficult><bndbox><xmin>239</xmin><ymin>311</ymin><xmax>287</xmax><ymax>351</ymax></bndbox></object><object><name>Cisto Vi&#225;vel</name><pose>Unspecified</pose><truncated>0</truncated><difficult>0</difficult><bndbox><xmin>340</xmin><ymin>234</ymin><xmax>392</xmax><ymax>288</ymax></bndbox></object></annotation>