<annotation><folder>images</folder><filename>Cisto1087.jpg</filename><path>images/Cisto1087.jpg</path><source><database>darwin</database></source><size><width>640</width><height>480</height><depth>3</depth></size><segmented>0</segmented><object><name>Cisto Invi&#225;vel</name><pose>Unspecified</pose><truncated>0</truncated><difficult>0</difficult><bndbox><xmin>332</xmin><ymin>231</ymin><xmax>369</xmax><ymax>262</ymax></bndbox></object><object><name>Cisto Invi&#225;vel</name><pose>Unspecified</pose><truncated>0</truncated><difficult>0</difficult><bndbox><xmin>197</xmin><ymin>231</ymin><xmax>224</xmax><ymax>257</ymax></bndbox></object></annotation>