<annotation><folder>images</folder><filename>Cisto1096.jpg</filename><path>images/Cisto1096.jpg</path><source><database>darwin</database></source><size><width>640</width><height>480</height><depth>3</depth></size><segmented>0</segmented><object><name>Cisto Invi&#225;vel</name><pose>Unspecified</pose><truncated>0</truncated><difficult>0</difficult><bndbox><xmin>304</xmin><ymin>102</ymin><xmax>368</xmax><ymax>164</ymax></bndbox></object><object><name>Cisto Invi&#225;vel</name><pose>Unspecified</pose><truncated>0</truncated><difficult>0</difficult><bndbox><xmin>163</xmin><ymin>182</ymin><xmax>217</xmax><ymax>227</ymax></bndbox></object></annotation>