<annotation><folder>images</folder><filename>Cisto209.jpg</filename><path>images/Cisto209.jpg</path><source><database>darwin</database></source><size><width>640</width><height>480</height><depth>3</depth></size><segmented>0</segmented><object><name>Cisto Vi&#225;vel</name><pose>Unspecified</pose><truncated>0</truncated><difficult>0</difficult><bndbox><xmin>269</xmin><ymin>154</ymin><xmax>336</xmax><ymax>219</ymax></bndbox></object><object><name>Cisto Vi&#225;vel</name><pose>Unspecified</pose><truncated>0</truncated><difficult>0</difficult><bndbox><xmin>259</xmin><ymin>266</ymin><xmax>325</xmax><ymax>337</ymax></bndbox></object></annotation>