<annotation><folder>images</folder><filename>Cisto208.jpg</filename><path>images/Cisto208.jpg</path><source><database>darwin</database></source><size><width>640</width><height>480</height><depth>3</depth></size><segmented>0</segmented><object><name>Cisto Invi&#225;vel</name><pose>Unspecified</pose><truncated>0</truncated><difficult>0</difficult><bndbox><xmin>486</xmin><ymin>327</ymin><xmax>530</xmax><ymax>379</ymax></bndbox></object><object><name>Cisto Vi&#225;vel</name><pose>Unspecified</pose><truncated>0</truncated><difficult>0</difficult><bndbox><xmin>179</xmin><ymin>250</ymin><xmax>229</xmax><ymax>295</ymax></bndbox></object></annotation>