<annotation><folder>images</folder><filename>Cisto617.jpg</filename><path>images/Cisto617.jpg</path><source><database>darwin</database></source><size><width>640</width><height>480</height><depth>3</depth></size><segmented>0</segmented><object><name>Cisto Invi&#225;vel</name><pose>Unspecified</pose><truncated>0</truncated><difficult>0</difficult><bndbox><xmin>388</xmin><ymin>345</ymin><xmax>431</xmax><ymax>388</ymax></bndbox></object><object><name>Cisto Vi&#225;vel</name><pose>Unspecified</pose><truncated>0</truncated><difficult>0</difficult><bndbox><xmin>192</xmin><ymin>213</ymin><xmax>233</xmax><ymax>258</ymax></bndbox></object></annotation>