<annotation><folder>images</folder><filename>Cisto498.jpg</filename><path>images/Cisto498.jpg</path><source><database>darwin</database></source><size><width>640</width><height>480</height><depth>3</depth></size><segmented>0</segmented><object><name>Cisto Invi&#225;vel</name><pose>Unspecified</pose><truncated>0</truncated><difficult>0</difficult><bndbox><xmin>-1</xmin><ymin>244</ymin><xmax>48</xmax><ymax>311</ymax></bndbox></object><object><name>Cisto Invi&#225;vel</name><pose>Unspecified</pose><truncated>0</truncated><difficult>0</difficult><bndbox><xmin>452</xmin><ymin>163</ymin><xmax>484</xmax><ymax>190</ymax></bndbox></object><object><name>Cisto Vi&#225;vel</name><pose>Unspecified</pose><truncated>0</truncated><difficult>0</difficult><bndbox><xmin>312</xmin><ymin>271</ymin><xmax>364</xmax><ymax>327</ymax></bndbox></object></annotation>