<annotation><folder>images</folder><filename>Cisto864.jpg</filename><path>images/Cisto864.jpg</path><source><database>darwin</database></source><size><width>640</width><height>480</height><depth>3</depth></size><segmented>0</segmented><object><name>Cisto Invi&#225;vel</name><pose>Unspecified</pose><truncated>0</truncated><difficult>0</difficult><bndbox><xmin>259</xmin><ymin>158</ymin><xmax>320</xmax><ymax>211</ymax></bndbox></object><object><name>Cisto Vi&#225;vel</name><pose>Unspecified</pose><truncated>0</truncated><difficult>0</difficult><bndbox><xmin>301</xmin><ymin>238</ymin><xmax>392</xmax><ymax>305</ymax></bndbox></object></annotation>