<annotation><folder>images</folder><filename>Cisto825.jpg</filename><path>images/Cisto825.jpg</path><source><database>darwin</database></source><size><width>640</width><height>480</height><depth>3</depth></size><segmented>0</segmented><object><name>Cisto Invi&#225;vel</name><pose>Unspecified</pose><truncated>0</truncated><difficult>0</difficult><bndbox><xmin>398</xmin><ymin>158</ymin><xmax>479</xmax><ymax>220</ymax></bndbox></object><object><name>Cisto Invi&#225;vel</name><pose>Unspecified</pose><truncated>0</truncated><difficult>0</difficult><bndbox><xmin>244</xmin><ymin>295</ymin><xmax>312</xmax><ymax>350</ymax></bndbox></object></annotation>