<annotation><folder>images</folder><filename>Cisto48.jpg</filename><path>images/Cisto48.jpg</path><source><database>darwin</database></source><size><width>640</width><height>480</height><depth>3</depth></size><segmented>0</segmented><object><name>Cisto Invi&#225;vel</name><pose>Unspecified</pose><truncated>0</truncated><difficult>0</difficult><bndbox><xmin>195</xmin><ymin>110</ymin><xmax>253</xmax><ymax>176</ymax></bndbox></object><object><name>Cisto Vi&#225;vel</name><pose>Unspecified</pose><truncated>0</truncated><difficult>0</difficult><bndbox><xmin>400</xmin><ymin>232</ymin><xmax>450</xmax><ymax>301</ymax></bndbox></object></annotation>