<annotation><folder>images</folder><filename>Cisto115.jpg</filename><path>images/Cisto115.jpg</path><source><database>darwin</database></source><size><width>640</width><height>480</height><depth>3</depth></size><segmented>0</segmented><object><name>Cisto Vi&#225;vel</name><pose>Unspecified</pose><truncated>0</truncated><difficult>0</difficult><bndbox><xmin>233</xmin><ymin>182</ymin><xmax>299</xmax><ymax>256</ymax></bndbox></object><object><name>Cisto Vi&#225;vel</name><pose>Unspecified</pose><truncated>0</truncated><difficult>0</difficult><bndbox><xmin>192</xmin><ymin>314</ymin><xmax>228</xmax><ymax>361</ymax></bndbox></object></annotation>