<annotation><folder>images</folder><filename>Cisto1007.jpg</filename><path>images/Cisto1007.jpg</path><source><database>darwin</database></source><size><width>640</width><height>480</height><depth>3</depth></size><segmented>0</segmented><object><name>Cisto Invi&#225;vel</name><pose>Unspecified</pose><truncated>0</truncated><difficult>0</difficult><bndbox><xmin>364</xmin><ymin>133</ymin><xmax>401</xmax><ymax>166</ymax></bndbox></object><object><name>Cisto Invi&#225;vel</name><pose>Unspecified</pose><truncated>0</truncated><difficult>0</difficult><bndbox><xmin>381</xmin><ymin>146</ymin><xmax>418</xmax><ymax>185</ymax></bndbox></object><object><name>Cisto Invi&#225;vel</name><pose>Unspecified</pose><truncated>0</truncated><difficult>0</difficult><bndbox><xmin>227</xmin><ymin>183</ymin><xmax>269</xmax><ymax>227</ymax></bndbox></object><object><name>Cisto Vi&#225;vel</name><pose>Unspecified</pose><truncated>0</truncated><difficult>0</difficult><bndbox><xmin>376</xmin><ymin>199</ymin><xmax>418</xmax><ymax>245</ymax></bndbox></object></annotation>