<annotation><folder>images</folder><filename>Cisto902.jpg</filename><path>images/Cisto902.jpg</path><source><database>darwin</database></source><size><width>640</width><height>480</height><depth>3</depth></size><segmented>0</segmented><object><name>Cisto Invi&#225;vel</name><pose>Unspecified</pose><truncated>0</truncated><difficult>0</difficult><bndbox><xmin>280</xmin><ymin>170</ymin><xmax>315</xmax><ymax>195</ymax></bndbox></object><object><name>Cisto Invi&#225;vel</name><pose>Unspecified</pose><truncated>0</truncated><difficult>0</difficult><bndbox><xmin>562</xmin><ymin>285</ymin><xmax>595</xmax><ymax>315</ymax></bndbox></object></annotation>