<annotation><folder>images</folder><filename>Cisto29.jpg</filename><path>images/Cisto29.jpg</path><source><database>darwin</database></source><size><width>640</width><height>480</height><depth>3</depth></size><segmented>0</segmented><object><name>Cisto Vi&#225;vel</name><pose>Unspecified</pose><truncated>0</truncated><difficult>0</difficult><bndbox><xmin>141</xmin><ymin>1</ymin><xmax>198</xmax><ymax>51</ymax></bndbox></object><object><name>Cisto Vi&#225;vel</name><pose>Unspecified</pose><truncated>0</truncated><difficult>0</difficult><bndbox><xmin>322</xmin><ymin>177</ymin><xmax>368</xmax><ymax>229</ymax></bndbox></object></annotation>