<annotation><folder>images</folder><filename>Cisto124.jpg</filename><path>images/Cisto124.jpg</path><source><database>darwin</database></source><size><width>640</width><height>480</height><depth>3</depth></size><segmented>0</segmented><object><name>Cisto Vi&#225;vel</name><pose>Unspecified</pose><truncated>0</truncated><difficult>0</difficult><bndbox><xmin>172</xmin><ymin>265</ymin><xmax>231</xmax><ymax>309</ymax></bndbox></object><object><name>Cisto Invi&#225;vel</name><pose>Unspecified</pose><truncated>0</truncated><difficult>0</difficult><bndbox><xmin>84</xmin><ymin>321</ymin><xmax>147</xmax><ymax>366</ymax></bndbox></object></annotation>