<annotation><folder>images</folder><filename>Cisto397.jpg</filename><path>images/Cisto397.jpg</path><source><database>darwin</database></source><size><width>640</width><height>480</height><depth>3</depth></size><segmented>0</segmented><object><name>Cisto Vi&#225;vel</name><pose>Unspecified</pose><truncated>0</truncated><difficult>0</difficult><bndbox><xmin>156</xmin><ymin>160</ymin><xmax>211</xmax><ymax>215</ymax></bndbox></object><object><name>Cisto Vi&#225;vel</name><pose>Unspecified</pose><truncated>0</truncated><difficult>0</difficult><bndbox><xmin>249</xmin><ymin>141</ymin><xmax>306</xmax><ymax>182</ymax></bndbox></object></annotation>