<annotation><folder>images</folder><filename>Cisto758.jpg</filename><path>images/Cisto758.jpg</path><source><database>darwin</database></source><size><width>640</width><height>480</height><depth>3</depth></size><segmented>0</segmented><object><name>Cisto Invi&#225;vel</name><pose>Unspecified</pose><truncated>0</truncated><difficult>0</difficult><bndbox><xmin>351</xmin><ymin>285</ymin><xmax>398</xmax><ymax>351</ymax></bndbox></object><object><name>Cisto Vi&#225;vel</name><pose>Unspecified</pose><truncated>0</truncated><difficult>0</difficult><bndbox><xmin>460</xmin><ymin>240</ymin><xmax>505</xmax><ymax>279</ymax></bndbox></object></annotation>