<annotation><folder>images</folder><filename>Cisto435.jpg</filename><path>images/Cisto435.jpg</path><source><database>darwin</database></source><size><width>640</width><height>480</height><depth>3</depth></size><segmented>0</segmented><object><name>Cisto Vi&#225;vel</name><pose>Unspecified</pose><truncated>0</truncated><difficult>0</difficult><bndbox><xmin>117</xmin><ymin>146</ymin><xmax>173</xmax><ymax>182</ymax></bndbox></object><object><name>Cisto Vi&#225;vel</name><pose>Unspecified</pose><truncated>0</truncated><difficult>0</difficult><bndbox><xmin>385</xmin><ymin>180</ymin><xmax>437</xmax><ymax>236</ymax></bndbox></object><object><name>Cisto Vi&#225;vel</name><pose>Unspecified</pose><truncated>0</truncated><difficult>0</difficult><bndbox><xmin>487</xmin><ymin>187</ymin><xmax>529</xmax><ymax>249</ymax></bndbox></object><object><name>Cisto Invi&#225;vel</name><pose>Unspecified</pose><truncated>0</truncated><difficult>0</difficult><bndbox><xmin>210</xmin><ymin>250</ymin><xmax>247</xmax><ymax>295</ymax></bndbox></object></annotation>