<annotation><folder>images</folder><filename>Cisto403.jpg</filename><path>images/Cisto403.jpg</path><source><database>darwin</database></source><size><width>640</width><height>480</height><depth>3</depth></size><segmented>0</segmented><object><name>Cisto Vi&#225;vel</name><pose>Unspecified</pose><truncated>0</truncated><difficult>0</difficult><bndbox><xmin>32</xmin><ymin>163</ymin><xmax>90</xmax><ymax>215</ymax></bndbox></object><object><name>Cisto Vi&#225;vel</name><pose>Unspecified</pose><truncated>0</truncated><difficult>0</difficult><bndbox><xmin>433</xmin><ymin>318</ymin><xmax>470</xmax><ymax>357</ymax></bndbox></object></annotation>