<annotation><folder>images</folder><filename>Cisto100.jpg</filename><path>images/Cisto100.jpg</path><source><database>darwin</database></source><size><width>640</width><height>480</height><depth>3</depth></size><segmented>0</segmented><object><name>Cisto Vi&#225;vel</name><pose>Unspecified</pose><truncated>0</truncated><difficult>0</difficult><bndbox><xmin>207</xmin><ymin>268</ymin><xmax>263</xmax><ymax>311</ymax></bndbox></object><object><name>Cisto Vi&#225;vel</name><pose>Unspecified</pose><truncated>0</truncated><difficult>0</difficult><bndbox><xmin>453</xmin><ymin>321</ymin><xmax>512</xmax><ymax>365</ymax></bndbox></object></annotation>