<annotation><folder>images</folder><filename>Cisto929.jpg</filename><path>images/Cisto929.jpg</path><source><database>darwin</database></source><size><width>640</width><height>480</height><depth>3</depth></size><segmented>0</segmented><object><name>Cisto Invi&#225;vel</name><pose>Unspecified</pose><truncated>0</truncated><difficult>0</difficult><bndbox><xmin>204</xmin><ymin>403</ymin><xmax>265</xmax><ymax>480</ymax></bndbox></object><object><name>Cisto Vi&#225;vel</name><pose>Unspecified</pose><truncated>0</truncated><difficult>0</difficult><bndbox><xmin>154</xmin><ymin>154</ymin><xmax>202</xmax><ymax>193</ymax></bndbox></object><object><name>Cisto Invi&#225;vel</name><pose>Unspecified</pose><truncated>0</truncated><difficult>0</difficult><bndbox><xmin>235</xmin><ymin>81</ymin><xmax>272</xmax><ymax>115</ymax></bndbox></object></annotation>