<annotation><folder>images</folder><filename>Cisto860.jpg</filename><path>images/Cisto860.jpg</path><source><database>darwin</database></source><size><width>640</width><height>480</height><depth>3</depth></size><segmented>0</segmented><object><name>Cisto Invi&#225;vel</name><pose>Unspecified</pose><truncated>0</truncated><difficult>0</difficult><bndbox><xmin>328</xmin><ymin>101</ymin><xmax>363</xmax><ymax>128</ymax></bndbox></object><object><name>Cisto Vi&#225;vel</name><pose>Unspecified</pose><truncated>0</truncated><difficult>0</difficult><bndbox><xmin>125</xmin><ymin>161</ymin><xmax>169</xmax><ymax>199</ymax></bndbox></object></annotation>