<annotation><folder>images</folder><filename>Cisto698.jpg</filename><path>images/Cisto698.jpg</path><source><database>darwin</database></source><size><width>640</width><height>480</height><depth>3</depth></size><segmented>0</segmented><object><name>Cisto Vi&#225;vel</name><pose>Unspecified</pose><truncated>0</truncated><difficult>0</difficult><bndbox><xmin>272</xmin><ymin>236</ymin><xmax>303</xmax><ymax>298</ymax></bndbox></object><object><name>Cisto Invi&#225;vel</name><pose>Unspecified</pose><truncated>0</truncated><difficult>0</difficult><bndbox><xmin>385</xmin><ymin>289</ymin><xmax>416</xmax><ymax>323</ymax></bndbox></object><object><name>Cisto Invi&#225;vel</name><pose>Unspecified</pose><truncated>0</truncated><difficult>0</difficult><bndbox><xmin>304</xmin><ymin>226</ymin><xmax>336</xmax><ymax>248</ymax></bndbox></object></annotation>