<annotation><folder>images</folder><filename>Cisto422.jpg</filename><path>images/Cisto422.jpg</path><source><database>darwin</database></source><size><width>640</width><height>480</height><depth>3</depth></size><segmented>0</segmented><object><name>Cisto Vi&#225;vel</name><pose>Unspecified</pose><truncated>0</truncated><difficult>0</difficult><bndbox><xmin>157</xmin><ymin>146</ymin><xmax>222</xmax><ymax>205</ymax></bndbox></object><object><name>Cisto Invi&#225;vel</name><pose>Unspecified</pose><truncated>0</truncated><difficult>0</difficult><bndbox><xmin>562</xmin><ymin>166</ymin><xmax>617</xmax><ymax>218</ymax></bndbox></object></annotation>