<annotation><folder>images</folder><filename>Cisto723.jpg</filename><path>images/Cisto723.jpg</path><source><database>darwin</database></source><size><width>640</width><height>480</height><depth>3</depth></size><segmented>0</segmented><object><name>Cisto Vi&#225;vel</name><pose>Unspecified</pose><truncated>0</truncated><difficult>0</difficult><bndbox><xmin>178</xmin><ymin>217</ymin><xmax>234</xmax><ymax>263</ymax></bndbox></object><object><name>Cisto Invi&#225;vel</name><pose>Unspecified</pose><truncated>0</truncated><difficult>0</difficult><bndbox><xmin>595</xmin><ymin>143</ymin><xmax>627</xmax><ymax>170</ymax></bndbox></object></annotation>