<annotation><folder>images</folder><filename>Cisto282.jpg</filename><path>images/Cisto282.jpg</path><source><database>darwin</database></source><size><width>640</width><height>480</height><depth>3</depth></size><segmented>0</segmented><object><name>Cisto Invi&#225;vel</name><pose>Unspecified</pose><truncated>0</truncated><difficult>0</difficult><bndbox><xmin>246</xmin><ymin>200</ymin><xmax>301</xmax><ymax>255</ymax></bndbox></object><object><name>Cisto Invi&#225;vel</name><pose>Unspecified</pose><truncated>0</truncated><difficult>0</difficult><bndbox><xmin>227</xmin><ymin>176</ymin><xmax>262</xmax><ymax>202</ymax></bndbox></object></annotation>