<annotation><folder>images</folder><filename>Cisto134.jpg</filename><path>images/Cisto134.jpg</path><source><database>darwin</database></source><size><width>640</width><height>480</height><depth>3</depth></size><segmented>0</segmented><object><name>Cisto Vi&#225;vel</name><pose>Unspecified</pose><truncated>0</truncated><difficult>0</difficult><bndbox><xmin>193</xmin><ymin>195</ymin><xmax>253</xmax><ymax>239</ymax></bndbox></object><object><name>Cisto Vi&#225;vel</name><pose>Unspecified</pose><truncated>0</truncated><difficult>0</difficult><bndbox><xmin>378</xmin><ymin>252</ymin><xmax>418</xmax><ymax>292</ymax></bndbox></object></annotation>