<annotation><folder>images</folder><filename>Cisto704.jpg</filename><path>images/Cisto704.jpg</path><source><database>darwin</database></source><size><width>640</width><height>480</height><depth>3</depth></size><segmented>0</segmented><object><name>Cisto Invi&#225;vel</name><pose>Unspecified</pose><truncated>0</truncated><difficult>0</difficult><bndbox><xmin>7</xmin><ymin>124</ymin><xmax>65</xmax><ymax>186</ymax></bndbox></object><object><name>Cisto Vi&#225;vel</name><pose>Unspecified</pose><truncated>0</truncated><difficult>0</difficult><bndbox><xmin>463</xmin><ymin>246</ymin><xmax>506</xmax><ymax>300</ymax></bndbox></object></annotation>