<annotation><folder>images</folder><filename>Cisto470.jpg</filename><path>images/Cisto470.jpg</path><source><database>darwin</database></source><size><width>640</width><height>480</height><depth>3</depth></size><segmented>0</segmented><object><name>Cisto Invi&#225;vel</name><pose>Unspecified</pose><truncated>0</truncated><difficult>0</difficult><bndbox><xmin>572</xmin><ymin>2</ymin><xmax>642</xmax><ymax>64</ymax></bndbox></object><object><name>Cisto Invi&#225;vel</name><pose>Unspecified</pose><truncated>0</truncated><difficult>0</difficult><bndbox><xmin>424</xmin><ymin>12</ymin><xmax>522</xmax><ymax>71</ymax></bndbox></object><object><name>Cisto Vi&#225;vel</name><pose>Unspecified</pose><truncated>0</truncated><difficult>0</difficult><bndbox><xmin>194</xmin><ymin>132</ymin><xmax>249</xmax><ymax>180</ymax></bndbox></object><object><name>Cisto Vi&#225;vel</name><pose>Unspecified</pose><truncated>0</truncated><difficult>0</difficult><bndbox><xmin>305</xmin><ymin>50</ymin><xmax>347</xmax><ymax>95</ymax></bndbox></object></annotation>