<annotation><folder>images</folder><filename>Cisto380.jpg</filename><path>images/Cisto380.jpg</path><source><database>darwin</database></source><size><width>640</width><height>480</height><depth>3</depth></size><segmented>0</segmented><object><name>Cisto Vi&#225;vel</name><pose>Unspecified</pose><truncated>0</truncated><difficult>0</difficult><bndbox><xmin>212</xmin><ymin>128</ymin><xmax>269</xmax><ymax>200</ymax></bndbox></object><object><name>Cisto Vi&#225;vel</name><pose>Unspecified</pose><truncated>0</truncated><difficult>0</difficult><bndbox><xmin>150</xmin><ymin>287</ymin><xmax>200</xmax><ymax>333</ymax></bndbox></object></annotation>