<annotation><folder>images</folder><filename>Cisto173.jpg</filename><path>images/Cisto173.jpg</path><source><database>darwin</database></source><size><width>640</width><height>480</height><depth>3</depth></size><segmented>0</segmented><object><name>Cisto Invi&#225;vel</name><pose>Unspecified</pose><truncated>0</truncated><difficult>0</difficult><bndbox><xmin>84</xmin><ymin>94</ymin><xmax>153</xmax><ymax>149</ymax></bndbox></object><object><name>Cisto Vi&#225;vel</name><pose>Unspecified</pose><truncated>0</truncated><difficult>0</difficult><bndbox><xmin>321</xmin><ymin>199</ymin><xmax>397</xmax><ymax>273</ymax></bndbox></object></annotation>