<annotation><folder>images</folder><filename>Cisto579.jpg</filename><path>images/Cisto579.jpg</path><source><database>darwin</database></source><size><width>640</width><height>480</height><depth>3</depth></size><segmented>0</segmented><object><name>Cisto Invi&#225;vel</name><pose>Unspecified</pose><truncated>0</truncated><difficult>0</difficult><bndbox><xmin>314</xmin><ymin>156</ymin><xmax>366</xmax><ymax>219</ymax></bndbox></object><object><name>Cisto Invi&#225;vel</name><pose>Unspecified</pose><truncated>0</truncated><difficult>0</difficult><bndbox><xmin>50</xmin><ymin>234</ymin><xmax>89</xmax><ymax>281</ymax></bndbox></object></annotation>