<annotation><folder>images</folder><filename>Cisto815.jpg</filename><path>images/Cisto815.jpg</path><source><database>darwin</database></source><size><width>640</width><height>480</height><depth>3</depth></size><segmented>0</segmented><object><name>Cisto Invi&#225;vel</name><pose>Unspecified</pose><truncated>0</truncated><difficult>0</difficult><bndbox><xmin>31</xmin><ymin>166</ymin><xmax>84</xmax><ymax>204</ymax></bndbox></object><object><name>Cisto Invi&#225;vel</name><pose>Unspecified</pose><truncated>0</truncated><difficult>0</difficult><bndbox><xmin>111</xmin><ymin>150</ymin><xmax>183</xmax><ymax>212</ymax></bndbox></object><object><name>Cisto Invi&#225;vel</name><pose>Unspecified</pose><truncated>0</truncated><difficult>0</difficult><bndbox><xmin>280</xmin><ymin>86</ymin><xmax>340</xmax><ymax>136</ymax></bndbox></object></annotation>