<annotation><folder>images</folder><filename>Cisto434.jpg</filename><path>images/Cisto434.jpg</path><source><database>darwin</database></source><size><width>640</width><height>480</height><depth>3</depth></size><segmented>0</segmented><object><name>Cisto Vi&#225;vel</name><pose>Unspecified</pose><truncated>0</truncated><difficult>0</difficult><bndbox><xmin>138</xmin><ymin>206</ymin><xmax>193</xmax><ymax>254</ymax></bndbox></object><object><name>Cisto Invi&#225;vel</name><pose>Unspecified</pose><truncated>0</truncated><difficult>0</difficult><bndbox><xmin>510</xmin><ymin>47</ymin><xmax>588</xmax><ymax>105</ymax></bndbox></object><object><name>Cisto Invi&#225;vel</name><pose>Unspecified</pose><truncated>0</truncated><difficult>0</difficult><bndbox><xmin>359</xmin><ymin>70</ymin><xmax>455</xmax><ymax>132</ymax></bndbox></object></annotation>