<annotation><folder>images</folder><filename>Cisto945.jpg</filename><path>images/Cisto945.jpg</path><source><database>darwin</database></source><size><width>640</width><height>480</height><depth>3</depth></size><segmented>0</segmented><object><name>Cisto Invi&#225;vel</name><pose>Unspecified</pose><truncated>0</truncated><difficult>0</difficult><bndbox><xmin>387</xmin><ymin>390</ymin><xmax>444</xmax><ymax>429</ymax></bndbox></object><object><name>Cisto Vi&#225;vel</name><pose>Unspecified</pose><truncated>0</truncated><difficult>0</difficult><bndbox><xmin>68</xmin><ymin>107</ymin><xmax>108</xmax><ymax>145</ymax></bndbox></object></annotation>