<annotation><folder>images</folder><filename>Cisto549.jpg</filename><path>images/Cisto549.jpg</path><source><database>darwin</database></source><size><width>640</width><height>480</height><depth>3</depth></size><segmented>0</segmented><object><name>Cisto Invi&#225;vel</name><pose>Unspecified</pose><truncated>0</truncated><difficult>0</difficult><bndbox><xmin>123</xmin><ymin>31</ymin><xmax>175</xmax><ymax>75</ymax></bndbox></object><object><name>Cisto Invi&#225;vel</name><pose>Unspecified</pose><truncated>0</truncated><difficult>0</difficult><bndbox><xmin>335</xmin><ymin>337</ymin><xmax>381</xmax><ymax>379</ymax></bndbox></object></annotation>