<annotation><folder>images</folder><filename>Cisto155.jpg</filename><path>images/Cisto155.jpg</path><source><database>darwin</database></source><size><width>640</width><height>480</height><depth>3</depth></size><segmented>0</segmented><object><name>Cisto Invi&#225;vel</name><pose>Unspecified</pose><truncated>0</truncated><difficult>0</difficult><bndbox><xmin>57</xmin><ymin>256</ymin><xmax>118</xmax><ymax>307</ymax></bndbox></object><object><name>Cisto Invi&#225;vel</name><pose>Unspecified</pose><truncated>0</truncated><difficult>0</difficult><bndbox><xmin>237</xmin><ymin>178</ymin><xmax>293</xmax><ymax>235</ymax></bndbox></object><object><name>Cisto Invi&#225;vel</name><pose>Unspecified</pose><truncated>0</truncated><difficult>0</difficult><bndbox><xmin>300</xmin><ymin>306</ymin><xmax>382</xmax><ymax>352</ymax></bndbox></object><object><name>Cisto Vi&#225;vel</name><pose>Unspecified</pose><truncated>0</truncated><difficult>0</difficult><bndbox><xmin>90</xmin><ymin>209</ymin><xmax>140</xmax><ymax>253</ymax></bndbox></object><object><name>Cisto Vi&#225;vel</name><pose>Unspecified</pose><truncated>0</truncated><difficult>0</difficult><bndbox><xmin>261</xmin><ymin>312</ymin><xmax>298</xmax><ymax>363</ymax></bndbox></object><object><name>Cisto Vi&#225;vel</name><pose>Unspecified</pose><truncated>0</truncated><difficult>0</difficult><bndbox><xmin>302</xmin><ymin>271</ymin><xmax>337</xmax><ymax>307</ymax></bndbox></object><object><name>Cisto Vi&#225;vel</name><pose>Unspecified</pose><truncated>0</truncated><difficult>0</difficult><bndbox><xmin>290</xmin><ymin>202</ymin><xmax>329</xmax><ymax>247</ymax></bndbox></object><object><name>Cisto Vi&#225;vel</name><pose>Unspecified</pose><truncated>0</truncated><difficult>0</difficult><bndbox><xmin>329</xmin><ymin>194</ymin><xmax>367</xmax><ymax>240</ymax></bndbox></object><object><name>Cisto Vi&#225;vel</name><pose>Unspecified</pose><truncated>0</truncated><difficult>0</difficult><bndbox><xmin>360</xmin><ymin>173</ymin><xmax>397</xmax><ymax>220</ymax></bndbox></object><object><name>Cisto Vi&#225;vel</name><pose>Unspecified</pose><truncated>0</truncated><difficult>0</difficult><bndbox><xmin>342</xmin><ymin>133</ymin><xmax>382</xmax><ymax>174</ymax></bndbox></object><object><name>Cisto Vi&#225;vel</name><pose>Unspecified</pose><truncated>0</truncated><difficult>0</difficult><bndbox><xmin>538</xmin><ymin>280</ymin><xmax>591</xmax><ymax>331</ymax></bndbox></object><object><name>Cisto Vi&#225;vel</name><pose>Unspecified</pose><truncated>0</truncated><difficult>0</difficult><bndbox><xmin>598</xmin><ymin>399</ymin><xmax>642</xmax><ymax>448</ymax></bndbox></object><object><name>Cisto Vi&#225;vel</name><pose>Unspecified</pose><truncated>0</truncated><difficult>0</difficult><bndbox><xmin>227</xmin><ymin>251</ymin><xmax>264</xmax><ymax>285</ymax></bndbox></object></annotation>