<annotation><folder>images</folder><filename>Cisto618.jpg</filename><path>images/Cisto618.jpg</path><source><database>darwin</database></source><size><width>640</width><height>480</height><depth>3</depth></size><segmented>0</segmented><object><name>Cisto Invi&#225;vel</name><pose>Unspecified</pose><truncated>0</truncated><difficult>0</difficult><bndbox><xmin>88</xmin><ymin>89</ymin><xmax>141</xmax><ymax>132</ymax></bndbox></object><object><name>Cisto Invi&#225;vel</name><pose>Unspecified</pose><truncated>0</truncated><difficult>0</difficult><bndbox><xmin>585</xmin><ymin>299</ymin><xmax>624</xmax><ymax>349</ymax></bndbox></object><object><name>Cisto Vi&#225;vel</name><pose>Unspecified</pose><truncated>0</truncated><difficult>0</difficult><bndbox><xmin>287</xmin><ymin>172</ymin><xmax>320</xmax><ymax>212</ymax></bndbox></object></annotation>