<annotation><folder>images</folder><filename>Cisto745.jpg</filename><path>images/Cisto745.jpg</path><source><database>darwin</database></source><size><width>640</width><height>480</height><depth>3</depth></size><segmented>0</segmented><object><name>Cisto Vi&#225;vel</name><pose>Unspecified</pose><truncated>0</truncated><difficult>0</difficult><bndbox><xmin>492</xmin><ymin>170</ymin><xmax>529</xmax><ymax>216</ymax></bndbox></object><object><name>Cisto Invi&#225;vel</name><pose>Unspecified</pose><truncated>0</truncated><difficult>0</difficult><bndbox><xmin>474</xmin><ymin>283</ymin><xmax>558</xmax><ymax>354</ymax></bndbox></object></annotation>