<annotation><folder>images</folder><filename>Cisto573.jpg</filename><path>images/Cisto573.jpg</path><source><database>darwin</database></source><size><width>640</width><height>480</height><depth>3</depth></size><segmented>0</segmented><object><name>Cisto Invi&#225;vel</name><pose>Unspecified</pose><truncated>0</truncated><difficult>0</difficult><bndbox><xmin>195</xmin><ymin>153</ymin><xmax>241</xmax><ymax>195</ymax></bndbox></object><object><name>Cisto Invi&#225;vel</name><pose>Unspecified</pose><truncated>0</truncated><difficult>0</difficult><bndbox><xmin>230</xmin><ymin>301</ymin><xmax>282</xmax><ymax>355</ymax></bndbox></object></annotation>